id,topic_id,item_type,hr_text,ua_translation,phonetic_note,audio_url,created_at,level,frequency_rank
000f397b-8cff-43f0-a175-2fc2f64f009e,,word,sjednica,засідання,Іменник (жін. рід),,2026-09-30 19:46:32.987066+00,B1,2833
001d3b4e-d8bf-44cc-ad46-8a1d9d0a3f92,,word,uzrok,причина,Іменник (чол. рід),,2026-09-30 18:55:51.229682+00,A2,506
002251ea-81f7-4221-b461-523f664de17e,,word,prebivalište,місце проживання,Іменник (сер. рід),,2026-09-30 19:13:58.595598+00,B1,1582
0023dc21-0a40-4129-885d-abfa8a8dcc7e,,word,valuta,валюта,Іменник (жін. рід),,2026-09-30 19:16:11.208603+00,A2,1674
004f8f63-050f-45fb-a8c0-a75ac77cbacc,,word,članak,стаття,Іменник (чол. рід),,2026-09-30 19:46:32.987066+00,A2,2841
005c2863-1660-4a77-a7f5-83aa1ad631ef,,word,kasnije,пізніше,Прислівник,,2026-09-30 18:54:20.802874+00,A1,429
005d780a-87f6-4138-8f77-57f47de50e78,,word,molekula,молекула,Іменник (жін. рід),,2026-09-30 19:16:18.104507+00,B1,1817
0063e9ee-f1ae-4968-ae16-0e7787733804,cdbe8d84-ac8f-4a14-850b-f3d49dab1e9a,word,struja,електрика,[стру́я],,2026-09-30 11:18:03.738799+00,A1,100
006a60d1-fb7a-4d04-b1a4-4381409ff9eb,,word,obnoviti,"відновити, реконструювати",Дієслово,,2026-09-30 19:43:27.289764+00,B1,2565
00858065-3cf2-4b11-afc4-5fd472897fbf,,word,cesta,дорога,Іменник (жін. рід),,2026-09-30 18:51:44.601106+00,A1,202
00998fa4-78d0-4947-a84d-0b34d212d78f,,word,kvantiteta,кількість,Іменник (жін. рід),,2026-09-30 19:07:18.68248+00,B1,994
00ee8766-1a56-4db5-9d47-3bc52fe146e7,,word,katastrofa,катастрофа,Іменник (жін. рід),,2026-09-30 19:16:11.208603+00,B1,1636
010088f9-ff68-4420-8cb3-2f2f592cf243,,word,temperatura,температура,Іменник (жін. рід),,2026-09-30 19:09:45.971373+00,A2,1219
011ad839-21b4-4eb8-a0f4-50dbdb7aff68,cdbe8d84-ac8f-4a14-850b-f3d49dab1e9a,word,soba,кімната,[со́ба],,2026-09-30 11:18:03.738799+00,A1,100
012df61f-5925-44e8-93c7-96054a163803,,word,drvo,дерево,Іменник (сер. рід),,2026-09-30 18:51:44.601106+00,A2,221
01368eeb-160b-475b-8e64-af63c55d6b39,,word,stupanj,"ступінь, градус",Іменник (чол. рід),,2026-09-30 18:57:19.23543+00,B1,636
0137d9b2-0080-4dc8-8948-070708a8f678,,word,slaviti,святкувати,Дієслово,,2026-09-30 19:43:27.289764+00,A2,2623
015ee14c-874f-43bb-a85f-d21bc859b5c4,,word,ekonomija,економіка,Іменник (жін. рід),,2026-09-30 18:55:51.229682+00,B1,560
01718d12-5fc6-469e-aa68-85c61a5b545b,,word,brojka,цифра,Іменник (жін. рід),,2026-09-30 18:57:19.23543+00,A2,690
01942996-54cc-4d26-8264-a2a19fdbb33b,,word,sigurno,напевно,Прислівник,,2026-09-30 19:37:28.32227+00,A2,2376
01d76348-a7c8-4607-983f-9a1bc6c33c0b,,word,etika,етика,Іменник (жін. рід),,2026-09-30 19:37:28.32227+00,B1,2401
01e654cb-ae6a-4722-9028-11d74cd6de1c,,word,šteta,шкода,Іменник (жін. рід),,2026-09-30 18:57:19.23543+00,A2,672
01fc2e38-c62f-4d65-88e0-abc97b3aeed3,,word,otkriće,відкриття,Іменник (сер. рід),,2026-09-30 19:43:27.289764+00,B1,2685
02000b08-6e1f-4db7-9689-a3114d945ca7,,word,zaraditi,заробити,Дієслово,,2026-09-30 19:43:27.289764+00,A2,2505
020be579-5a3a-4acb-8a9d-9d9dea34f1e8,9e3f6972-10fa-4c25-8fed-80a5148f5c44,phrase,Hvala lijepa.,Дуже дякую.,[Хва́ла ліє́па],,2026-09-30 11:18:02.743916+00,A1,100
020ca548-4c6c-4fec-97a4-c54d377211e4,,word,propis,припис,Іменник (чол. рід),,2026-09-30 19:43:27.289764+00,B1,2418
020d80c5-d11e-4d5c-a52c-281a00009e57,,word,prijetnja,загроза,Іменник (жін. рід),,2026-09-30 19:16:11.208603+00,B1,1633
021a2c14-9942-47da-96d6-cb63c423b092,,word,očarati,зачарувати,Дієслово,,2026-09-30 19:43:27.289764+00,B1,2606
021d4a86-4144-4360-9529-874933f22216,,word,ozdraviti,одужати,Дієслово,,2026-09-30 19:23:19.225661+00,B1,2044
0224f612-3060-4bc1-b180-7cca8142d03a,,word,rođendan,день народження,Іменник (чол. рід),,2026-09-30 18:53:00.692622+00,A2,360
022f1410-056b-46f2-88a2-7cd2d397b88c,,word,elektronika,електроніка,Іменник (жін. рід),,2026-09-30 19:16:18.104507+00,A2,1840
0231c2f2-9c60-4ce8-ab08-9a58e0dc75bb,,word,zakon,закон,Іменник (чол. рід),,2026-09-30 19:37:28.32227+00,A2,2421
023ca4d5-f34c-4077-a66f-5a77c83ffc2f,,word,vojska,армія,Іменник (жін. рід),,2026-09-30 19:37:28.32227+00,B1,2427
02784d4a-39d5-407b-92da-9733debf9bef,,word,porez,податок,Іменник (чол. рід),,2026-09-30 19:09:45.971373+00,A2,1183
02c11258-6e76-4de4-bb16-c3febfa8f3d4,,word,bolest,хвороба,Іменник (жін. рід),,2026-09-30 19:05:19.501424+00,A2,862
02c2334c-be8e-4302-84f0-79d141c4ffdd,,word,auto,авто,Іменник (чол. рід),,2026-09-30 19:11:45.674946+00,A1,1354
02fadf0d-84ec-497f-85dd-9dc832b72a73,,word,autor,автор,Іменник (чол. рід),,2026-09-30 18:55:51.229682+00,A2,579
02febcea-d800-4df6-88b1-2ed4f1e8fc20,,word,kanta,відро,Іменник (жін. рід),,2026-09-30 19:11:45.674946+00,A2,1469
033ad848-d588-4f79-bc5a-7976a00426b5,,word,utorak,вівторок,Іменник (чол. рід),,2026-09-30 18:51:44.601106+00,A1,248
033f8ac5-70d9-4da3-b1a9-a25c9a04efdd,,word,saznati,довідатися,Дієслово,,2026-09-30 19:43:27.289764+00,B1,2583
034359e8-7b48-45a3-94a6-e019be8b2fc3,,word,novčanica,банкнота,Іменник (жін. рід),,2026-09-30 19:13:58.595598+00,A2,1679
034af4e0-d669-4b5b-a40c-00ae1b92d486,,word,smještaj,житло,Іменник (чол. рід),,2026-09-30 19:11:45.674946+00,A2,1391
03793834-e079-4abd-9622-90222e245f5e,,word,glup,дурний,Якісний прикметник,,2026-09-30 19:43:27.289764+00,A2,2346
039efbea-7ad7-4efe-8823-c89d80552057,,word,ime,ім'я,Іменник (сер. рід),,2026-09-30 18:53:00.692622+00,A1,356
03b52462-fa01-45ff-b0cc-759a5ad0835e,bbe9211f-51f2-4654-a98f-528ffb57e9ad,phrase,"Trebam račun, molim.","Мені потрібен чек, будь ласка.","[Тре́бам ра́чун, мо́лім]",,2026-09-30 11:18:03.043652+00,A1,100
03c857e8-8996-4a8d-8a0d-9dcd367690d1,,word,obitelj,сім'я,Іменник,,2026-09-30 18:47:44.824275+00,A1,92
03cdbed7-7da5-4462-80b1-9c47e502b467,,word,sud,суд,Іменник (чол. рід),,2026-09-30 19:16:11.208603+00,A2,1599
03db72df-edda-4f99-9468-f020e4a91a69,,word,mišljenje,думка,Іменник (сер. рід),,2026-09-30 19:07:18.68248+00,A2,985
03e7e957-6820-4203-bd69-9fbf5ea8ae3e,,word,neuspješan,безуспішний,Якісний прикметник,,2026-09-30 19:37:28.32227+00,B1,2340
03e961fa-9102-4c5e-884a-0829325b6b53,,word,naručiti,замовити,Дієслово,,2026-09-30 19:23:19.225661+00,A2,2091
03eed17d-b2b8-4c82-ad71-d289da1ed993,,word,svjetlo,світло,Іменник (сер. рід),,2026-09-30 18:53:00.692622+00,A1,323
03f81613-5fb5-4ce6-ab70-74025a95bf0f,,word,uhititi,заарештувати,Дієслово,,2026-09-30 19:37:28.32227+00,B1,2481
040f84cb-09bb-42aa-997a-051d1302a8f0,,word,sukob,конфлікт,Іменник (чол. рід),,2026-09-30 19:02:53.78951+00,B1,782
0415b389-9209-44f4-92e7-bcd4c096350b,,word,stečaj,банкрутство,Іменник (чол. рід),,2026-09-30 19:13:58.595598+00,B1,1694
04266cae-e9e6-4528-95f9-eb46291f8b3d,,word,sreća,щастя,Іменник (жін. рід),,2026-09-30 19:07:18.68248+00,A1,1029
04322cfa-7f31-4585-aa64-faf833e49f92,,word,odvjetnik,адвокат,Іменник (чол. рід),,2026-09-30 19:11:45.674946+00,B1,1340
044a6afa-6c0e-4de4-bb85-3af7f6fd9376,,word,stranka,партія,Іменник (жін. рід),,2026-09-30 19:09:45.971373+00,B1,1290
046177a6-0c13-4afd-94e4-ec6faf166134,9e3f6972-10fa-4c25-8fed-80a5148f5c44,word,noć,ніч,[ноч],,2026-09-30 11:18:02.743916+00,A1,100
0462fa1f-c64d-4ed8-975e-290ba083e83c,,word,ponovno,знову,Прислівник,,2026-09-30 18:54:20.802874+00,A2,434
046b21ed-5871-4654-b4d4-ec95e1c4dc1f,,word,uhvatiti,"зловити, схопити",Дієслово,,2026-09-30 18:54:20.802874+00,A2,480
0481ba5b-a70c-447f-97c6-4e65e121370e,,word,mašta,уява,Іменник (жін. рід),,2026-09-30 19:34:28.835177+00,B1,2116
048243e3-b314-4a9b-b1b6-de9b18d4c54f,,word,širina,ширина,Іменник (жін. рід),,2026-09-30 19:34:28.835177+00,A2,2179
048406b8-7012-4d4b-b0d3-4e606012a2e6,,word,prijevod,переклад,Іменник (чол. рід),,2026-09-30 19:09:45.971373+00,A2,1128
04989204-869d-4e42-9d28-c9a723a78616,,word,poslušan,слухняний,Якісний прикметник,,2026-09-30 19:37:28.32227+00,B1,2309
0499b11c-b8b6-488d-82cf-f2b39f3bcf05,,word,zagonetka,загадка,Іменник (жін. рід),,2026-09-30 19:43:27.289764+00,B1,2688
049d3f7d-765e-45ea-83bf-b5c86f01f390,,word,zahtjev,заява,Іменник (чол. рід),,2026-09-30 19:13:58.595598+00,A2,1570
04a05635-1486-4716-bd62-2de038853071,,word,police,полиці,Іменник (жін. рід),,2026-09-30 19:11:45.674946+00,A2,1423
04a0aa01-a9a2-4e41-88f0-be2b45cdc3a3,,word,roba,товар,Іменник (жін. рід),,2026-09-30 19:46:32.987066+00,A2,2938
04ade0de-c818-45d5-a120-925cbf104459,,word,otvoren,відкритий,Якісний прикметник,,2026-09-30 18:57:19.23543+00,A2,627
04c25b75-04bc-4698-a33c-019c4a187cd5,,word,sto,сто,Числівник,,2026-09-30 18:51:44.601106+00,A1,276
04c85b87-a871-4380-8844-4acc55e15714,aef634c7-836d-4d7d-9ae4-41fa0012b5b3,phrase,Trebam ići doktoru.,Мені потрібно до лікаря.,[Тре́бам і́чі до́ктору],,2026-09-30 11:18:04.076329+00,A1,100
04ec22fa-88da-4f10-88b0-25b2f2dfd6d2,,word,izbivati,бути відсутнім,Дієслово,,2026-09-30 19:37:28.32227+00,B1,2454
04efae17-b028-4c47-9cd4-ce34bd339d07,,word,žrtva,жертва,Іменник (жін. рід),,2026-09-30 19:11:45.674946+00,B1,1344
04fa2705-16ab-4cd1-a5c7-4625386823ea,,word,prodavač,продавець,Іменник (чол. рід),,2026-09-30 19:13:58.595598+00,A1,1699
050fe661-74b3-4f3f-b9bd-5c13a90d3c1f,,word,zaposlenik,працівник,Іменник (чол. рід),,2026-09-30 19:46:32.987066+00,A2,2906
051a08fc-eadf-41cf-ade1-616235d7035a,,word,radio,радіо,Іменник (сер. рід),,2026-09-30 19:46:32.987066+00,A1,2846
0523c2a6-288e-42b8-b8a8-bfc399e9f8ec,,word,promijeniti,змінити,Дієслово,,2026-09-30 19:23:19.225661+00,A2,2097
05486043-376b-4e53-b952-e5fa028c9525,00000000-0000-0000-0000-000000000009,word,Hrana za pse,Корм для собак,,,2026-09-30 13:44:23.927236+00,A1,100
0549981d-f12f-45c6-a59f-0c29633743b0,,word,pojaviti se,з'явитися,Зворотне дієслово,,2026-09-30 19:43:27.289764+00,B1,2489
057b2ead-110f-41ae-bed5-268a7a173d6f,,word,okruglo,приблизно (про ціну),Прислівник,,2026-09-30 19:37:28.32227+00,B1,2363
05898bc0-e72f-4643-98b8-724d3fd89b79,,word,razina,рівень,Іменник (жін. рід),,2026-09-30 18:57:19.23543+00,B1,637
05cd121a-01f0-4aec-b704-be5151634982,,word,žalba,"апеляція, скарга",Іменник (жін. рід),,2026-09-30 19:16:11.208603+00,B1,1624
05daa87d-d424-42f2-8fe3-5bf1f87c577e,,word,intervju,інтерв'ю,Іменник (чол. рід),,2026-09-30 19:46:32.987066+00,A2,2842
05ebda35-a494-48d2-8bb2-7200bacc59eb,,word,igra,гра,Іменник (жін. рід),,2026-09-30 19:09:45.971373+00,A1,1158
05f05364-2f9d-4d6c-8de9-26e34df159c9,,word,strop,стеля,Іменник (чол. рід),,2026-09-30 19:11:45.674946+00,B1,1405
06137d10-2850-4546-8924-decb54ca20cf,,word,tri,три,Числівник,,2026-09-30 18:51:44.601106+00,A1,268
062ca064-0aba-48ca-a2a9-6026a466eec4,,word,povod,привід,Іменник (чол. рід),,2026-09-30 19:34:28.835177+00,B1,2161
063e42f5-6c3c-4856-926b-0f622920875f,,word,komad,"шматок, штука",Іменник (чол. рід),,2026-09-30 18:57:19.23543+00,A2,633
0653c60a-6879-427e-9abf-4286c8b94a6f,,word,susresti,зустріти,Дієслово,,2026-09-30 19:23:19.225661+00,A2,2018
0673dd34-5f37-4ada-9a62-796ac60da56f,,word,poljoprivreda,сільське господарство,Іменник (жін. рід),,2026-09-30 19:16:11.208603+00,B1,1653
0691101a-3feb-4970-b88a-eb94ea7121d1,,word,fotografirati,фотографувати,Дієслово,,2026-09-30 19:23:19.225661+00,A2,2005
0698ebbd-ceba-436a-9ef1-dda8cea7d255,,word,životinja,тварина,Іменник (жін. рід),,2026-09-30 18:51:44.601106+00,A2,223
06a78f21-bcfc-4bb9-a95e-6dac8ad0eb70,,word,zadržati,"зберегти, утримати",Дієслово,,2026-09-30 18:54:20.802874+00,A2,468
06b44dd6-76b6-4193-8a44-2032eb0feadc,,word,poslije,після,Прийменик / прислівник,,2026-09-30 18:50:08.476847+00,A1,123
06b7ea53-4217-42c6-ace9-09e0a430da63,,word,posljedica,наслідок,Іменник (жін. рід),,2026-09-30 19:43:27.289764+00,B1,2707
06bc6611-9f6c-4f9c-a905-3945c8aac420,,word,sastaviti,скласти,Дієслово,,2026-09-30 19:43:27.289764+00,B1,2546
06d26ea1-575a-4c34-abc0-492ee49265ef,,word,pregled,"огляд, обстеження",Іменник (чол. рід),,2026-09-30 19:16:11.208603+00,A2,1515
07076625-d765-4c25-841e-34e95974daad,,word,graditi,будувати,Дієслово дії,,2026-09-30 18:51:44.601106+00,A2,299
07272382-d0eb-4bab-9734-9bc074dc6c83,,word,zdrav,здоровий,Якісний прикметник,,2026-09-30 18:51:44.601106+00,A2,293
072acd9d-46b2-455a-be98-7ade6be188b2,,word,osam,вісім,Числівник,,2026-09-30 18:51:44.601106+00,A1,273
072e77c2-bff1-4b24-9775-d8fee5bb6fe3,,word,pravilo,правило,Іменник (сер. рід),,2026-09-30 19:07:18.68248+00,A2,989
073cf171-6287-43b8-bb11-56f1fe24d4f2,,word,pametan,розумний,Якісний прикметник,,2026-09-30 19:43:27.289764+00,A2,2345
0754a281-3609-4569-8886-91049cee18e3,,word,politika,політика,Іменник (жін. рід),,2026-09-30 19:43:27.289764+00,B1,2439
07bc9957-e567-42b5-880d-e9cc953536c8,,word,glas,голос,Іменник (чол. рід),,2026-09-30 18:53:00.692622+00,A2,388
07bf247f-c805-4765-a22c-75e49e2a719a,,word,slučaj,випадок,Іменник (чол. рід),,2026-09-30 19:46:32.987066+00,A2,2828
07c4351a-3262-4fb0-a19a-7efb50baa1cb,,word,koalicija,коаліція,Іменник (жін. рід),,2026-09-30 19:34:28.835177+00,B1,2150
07dbcd22-b7d6-4b66-a07e-c58dcb473262,,word,gravitacija,гравітація,Іменник (жін. рід),,2026-09-30 19:16:18.104507+00,B1,1821
07f76fee-3a55-40ee-addb-c6caadc5324f,,word,eksperiment,експеримент,Іменник (чол. рід),,2026-09-30 19:09:45.971373+00,B1,1147
08024c32-4fe2-4c50-a507-2b8472f0753b,9e3f6972-10fa-4c25-8fed-80a5148f5c44,phrase,Sve je u redu.,Все гаразд.,[Све є у ре́ду],,2026-09-30 11:18:02.743916+00,A1,100
08125e9f-84d4-41e1-8235-26aae9118f1b,,word,remen,ремінь,Іменник (чол. рід),,2026-09-30 19:11:45.674946+00,A2,1484
081994a7-4d14-4c31-a2ed-9fbf59013fae,,word,snimka,запис,Іменник (жін. рід),,2026-09-30 19:09:45.971373+00,B1,1109
0824e4e4-6980-44f0-bf56-59e75a7e943e,,word,ponosan,гордий,Якісний прикметник,,2026-09-30 19:37:28.32227+00,A2,2308
0862822f-a53c-4329-bd6a-a9a58af30597,,word,hrabrost,сміливість,Іменник (жін. рід),,2026-09-30 19:02:53.78951+00,B1,769
08779bc5-3502-4199-911f-2f3d548c401b,,word,investicija,інвестиція,Іменник (жін. рід),,2026-09-30 19:02:53.78951+00,B1,797
089f6aba-7991-4423-806b-a46d8dd1bd09,,word,privući,привабити,Дієслово,,2026-09-30 19:43:27.289764+00,B1,2607
08a5e87b-5c55-4569-b353-eb70b979e71c,,word,stranka,партія,Іменник (жін. рід),,2026-09-30 19:37:28.32227+00,B1,2438
08acb7a2-9c93-494a-b9e4-cbe5db81365a,,word,napamet,напам'ять,Прислівник,,2026-09-30 19:37:28.32227+00,A2,2384
08af1ce9-039e-4463-b077-65fc07d55207,,word,karta,квиток,Іменник (жін. рід),,2026-09-30 19:46:32.987066+00,A1,2801
08b155d3-c130-436a-ba4e-89b3ec311038,,word,kravata,краватка,Іменник (жін. рід),,2026-09-30 19:11:45.674946+00,A2,1483
08dc91a6-ad04-47a9-8313-fdeb5435b26c,,word,značenje,значення,Іменник (сер. рід),,2026-09-30 19:09:45.971373+00,B1,1127
08f3887e-6697-4ebe-aa8f-4268b1220de2,,word,vikati,кричати,Дієслово,,2026-09-30 19:43:27.289764+00,A2,2657
090e2782-57ed-4689-8f59-40cb850bd4b0,,word,zakon,закон,Іменник (чол. рід),,2026-09-30 19:43:27.289764+00,A2,2421
090f0c0c-e105-4851-9a8d-dcacf054ff36,,word,tableta,таблетка,Іменник (жін. рід),,2026-09-30 19:16:11.208603+00,A2,1519
091eb5ad-e18d-4c96-9f74-ac81b955ec09,,word,hlače,штани,Іменник (жін. рід),,2026-09-30 18:53:00.692622+00,A1,301
092e7d2d-2120-4316-95a3-7d6a8b3d3659,,word,bolesan,хворий,Якісний прикметник,,2026-09-30 19:34:28.835177+00,A1,2282
09332436-8054-4562-9f87-853fdfdda8e3,,word,zvuk,звук,Іменник (чол. рід),,2026-09-30 18:53:00.692622+00,A2,389
09381def-513f-4f54-8232-b5188d552a7d,,word,glazba,музика,Іменник (жін. рід),,2026-09-30 18:53:00.692622+00,A1,365
094bd549-0de6-4e54-b57f-5524fd768cf1,,word,oporavak,відновлення,Іменник (чол. рід),,2026-09-30 19:16:18.104507+00,B1,1794
096899d8-c7a9-4818-92e7-6a1cec234e2c,,word,liječenje,лікування,Іменник (сер. рід),,2026-09-30 19:05:19.501424+00,A2,863
099c5f33-ee66-4ed7-949e-6a3a985b71f5,,word,čekati,чекати,Дієслово,,2026-09-30 19:23:19.225661+00,A1,2036
099e6cc0-70e5-45d4-863e-7ad8978fafd4,,word,nerazuman,нерозумний,Якісний прикметник,,2026-09-30 19:43:27.289764+00,B1,2344
09bde5d6-c776-4791-bb1d-5a5af24b0623,,word,hladan,холодний,Якісний прикметник,,2026-09-30 18:50:08.476847+00,A1,137
09cd7d6b-4531-47e9-a5b6-9da12c9fe680,,word,spisi,"документи, справи","Іменник (чол. рід, мн.)",,2026-09-30 19:16:11.208603+00,B1,1563
09d67144-9b1b-4227-a1b0-0a35880d85fa,,word,sudjelovati,брати участь,Дієслово,,2026-09-30 19:43:27.289764+00,B1,2451
0a1e4421-1128-4d46-a331-83ccddc926d5,,word,siromašan,бідний,Якісний прикметник,,2026-09-30 18:51:44.601106+00,A2,292
0a219ca7-c2b6-4163-a2b7-c27a41a3d96c,,word,potpis,підпис,Іменник (чол. рід),,2026-09-30 19:16:11.208603+00,A2,1559
0a2231f2-64f7-4090-971b-12be540657e3,,word,ideja,ідея,Іменник (жін. рід),,2026-09-30 19:07:18.68248+00,A2,982
0a2eecd9-36e0-4e29-a10f-ce18686cb37a,,word,lekcija,урок,Іменник (жін. рід),,2026-09-30 18:53:00.692622+00,A1,380
0a48c6b7-7211-4fb6-824b-35feccfae0af,,word,razlika,різниця,Іменник (жін. рід),,2026-09-30 19:34:28.835177+00,A2,2134
0a4dad68-7a7b-4e27-91d1-c881af5dff9b,,word,poplava,повінь,Іменник (жін. рід),,2026-09-30 19:05:19.501424+00,B1,887
0a8f0474-bae8-4978-b654-b636dfcba935,,word,obavijest,повідомлення,Іменник (жін. рід),,2026-09-30 19:07:18.68248+00,B1,1097
0a8ff859-e6f6-4c1e-80ab-0bb9d5a17559,,word,opet,знову,Прислівник,,2026-09-30 18:50:08.476847+00,A1,130
0a928a52-d3a2-48a8-ad96-33d2275567fc,,word,bolnica,лікарня,Іменник (жін. рід),,2026-09-30 19:13:58.595598+00,A1,1539
0aaeb2ef-6ea5-424c-a1f7-4de1a6331dc9,,word,dostojanstvo,гідність,Іменник (сер. рід),,2026-09-30 19:37:28.32227+00,B1,2405
0ab83ceb-e360-4e23-8016-96b4db88d8ab,,word,lopov,злодій,Іменник (чол. рід),,2026-09-30 19:11:45.674946+00,A2,1346
0ac2bb39-2a16-40e0-a0fe-f967918d59c8,aef634c7-836d-4d7d-9ae4-41fa0012b5b3,dialogue_line,Pacijent: Dobar dan. Trebam nešto protiv bolova u grlu.,Добрий день. Мені потрібно щось від болю в горлі.,,,2026-09-30 11:18:04.076329+00,A1,100
0ae9c8de-fb08-4759-b240-5a2396bc72aa,,word,apartman,апартаменти,Іменник (чол. рід),,2026-09-30 19:07:18.68248+00,A1,1067
0aeb489f-b087-4f87-8f92-b7ceda2642e7,,word,sredina,середина,Іменник (жін. рід),,2026-09-30 19:34:28.835177+00,A1,2195
0afdfc3c-8ddd-496d-bf25-4ebd464eb2ff,,word,smijeh,сміх,Іменник (чол. рід),,2026-09-30 18:57:19.23543+00,A2,680
0b083540-56ea-4681-9f7a-0dcb0ee77696,,word,znanje,знання,Іменник (сер. рід),,2026-09-30 19:43:27.289764+00,A2,2718
0b2bfa16-72b1-4b84-811e-31b46044925d,,word,sastanak,зустріч,Іменник (чол. рід),,2026-09-30 18:53:00.692622+00,A2,339
0b4662ed-ef03-4bc0-99d5-e87b8f3db61b,,word,rizik,ризик,Іменник (чол. рід),,2026-09-30 19:13:58.595598+00,B1,1634
0b69b0d6-ef98-4807-8a01-b007aeda9a25,,word,diploma,диплом,Іменник (жін. рід),,2026-09-30 19:46:32.987066+00,A2,2885
0ba4e44f-c844-4cd8-8558-7dbff63fd260,,word,slab,слабкий,Якісний прикметник,,2026-09-30 18:51:44.601106+00,A2,290
0ba4fa5d-5a08-462f-9ac7-a2098089c6c1,,word,pažnja,увага,Іменник (жін. рід),,2026-09-30 18:55:51.229682+00,A2,513
0bb4594a-9ab0-4f40-959d-17ae94fc2027,,word,iznimka,виняток,Іменник (жін. рід),,2026-09-30 19:46:32.987066+00,B1,2875
0bcf8711-b22a-450d-baab-a730c82a7e5e,,word,trud,"зусилля, старання",Іменник (чол. рід),,2026-09-30 19:16:18.104507+00,B1,1707
0c13116e-9cfd-4ba2-b895-9db08e7ffb5e,aef634c7-836d-4d7d-9ae4-41fa0012b5b3,word,doktor,лікар,[до́ктор],,2026-09-30 11:18:04.076329+00,A1,100
0c1774b3-bf1c-4429-9680-601e78ec0ded,,word,ambijent,"амбієнт, середовище",Іменник (чол. рід),,2026-09-30 19:34:28.835177+00,B1,2200
0c265ded-4cb9-4126-82d6-7e79c877b821,,word,upaliti,увімкнути,Дієслово,,2026-09-30 18:54:20.802874+00,A2,486
0c2f6c4a-07a5-4d12-9639-9494e289c8d7,,word,plaža,пляж,Іменник (чол. рід),,2026-09-30 19:09:45.971373+00,A1,1240
0c4adece-f9de-4b04-8101-077fc414b712,,word,vrijeme,"погода, час",Іменник (сер. рід),,2026-09-30 19:05:19.501424+00,A1,876
0c5cd56d-2cf5-4f96-a64a-ef2e41d755b4,,word,ustanova,установа,Іменник (жін. рід),,2026-09-30 18:55:51.229682+00,B1,556
0c6c380a-bbd1-460c-921a-c734614377b2,,word,sadržaj,зміст,Іменник (чол. рід),,2026-09-30 19:46:32.987066+00,B1,2862
0ca16422-7a50-4444-a17f-1c9b95e34313,,word,tugovati,сумувати,Дієслово,,2026-09-30 19:43:27.289764+00,B1,2499
0ca170ce-0c18-4ee2-a2a9-db19db82130a,,word,primiti,отримати,Дієслово,,2026-09-30 19:23:19.225661+00,A2,1933
0cb93e4d-9c3a-4776-94c4-27b419fb1058,,word,gubitak,збиток,Іменник (чол. рід),,2026-09-30 19:16:11.208603+00,A2,1667
0d0204c6-1e57-4816-9199-184608603439,,word,izaći,вийти,Дієслово руху,,2026-09-30 18:50:08.476847+00,A1,181
0d174fde-8fa1-408d-a90b-e709c1e7673a,,word,boriti se,боротися,Зворотне дієслово,,2026-09-30 19:07:18.68248+00,B1,942
0d49fc59-e7a0-415c-8de8-c16e61a12b60,,word,analizirati,аналізувати,Дієслово,,2026-09-30 19:02:53.78951+00,B1,710
0d82db37-82d5-4bb0-bca2-40c18890fe8e,,word,klijent,клієнт,Іменник (чол. рід),,2026-09-30 18:55:51.229682+00,A2,600
0d8a023a-0cb9-466f-ae15-f82f9134699a,,word,trgovac,торговець,Іменник (чол. рід),,2026-09-30 18:55:51.229682+00,A2,586
0d9d0875-edfd-4989-b1e4-da51c31bbff9,,word,kapital,капітал,Іменник (чол. рід),,2026-09-30 19:13:58.595598+00,B1,1664
0dd86331-ac4f-4144-9211-585173b204cb,,word,mapa,папка,Іменник (жін. рід),,2026-09-30 19:16:18.104507+00,A2,1761
0df9abb0-30c5-471c-b439-e9f7bb4eb5ce,,word,produženje,продовження,Іменник (сер. рід),,2026-09-30 19:13:58.595598+00,B1,1578
0dfb62ff-bcea-477d-bc53-7651c60a3641,,word,liječnik,лікар,Іменник (чол. рід),,2026-09-30 18:55:51.229682+00,A2,572
0e0afb77-0d70-4924-814d-4acee145f469,,word,mir,мир,Іменник (чол. рід),,2026-09-30 19:43:27.289764+00,A2,2431
0e1b3775-f41a-4995-8e0a-2eefe4d56b20,,word,prijava,реєстрація,Іменник (жін. рід),,2026-09-30 19:07:18.68248+00,A2,1065
0e1ff78e-c370-4563-8cf3-1959cad78a42,9ff8ccfd-58f7-457d-9025-a5f1ee9d75df,word,stati,зупинитися,[ста́ті],,2026-09-30 11:18:03.517183+00,A1,100
0e23da5c-7dfe-4edb-8560-52d9d97497fd,,word,vjerovati,вірити,Дієслово почуттів,,2026-09-30 18:50:08.476847+00,A2,191
0e381b79-6c2a-4cee-b5d7-2400d2641141,,word,razmišljati,міркувати,Дієслово,,2026-09-30 19:23:19.225661+00,A2,1962
0e3baf83-8915-4f6a-b192-30fe59e965f2,,word,unutra,всередині,Прислівник,,2026-09-30 19:37:28.32227+00,A1,2390
0e4d91c1-834f-40c2-99ad-cd2cd3f2a67e,,word,ambulanta,амбулаторія,Іменник (жін. рід),,2026-09-30 19:16:11.208603+00,A2,1541
0e6324cd-51e6-4418-bae1-41a4df1d1dcb,,word,iskren,щирий,Якісний прикметник,,2026-09-30 19:34:28.835177+00,A2,2297
0e7c3f99-b038-44e4-923d-83756bf17124,,word,putovnica,паспорт,Іменник (жін. рід),,2026-09-30 19:07:18.68248+00,A2,1063
0e82733c-7035-4ca8-8426-30fc56691920,,word,konačno,нарешті,Прислівник,,2026-09-30 19:37:28.32227+00,A2,2365
0e8e5372-4a88-4fe5-8e09-f279acfd3857,,word,domaćin,господар,Іменник (чол. рід),,2026-09-30 19:09:45.971373+00,A2,1278
0e92108a-3783-494a-8001-3043fc98ba01,,word,opuštanje,релаксація,Іменник (сер. рід),,2026-09-30 19:46:32.987066+00,B1,2785
0ec4f911-4b5b-4b6d-8cac-ac2606b57ecf,,word,tipkovnica,клавіатура,Іменник (жін. рід),,2026-09-30 18:53:00.692622+00,A2,350
0ece34f6-9a54-4571-9cd1-40ec177a33fe,,word,ordinacija,кабінет лікаря,Іменник (жін. рід),,2026-09-30 19:16:11.208603+00,B1,1542
0eea2caa-74d7-441d-b49c-3dd9d59ac88a,,word,vrijeme,погода,Іменник (сер. рід),,2026-09-30 19:09:45.971373+00,A1,1218
0ef2f399-124e-48c2-bdf4-186c2526450a,,word,složiti se,погодитися,Зворотне дієслово,,2026-09-30 19:02:53.78951+00,B1,716
0f044198-5463-4d94-b478-aad3ef734221,,word,političar,політик,Іменник (чол. рід),,2026-09-30 19:11:45.674946+00,A2,1334
0f295c0c-73fc-4856-b8ec-83ed40447882,,word,sila,сила,Іменник (жін. рід),,2026-09-30 19:16:18.104507+00,A2,1827
0f37bd67-7fc2-46e3-bb3d-0fa71a631891,,word,planirati,планувати,Дієслово дії,,2026-09-30 18:50:08.476847+00,A2,199
0f3aaf05-8887-46d8-a97a-cb82947c6364,,word,muškarac,чоловік,Іменник (чол. рід),,2026-09-30 19:46:32.987066+00,A1,2989
0f497d9b-acfa-4852-9ea9-97d28f85c475,,word,plesati,танцювати,Дієслово,,2026-09-30 19:23:19.225661+00,A2,2009
0f506bbb-2d12-47da-a5cf-29f9b0b29404,,word,izgubiti,"втратити, програти",Дієслово,,2026-09-30 19:07:18.68248+00,A2,946
0f5c5a77-3ee3-42e6-a534-7e77bb0f4f98,,word,iznenađenje,здивування,Іменник (сер. рід),,2026-09-30 19:07:18.68248+00,A2,1038
0f62ecb2-e1a8-407c-a1a0-f23293c0f9bc,,word,zastarjelost,застарілість,Іменник (жін. рід),,2026-09-30 19:43:27.289764+00,B1,2681
0f76b414-5ad8-421d-9fa3-04f8e5df5039,,word,rat,війна,Іменник (чол. рід),,2026-09-30 18:53:00.692622+00,B1,392
0f789181-36fc-4f0c-81e1-c43bb2806df9,,word,snaći se,"зорієнтуватися, дати раду",Зворотне дієслово,,2026-09-30 19:07:18.68248+00,B1,941
0f792f9a-2382-4f3d-88ee-a94118f9466c,,word,opskrba,постачання,Іменник (жін. рід),,2026-09-30 19:16:18.104507+00,B1,1714
0f7a1c3f-0871-46ab-8841-cf4907691fa4,,word,posjetitelj,відвідувач,Іменник (чол. рід),,2026-09-30 18:55:51.229682+00,A2,597
0f8752ff-5b6c-4d72-87f1-d707bb5a4236,,word,glumac,актор,Іменник (чол. рід),,2026-09-30 19:16:18.104507+00,A2,1885
0fa4c02c-19d0-4b91-ba99-69c617e96849,,word,signal,сигнал,Іменник (чол. рід),,2026-09-30 19:16:18.104507+00,A2,1782
0fbfb6ca-383a-4785-b9c9-f6ce47ba7690,,word,slika,"картина, фото",Іменник (жін. рід),,2026-09-30 18:53:00.692622+00,A2,370
0fca88a0-8e90-45e6-846f-a849245e25af,,word,jezik,"мова, язик",Іменник,,2026-09-30 18:47:44.824275+00,A1,86
0fea79d2-5977-488b-9b25-65648c504076,,word,sudionik,учасник,Іменник (чол. рід),,2026-09-30 19:09:45.971373+00,B1,1162
0feff512-c1f6-4910-bcaf-24a285518ba8,,word,tlo,ґрунт,Іменник (сер. рід),,2026-09-30 19:09:45.971373+00,A2,1227
1001c2fd-b2ab-42ad-9047-37562d10ab83,,phrase,kružni tok,кільцева розв'язка,Вираз,,2026-09-30 19:11:45.674946+00,A2,1373
101d72a3-37f9-4541-b9ce-a05862aa8da8,,word,rijeka,річка,Іменник (жін. рід),,2026-09-30 18:53:00.692622+00,A2,334
101da2df-a895-421b-a94f-5afdfb594730,,word,postavke,налаштування,"Іменник (жін. рід, мн.)",,2026-09-30 19:16:18.104507+00,A2,1776
1020d021-d7c9-404f-aded-4941e46598a0,,word,doznati,дізнатися,Дієслово,,2026-09-30 19:43:27.289764+00,B1,2582
10274aff-1ad2-4b0d-b33f-4fb2fbec0c54,,word,pravilo,правило,Іменник (сер. рід),,2026-09-30 19:43:27.289764+00,A2,2420
102d75e2-cf52-4db7-b7e5-8293274e57f1,,word,trenutak,момент,Іменник (чол. рід),,2026-09-30 19:07:18.68248+00,A2,1011
104f0e08-0f93-4891-92ae-1c7d9968cd16,,word,pravda,справедливість,Іменник (жін. рід),,2026-09-30 18:53:00.692622+00,B1,394
105816d4-0d4e-4cad-9cf5-5026efd92468,,word,važiti,"мати силу, бути чинним",Дієслово,,2026-09-30 19:23:19.225661+00,B1,2071
105f06f4-a716-48bc-9ddf-b3b5496dd72a,,word,prijenos,"переказ, перенесення",Іменник (чол. рід),,2026-09-30 19:13:58.595598+00,B1,1685
106b56e0-9a43-40f7-9497-4736903cd76a,,word,jakna,куртка,Іменник (жін. рід),,2026-09-30 19:11:45.674946+00,A2,1473
107354f2-6ba1-4b1c-835f-306e2c36db86,,word,organizator,організатор,Іменник (чол. рід),,2026-09-30 19:09:45.971373+00,B1,1163
107bbf39-3773-4d12-bcb9-26d7050a3b7b,,word,čast,честь,Іменник (жін. рід),,2026-09-30 19:43:27.289764+00,B1,2404
1087c80c-19cd-438c-89db-cdbb449057a9,,word,nesiguran,невпевнений,Якісний прикметник,,2026-09-30 19:37:28.32227+00,B1,2325
1087fcf6-e888-4d26-93c7-ee6636df17a4,,word,savez,союз,Іменник (чол. рід),,2026-09-30 19:37:28.32227+00,B1,2434
10a2a643-b493-40dc-b43d-0ccdd8a563c3,,,mišljenje,"думка, погляд",Висловлення позиції,,2026-09-30 17:57:26.656448+00,B1,2001
10b00f20-a596-4b65-a7ed-1e154a47af0a,,word,obuhvatiti,охопити,Дієслово,,2026-09-30 19:23:19.225661+00,B1,2074
10d82bcf-6d56-473f-836f-d8ced34c1dc7,,word,elastičan,еластичний,Якісний прикметник,,2026-09-30 19:34:28.835177+00,B1,2242
11125fe3-4c07-41f9-ab88-abca3870ddde,,word,putovnica,паспорт,Іменник (жін. рід),,2026-09-30 19:11:45.674946+00,A2,1384
1129b166-b602-4b27-816d-9b0eb49378d2,,word,dok,"поки, доки",Підрядний сполучник,,2026-09-30 18:50:08.476847+00,A1,121
112b4a78-6a25-4005-8ab9-ac8aa3a21084,,word,poduzetništvo,підприємництво,Іменник (сер. рід),,2026-09-30 19:16:18.104507+00,B1,1701
115302b5-2ba9-4e1c-b063-9bce27949b4e,00000000-0000-0000-0000-000000000008,dialogue_line,Vlasnik: Dobar dan. Želim dogovoriti servis za Smart Forfour.,Власник: Доброго дня. Хочу записатися на сервіс для Smart Forfour.,,,2026-09-30 13:44:23.68813+00,A1,100
1187d6ed-1c06-4545-9463-0a50e3ceaab0,,word,odabrati,вибрати,Дієслово,,2026-09-30 18:54:20.802874+00,A2,464
11ae1f2d-70d7-46d4-b9eb-a50c4b4b1c3a,,word,majka,мати,Іменник,,2026-09-30 18:47:44.824275+00,A1,94
11c0894a-89b3-451a-a7dc-cd03e1918e26,aef634c7-836d-4d7d-9ae4-41fa0012b5b3,phrase,Gdje je dežurna ljekarna?,Де чергова аптека?,[Ґдє є де́журна лєка́рна],,2026-09-30 11:18:04.076329+00,A1,100
11c5ee23-dfed-4269-8833-c152394316da,,word,količina,кількість,Іменник (жін. рід),,2026-09-30 19:43:27.289764+00,A2,2739
11cd1619-eebb-46fb-98c7-3c9e2147185a,,word,pomilovati,помилувати,Дієслово,,2026-09-30 19:43:27.289764+00,B1,2666
11d203a4-eea8-4bf2-9f10-ffa076c6b84e,6a50fa7b-a8d3-4cde-9039-ad17309ed1e2,word,slatko,солодке,[сла́тко],,2026-09-30 11:18:03.287284+00,A1,100
11f3dad4-2021-4c61-b77a-87d324f3d804,,word,bilo tko,будь-хто,Вираз,,2026-09-30 19:43:27.289764+00,B1,2359
120c76b3-eccc-49b3-8d8e-8e873d4bf718,,word,pamtiti,пам'ятати,Дієслово мислення,,2026-09-30 18:50:08.476847+00,A1,195
123bb93e-025f-4fd5-bed5-1644456c240a,,word,besplodan,неплідний,Якісний прикметник,,2026-09-30 19:43:27.289764+00,B1,2342
1244365c-70bb-466e-8048-088bb08bad0f,,word,ljekarnik,фармацевт,Іменник (чол. рід),,2026-09-30 19:16:11.208603+00,A2,1548
1247d378-3c0c-493e-9dc4-97e089dfe0a4,,word,ludost,"божевілля, дурість",Іменник (жін. рід),,2026-09-30 19:02:53.78951+00,B1,771
124b9979-f09f-43e0-843a-a1f1505ee593,,word,šprica,шприц,Іменник (жін. рід),,2026-09-30 19:16:11.208603+00,B1,1524
1267b4fc-f2f7-4c7d-bf0a-91f306470ab6,,word,padati,падати,Дієслово,,2026-09-30 19:02:53.78951+00,A2,728
129fb873-80c8-4454-8ab5-1ae7f9954603,,word,plodonosan,плідний,Якісний прикметник,,2026-09-30 19:43:27.289764+00,B1,2341
12b6a89b-0a94-4b64-a279-e600c8b5360c,,word,raspoloženje,настрій,Іменник (сер. рід),,2026-09-30 19:07:18.68248+00,B1,1028
12c4273b-39a8-43dc-a80f-cfa154f4aed9,,word,čuti,чути,Дієслово,,2026-09-30 19:23:19.225661+00,A1,1953
12c5d42a-b481-4605-81a1-ad470d524c97,,word,porez,податок,Іменник (чол. рід),,2026-09-30 19:13:58.595598+00,A2,1671
12d60789-cdc6-4469-aaa4-e8019747824d,,word,uskladiti,узгодити,Дієслово,,2026-09-30 19:43:27.289764+00,B1,2542
12e2caf2-f849-47af-93a9-a5aa3fecb6bf,,word,nigdje,ніде,Прислівник,,2026-09-30 19:37:28.32227+00,A2,2400
12f0071d-9cf5-476c-bcb6-6eab8d4517c0,,word,namjerno,навмисно,Прислівник,,2026-09-30 19:43:27.289764+00,B1,2373
12f84670-7630-493b-8ab1-feeec1c587a1,,word,zdravlje,здоров'я,Іменник (сер. рід),,2026-09-30 19:05:19.501424+00,A1,870
13287553-10da-4647-afcb-fd3c2f61afa4,,word,političar,політик,Іменник (чол. рід),,2026-09-30 19:09:45.971373+00,A2,1287
133a3531-b56e-4c26-825b-d3a44e9cc683,,word,pravnik,юрист,Іменник (чол. рід),,2026-09-30 19:11:45.674946+00,B1,1301
1354895f-24e5-4b01-b9da-07c2eec92aa0,9e3f6972-10fa-4c25-8fed-80a5148f5c44,word,jutro,ранок,[ю́тро],,2026-09-30 11:18:02.743916+00,A1,100
135861c2-7023-4750-95a5-88e8a76bbb41,,word,sigurnost,безпека,Іменник (жін. рід),,2026-09-30 19:16:11.208603+00,A2,1631
13680907-569b-4369-a8a8-9f1bea39bd59,,word,tepsija,"деко, пательня",Іменник (жін. рід),,2026-09-30 19:11:45.674946+00,B1,1447
13a3f261-da85-4321-8e53-260ae438ebe7,,word,dijaloz -> dijalog,діалог,Іменник (чол. рід),,2026-09-30 19:07:18.68248+00,A2,1094
13ad9f9d-72f0-42a1-a4b7-fe0534f4c44b,,word,stanovnik,житель,Іменник (чол. рід),,2026-09-30 19:09:45.971373+00,A2,1280
13b4dd28-1196-4561-97a5-69002a692744,,word,meso,м'ясо,Іменник (сер. рід),,2026-09-30 18:51:44.601106+00,A1,227
13b5d25c-00b4-4222-b3eb-ba6853d3ba09,,word,letjeti,летіти,Дієслово руху,,2026-09-30 18:50:08.476847+00,A2,185
13b722ec-8a39-4abe-9078-2f71bcf5802a,,word,naprotiv,навпаки,Прислівник,,2026-09-30 19:37:28.32227+00,B1,2356
13bdac11-6e60-4962-a833-df3853022cea,,word,prihod,дохід,Іменник (чол. рід),,2026-09-30 19:13:58.595598+00,B1,1668
140f9768-51dd-4767-b196-995204291fb0,,word,mi,ми,Особовий займенник (1 ос. мн.),,2026-09-30 18:47:44.824275+00,A1,20
141b2904-b13e-466a-8ce2-8f266140ddeb,,word,rizik,ризик,Іменник (чол. рід),,2026-09-30 19:16:11.208603+00,B1,1634
14227820-bd2a-47c3-bf2d-a71747118fde,,word,blagajnik,касир,Іменник (чол. рід),,2026-09-30 19:46:32.987066+00,A2,2930
145967ba-2006-477b-9bb4-923c16d94241,,word,ravnateljstvo,дирекція,Іменник (сер. рід),,2026-09-30 19:43:27.289764+00,B1,2412
1471f26b-6ec0-4891-8f04-fa0c22c90adb,,word,autoritet,авторитет,Іменник (чол. рід),,2026-09-30 19:43:27.289764+00,B1,2407
1477d062-e9a8-44ae-97d8-6fdcd40f55be,6a50fa7b-a8d3-4cde-9039-ad17309ed1e2,phrase,Što preporučujete?,Що ви рекомендуєте?,[Што препору́чуєте],,2026-09-30 11:18:03.287284+00,A1,100
1485e44e-5020-42da-aea6-3bff5c73feb6,,word,slaviti,святкувати,Дієслово,,2026-09-30 19:07:18.68248+00,A2,913
148fec8a-fc81-4272-8781-d0a40c611ef5,,word,nebo,небо,Іменник (сер. рід),,2026-09-30 18:51:44.601106+00,A1,220
14a3bc02-3ded-4ba4-ade9-379680abd6bc,,word,sirup,сироп,Іменник (чол. рід),,2026-09-30 19:16:11.208603+00,A2,1520
14aa7ea1-492e-4226-bcce-62324298d7f7,,word,lijek,ліки,Іменник (чол. рід),,2026-09-30 19:16:11.208603+00,A1,1518
14cd923d-70cf-439a-b594-08ddb00e7c2c,,word,isplivati,сплисти,Дієслово,,2026-09-30 19:37:28.32227+00,B1,2473
14eb0cd7-78a8-4f0b-95da-408df519c29c,,word,ostvariti,"здійснити, реалізувати",Дієслово,,2026-09-30 19:07:18.68248+00,B1,931
150f4c26-9b47-4ce0-81af-e5424a489f8b,,word,događaj,подія,Іменник (чол. рід),,2026-09-30 19:07:18.68248+00,A2,1087
151c968d-aada-469d-8e83-078dc81a1591,,word,propisati,виписати (рецепт),Дієслово,,2026-09-30 19:43:27.289764+00,B1,2635
1534c138-3ea9-4335-a8b4-5a9ac976a8c5,,word,narod,народ,Іменник (чол. рід),,2026-09-30 18:55:51.229682+00,A2,551
1557b032-2f1a-411d-bcea-8ae26dfba0f8,,word,pasti,впасти,Дієслово,,2026-09-30 18:54:20.802874+00,A2,479
158f0a80-329d-4aef-93db-ec92584ebcc8,,word,usporiti,сповільнити,Дієслово,,2026-09-30 19:43:27.289764+00,B1,2536
15a1b0a0-6080-4075-9618-786f7b5d6c7f,,word,prehlada,застуда,Іменник (жін. рід),,2026-09-30 19:13:58.595598+00,A2,1533
15a8d8c2-c30d-48e6-b02e-4fc61aa401cf,,word,poslati,надіслати,Дієслово,,2026-09-30 19:23:19.225661+00,A2,1932
15b583c5-4606-411b-8dea-f2b33452282e,,word,ustati,встати,Дієслово,,2026-09-30 19:23:19.225661+00,A2,1909
15bbca37-ba6d-4656-a24a-2d8904a3abf9,,word,vruć,гарячий,Якісний прикметник,,2026-09-30 19:34:28.835177+00,A1,2260
15bd7ce4-b381-4480-824c-6c25c4103e0a,,word,boja,колір,Іменник (жін. рід),,2026-09-30 18:54:20.802874+00,A1,413
15be30eb-65f5-485c-a299-c0fa2b5b40a4,,word,obveza,зобов'язання,Іменник (жін. рід),,2026-09-30 19:05:19.501424+00,B1,847
15de15e5-6fb6-4eca-90ed-97d9c5be3d96,,word,strategija,стратегія,Іменник (жін. рід),,2026-09-30 19:05:19.501424+00,B1,817
15e6f382-5098-4429-ba72-71ff3b4fca22,,word,inovacija,інновація,Іменник (жін. рід),,2026-09-30 19:43:27.289764+00,B1,2683
15ee7c12-716a-4b6e-b5fc-3cab3d016c56,,word,resurs,ресурс,Іменник (чол. рід),,2026-09-30 19:05:19.501424+00,B1,819
16026271-eb26-4f2b-aa9e-300961238424,,word,veličina,"розмір, величина",Іменник (жін. рід),,2026-09-30 18:54:20.802874+00,A2,411
16151074-613a-42e2-ab5a-a2a57144b614,,word,šetati,гуляти,Дієслово,,2026-09-30 19:37:28.32227+00,A1,2462
1658e40a-81c2-4fa1-a76e-4c223e0624fa,,phrase,životni vijek,тривалість життя,Вираз,,2026-09-30 19:16:11.208603+00,B1,1510
165a9453-cb92-4ff0-8889-07faa6371c95,,word,vatrogasac,пожежник,Іменник (чол. рід),,2026-09-30 18:55:51.229682+00,A2,571
1686ff61-0160-4253-afd1-80dc3f932a2c,,word,uvjet,умова,Іменник (чол. рід),,2026-09-30 19:05:19.501424+00,A2,846
1695b798-4ad9-487a-bee4-8e90d71b1b6f,,word,znanost,наука,Іменник (жін. рід),,2026-09-30 19:46:32.987066+00,B1,2887
16b7bc2a-5e60-492c-9a83-a69bdef1e312,,word,utopiti se,втопитися,Зворотне дієслово,,2026-09-30 19:43:27.289764+00,B1,2476
16c9747a-f927-437b-8325-4c502155cab7,,word,nesreća,нещасний випадок,Іменник (жін. рід),,2026-09-30 19:34:28.835177+00,A2,2218
16d0b1f5-267f-4250-b2b5-8c0f4c235dcc,,word,jaje,яйце,Іменник (сер. рід),,2026-09-30 18:51:44.601106+00,A1,233
16f30dde-a38d-4d0c-bef7-551a77b887a2,,word,preuzimanje,завантаження,Іменник (сер. рід),,2026-09-30 19:16:18.104507+00,B1,1778
16f6b474-4d25-4964-a9b1-87dc09919c97,,word,lagan,легкий,Якісний прикметник,,2026-09-30 19:02:53.78951+00,A1,733
17107fd7-d80c-4aae-81d0-651186c3a726,,word,strop,стеля,Іменник (чол. рід),,2026-09-30 19:34:28.835177+00,B1,2233
17339d53-554b-4413-aa30-f76c86e1cc66,,word,otvoriti,відчинити,Дієслово дії,,2026-09-30 18:50:08.476847+00,A1,175
173bcc7b-543d-467e-afa0-13411d23b70d,,word,centar,центр,Іменник (чол. рід),,2026-09-30 19:34:28.835177+00,A1,2196
173c941c-d561-4ed1-9ca9-ab7c7a0685bd,,word,ishod,підсумок,Іменник (чол. рід),,2026-09-30 19:16:18.104507+00,B1,1709
1750600a-9aa4-439c-bac9-0c8997268235,,word,stupanj,ступінь,Іменник (чол. рід),,2026-09-30 19:16:18.104507+00,B1,1740
176d1d06-649d-4ce5-9fdb-9b7c31e3b2d9,,word,čovjek,людина,Іменник (чол. рід),,2026-09-30 18:47:44.824275+00,A1,63
177ec25b-7822-4e8a-b3cf-4fc493e83ec3,,word,plaža,пляж,Іменник (чол. рід),,2026-09-30 18:51:44.601106+00,A1,215
178b7d18-f92c-468b-baf1-560d3154dcc6,,word,tko,хто,Питальний займенник,,2026-09-30 18:47:44.824275+00,A1,30
178fd94e-5eed-43b4-9799-9563b14a8321,,word,sakriti se,сховатися,Зворотне дієслово,,2026-09-30 19:37:28.32227+00,B1,2488
179d81a5-a8f8-4c8a-b298-42016957a788,,word,putovati,подорожувати,Дієслово,,2026-09-30 19:43:27.289764+00,A2,2456
17a03e05-63ee-42a3-b599-d965d6863372,9ff8ccfd-58f7-457d-9025-a5f1ee9d75df,word,pravo,прямо,[пра́во],,2026-09-30 11:18:03.517183+00,A1,100
17bc5586-1c66-404d-9917-45f5e258b781,,word,odnijeti,віднести,Дієслово,,2026-09-30 18:54:20.802874+00,A2,463
17bcd025-a8dc-4988-9faf-514850e5f257,,word,značaj,"значення, важливість",Іменник (чол. рід),,2026-09-30 18:57:19.23543+00,B1,669
17c6f5a7-6d8a-4eb8-b925-a8e04fb82e12,,word,posuđe,посуд,Іменник (сер. рід),,2026-09-30 19:11:45.674946+00,A2,1439
17dcdcfc-31d6-4451-a4f3-cf680b10b528,,word,prigovor,"заперечення, скарга",Іменник (чол. рід),,2026-09-30 19:16:11.208603+00,B1,1573
17e28d9b-aaa5-46fb-ae72-9da07d718f0c,,word,bijes,лють,Іменник (чол. рід),,2026-09-30 19:07:18.68248+00,B1,1033
17e6bcbc-49c9-442d-b4fb-44f09b40b78d,,word,zato,тому,Прислівник / сполучник,,2026-09-30 18:50:08.476847+00,A1,118
17f8b341-3904-4172-b997-276a23fd2ef0,00000000-0000-0000-0000-000000000009,dialogue_line,Veterinar: Kako se zove pas? Je li to australski ovčar?,Ветеринар: Як звати собаку? Це австралійська вівчарка?,,,2026-09-30 13:44:23.927236+00,A1,100
17ff7519-375f-42a0-9f53-73c972225130,,word,odjaviti se,виписатися,Зворотне дієслово,,2026-09-30 19:07:18.68248+00,B1,922
18083cc4-6eb8-4660-9a2f-8ea4bc2bf8b0,,word,gost,гість,Іменник (чол. рід),,2026-09-30 18:55:51.229682+00,A1,547
18173bb4-b510-4675-a212-4f561d6e75cd,,word,putovati,подорожувати,Дієслово,,2026-09-30 19:37:28.32227+00,A2,2456
1835cbf3-f61a-424e-bdcc-c52cb814dc0d,,word,kultura,культура,Іменник (жін. рід),,2026-09-30 19:43:27.289764+00,A1,2747
1836d8b9-ec51-4b44-99a5-1e8560ac368a,,word,vlast,влада,Іменник (жін. рід),,2026-09-30 19:37:28.32227+00,B1,2410
184cb828-6e13-4599-84d1-83438793dd82,,word,naprotiv,навпаки,Прислівник,,2026-09-30 19:43:27.289764+00,B1,2356
18563893-e797-4c07-8fda-1f43fa8db096,,word,mrziti,ненавидіти,Дієслово,,2026-09-30 19:23:19.225661+00,B1,1982
186202e5-71c9-4ea8-9ec7-4c59417e2260,,word,nasmijati,розсмішити,Дієслово,,2026-09-30 19:43:27.289764+00,B1,2597
18759ff8-be3a-4748-ac2a-a2a199d22b17,,word,napet,напружений,Якісний прикметник,,2026-09-30 19:43:27.289764+00,B1,2327
187be14e-bd66-449f-a8cb-26854ba95d25,,word,sport,спорт,Іменник (чол. рід),,2026-09-30 19:07:18.68248+00,A1,1045
1885787b-2512-4dad-85a5-8892778f086d,,word,oprezan,обережний,Якісний прикметник,,2026-09-30 19:43:27.289764+00,A2,2317
18a0c104-0109-4ad5-be2d-827cca270efd,,word,ocjena,оцінка,Іменник (жін. рід),,2026-09-30 18:53:00.692622+00,A2,379
18a4b450-f6ed-4c97-a3c0-054f9b4f6841,aef634c7-836d-4d7d-9ae4-41fa0012b5b3,word,lijek,ліки,[ліє́к],,2026-09-30 11:18:04.076329+00,A1,100
18b22e4d-aa0e-4345-8b39-615a961c5312,,word,kovanica,монета,Іменник (жін. рід),,2026-09-30 19:16:11.208603+00,A2,1680
18bb8b1c-007a-4e5a-b8a4-269387eb3d9d,,word,sav,"весь, увесь",Означальний займенник,,2026-09-30 18:47:44.824275+00,A1,18
18c70100-0d3b-4dda-9cf1-5ff43fa8e022,,word,čistoća,чистота,Іменник (жін. рід),,2026-09-30 19:05:19.501424+00,A2,872
18da93c7-fa25-490b-9b67-071cbec95347,,word,prijevoz,"транспорт, перевезення",Іменник (чол. рід),,2026-09-30 19:11:45.674946+00,A2,1351
18de59a4-369d-482a-8752-773b9d1746fc,,word,stručnjak,"фахівець, експерт",Іменник (чол. рід),,2026-09-30 19:09:45.971373+00,B1,1171
1931e792-c061-4a6f-aea3-3d23900f2d9a,,word,rana,рана,Іменник (жін. рід),,2026-09-30 19:16:11.208603+00,A2,1527
1939f97e-b745-41e9-9f33-47cec2db4a20,bbe9211f-51f2-4654-a98f-528ffb57e9ad,word,račun,чек / рахунок,[ра́чун],,2026-09-30 11:18:03.043652+00,A1,100
1956b562-ce6d-4758-8e55-d6fcf64725a9,,word,rezultat,результат,Іменник (чол. рід),,2026-09-30 19:43:27.289764+00,A2,2705
197a00f9-e353-4aca-b7d2-82ae55da4b79,,word,spasiti život,врятувати життя,Вираз,,2026-09-30 19:43:27.289764+00,A2,2647
198c084c-eab6-40fc-8386-88a600512839,,word,ništavan,нікчемний,Прикметник,,2026-09-30 19:37:28.32227+00,B1,2361
1993d6ef-d9e4-4679-b059-e784e29a56cc,,word,naprimjer,наприклад,Прислівник,,2026-09-30 19:37:28.32227+00,A1,2351
19a1edf3-9d58-41a8-9af2-5bf0c996a662,9ff8ccfd-58f7-457d-9025-a5f1ee9d75df,word,parking,паркінг,[па́ркінг],,2026-09-30 11:18:03.517183+00,A1,100
19a2f5b3-f8a1-49b3-b78b-b8c4a005eb2f,,word,izbaviti,визволити,Дієслово,,2026-09-30 19:37:28.32227+00,B1,2478
19c008a3-28a4-4e10-85f7-5b98253f6a4a,,word,položaj,"становище, позиція",Іменник (чол. рід),,2026-09-30 18:57:19.23543+00,B1,641
19cf12df-d230-473c-b5bc-55373203bc34,,word,tajanstven,таємничий,Якісний прикметник,,2026-09-30 19:02:53.78951+00,B1,745
19dc4528-ab25-44b1-b2e8-de7bdd3ebad9,,word,stav,"позиція, ставлення",Іменник (чол. рід),,2026-09-30 19:07:18.68248+00,B1,984
19ddfb71-8fbb-4ab0-a5e2-090657ca48eb,,word,planirati,планувати,Дієслово,,2026-09-30 19:23:19.225661+00,A2,2026
1a039a6f-d1b0-4324-bdf4-a16305cae51f,,word,prestrašiti,налякати,Дієслово,,2026-09-30 19:43:27.289764+00,B1,2493
1a15c6a4-bfc4-4f0b-b89f-10b5a4f5fe36,,word,protudjelovanje,протидія,Іменник (сер. рід),,2026-09-30 19:34:28.835177+00,B1,2157
1a392b0d-6d3d-4d87-98fb-610787fac94c,,word,kamata,відсоток (банківський),Іменник (жін. рід),,2026-09-30 19:05:19.501424+00,B1,829
1a3d58a3-27a8-4f42-976e-46ffcdc96c4a,,word,kuhati,готувати їжу,Дієслово,,2026-09-30 19:23:19.225661+00,A1,1915
1a402459-24e6-4e12-930f-dc2e91ab19bb,,word,контейнер -> kontejner,контейнер,Іменник (чол. рід),,2026-09-30 19:11:45.674946+00,A2,1470
1a462315-8158-4235-9c47-bfddc0475b9a,,word,mašta,уява,Іменник (жін. рід),,2026-09-30 19:43:27.289764+00,B1,2725
1a56f3b8-8188-4bf2-8e5f-7679599f4224,,word,hrabar,сміливий,Якісний прикметник,,2026-09-30 18:57:19.23543+00,A2,601
1a701d3f-4831-4f30-b228-fa0db765e1da,,word,odmor,відпустка,Іменник (чол. рід),,2026-09-30 19:46:32.987066+00,A2,2796
1a7bb94d-0a29-4308-ba41-7c7adc281da1,,word,suđenje,судовий процес,Іменник (сер. рід),,2026-09-30 19:13:58.595598+00,B1,1615
1a8a7b7e-7d84-47d8-ae0e-522521c8dcec,,word,nešto,щось,Неозначений займенник,,2026-09-30 18:50:08.476847+00,A1,110
1a99649f-abea-4777-868f-e27a11d19b53,,word,odbiti,відмовити,Дієслово,,2026-09-30 19:23:19.225661+00,B1,2085
1aa06157-761e-4f49-a61b-6f72d6c68cc7,,word,šokirati,шокувати,Дієслово,,2026-09-30 19:43:27.289764+00,B1,2602
1aa2d22e-52c9-4f53-a1e5-90b873fe7ab0,,word,košulja,сорочка,Іменник (жін. рід),,2026-09-30 19:11:45.674946+00,A1,1477
1aa71d61-46e6-4253-bbf6-427f9a061e31,,word,zaboraviti,забути,Дієслово,,2026-09-30 19:23:19.225661+00,A1,1968
1ab3652c-0ad4-4e8a-ae94-77b5b0e60cda,,word,brinuti se,хвилюватися,Зворотне дієслово,,2026-09-30 19:23:19.225661+00,A2,1975
1ac9ac15-4ee2-4d21-83a5-071cf7f13e8b,,word,tužiteljstvo,прокуратура,Іменник (сер. рід),,2026-09-30 19:37:28.32227+00,B1,2424
1adc90b3-9fae-47be-91a4-fc6412482c50,,word,sudjelovati,брати участь,Дієслово,,2026-09-30 19:37:28.32227+00,B1,2451
1afcd2dd-56ca-4c5e-8351-1d019b80e339,,word,izdati,зрадити,Дієслово,,2026-09-30 19:43:27.289764+00,B1,2593
1b01c59b-9594-4e59-ba36-4a97efe10a66,aef634c7-836d-4d7d-9ae4-41fa0012b5b3,word,bolnica,лікарня,[бо́льніца],,2026-09-30 11:18:04.076329+00,A1,100
1b2aa095-2630-414d-95e7-6bccbc539cf2,,word,preporučiti,рекомендувати,Дієслово,,2026-09-30 19:02:53.78951+00,A2,714
1b49dcde-b093-418a-80ab-d280b139e2ff,,word,prijevod,переклад,Іменник (чол. рід),,2026-09-30 18:57:19.23543+00,A2,698
1baf9537-a41d-49ca-b2cb-1cb783e47012,,word,terapija,терапія,Іменник (жін. рід),,2026-09-30 19:13:58.595598+00,B1,1517
1bc2795e-da62-4781-8611-3db6a66e6fcc,,word,konferencija,конференція,Іменник (жін. рід),,2026-09-30 19:07:18.68248+00,B1,1090
1bcb2648-0e8b-4151-bd9e-d6d9c439e51a,,word,manifestacija,захід,Іменник (жін. рід),,2026-09-30 19:46:32.987066+00,B1,2830
1bcfb230-1cc5-4b0b-9911-6b99427c5195,,word,kaput,пальто,Іменник (чол. рід),,2026-09-30 18:53:00.692622+00,A2,305
1becd415-9056-479f-acc0-a8c60da8da21,,word,nesposoban,нездатний,Якісний прикметник,,2026-09-30 19:34:28.835177+00,B1,2290
1c07fe38-dc53-4dd5-b066-b884aee2dd85,,word,zid,стіна,Іменник (чол. рід),,2026-09-30 19:34:28.835177+00,A2,2231
1c0802d7-fa37-4df2-9fe1-905f22543f17,,word,ekran,екран,Іменник (чол. рід),,2026-09-30 19:09:45.971373+00,A2,1105
1c2709d3-2095-43bb-800b-9c57de48c550,9ff8ccfd-58f7-457d-9025-a5f1ee9d75df,dialogue_line,"Prolaznik: Da, jedan euro po satu. Možete platiti preko SMS-a.","Так, один євро за годину. Можете оплатити через SMS.",,,2026-09-30 11:18:03.517183+00,A1,100
1c82d563-0837-44fd-a251-bc83ad1c0cf6,,word,cvijet,квітка,Іменник (чол. рід),,2026-09-30 19:09:45.971373+00,A2,1243
1c9e55fe-2242-4e95-837a-b15576a86530,,word,brak,шлюб,Іменник (чол. рід),,2026-09-30 19:46:32.987066+00,A2,2762
1cb942e5-42be-4023-87d4-22bd7ca7360c,,word,posvetiti se,присвятити себе,Зворотне дієслово,,2026-09-30 19:43:27.289764+00,B1,2503
1cb9c85a-2d7a-4e1d-bed8-5e74c39937bf,,word,šumarstvo,лісове господарство,Іменник (сер. рід),,2026-09-30 19:16:18.104507+00,B1,1866
1ccca877-e660-4e60-bf96-11b6b192aa67,,word,vrijeme,погода,Іменник (сер. рід),,2026-09-30 19:46:32.987066+00,A1,2953
1cd0bba8-bf13-483d-aba9-00eee2ab5dcd,,word,kritizirati,критикувати,Дієслово,,2026-09-30 19:02:53.78951+00,B1,711
1cea0959-2233-4e98-93a0-17ca10dffaef,,word,dužnost,обов'язок,Іменник (жін. рід),,2026-09-30 18:53:00.692622+00,B1,397
1d233bab-de32-45d4-8330-33a6a975c05a,,word,hlače,штани,Іменник (жін. рід),,2026-09-30 19:11:45.674946+00,A1,1478
1d29291a-afbb-4002-9ab7-97daa78b9dbf,,word,okrenuti,повернути (щось),Дієслово,,2026-09-30 18:54:20.802874+00,A2,483
1d41bb8c-275c-44df-bb59-37fb5d2b73ba,,word,izum,винахід,Іменник (чол. рід),,2026-09-30 19:43:27.289764+00,B1,2684
1d4f512e-3dc4-40c0-b56b-5693469180f3,,word,presuda,вирок,Іменник (жін. рід),,2026-09-30 19:13:58.595598+00,B1,1623
1d697eda-4217-43e2-93a8-79c864cf7cbb,,word,koristan,корисний,Якісний прикметник,,2026-09-30 19:37:28.32227+00,A2,2335
1d698edd-efd2-463d-b95d-908d9e68c34f,,word,tema,тема,Іменник (жін. рід),,2026-09-30 19:09:45.971373+00,A2,1119
1d9f6a77-6690-49e2-8565-edb326677eac,,word,povezati,зв'язати,Дієслово,,2026-09-30 19:43:27.289764+00,B1,2543
1dacbb5c-69b2-4411-8b97-2196f9f31dd8,,word,more,море,Іменник (сер. рід),,2026-09-30 19:09:45.971373+00,A1,1236
1dc17ce2-761e-47da-bb3b-53c80d7c8346,,word,državljanstvo,громадянство,Іменник (сер. рід),,2026-09-30 19:16:11.208603+00,B1,1583
1dc5f1f3-c310-45f5-a4d5-bbb88514849e,,word,akustika,акустика,Іменник (жін. рід),,2026-09-30 19:16:18.104507+00,B1,1838
1dc7c1fc-c573-408e-a8d3-534fd99b436b,,word,pustiti,відпустити,Дієслово,,2026-09-30 19:37:28.32227+00,B1,2483
1dcc38ed-3d9b-41fe-a31e-9b14ed965912,,word,jakna,куртка,Іменник (жін. рід),,2026-09-30 18:53:00.692622+00,A2,306
1dda03a5-83fa-4bea-b337-9bc8146ea88a,,word,vještina,навичка,Іменник (жін. рід),,2026-09-30 19:07:18.68248+00,B1,976
1de91e78-5af3-4f0f-8c3f-0ea76da05deb,,word,dokument,документ,Іменник (чол. рід),,2026-09-30 19:05:19.501424+00,A1,804
1ded2cb3-84d9-4629-8a07-dc42de75ea5e,,word,traperice,джинси,"Іменник (жін. рід, мн.)",,2026-09-30 19:11:45.674946+00,A1,1479
1df4fc38-f640-4b20-ace7-83b2b4262402,,word,misliti,думати,Дієслово мислення,,2026-09-30 18:47:44.824275+00,A1,47
1e0c37f1-2cb2-415e-840f-1dd3cf890725,,word,kada,коли,Питальний прислівник часу,,2026-09-30 18:47:44.824275+00,A1,32
1e1ae35d-8aee-4eef-9221-44f1aaaec4a0,,word,sloboda,свобода,Іменник (жін. рід),,2026-09-30 19:16:11.208603+00,B1,1601
1e1e5ffa-748a-4ff2-85f0-a2da23e7ba4e,,word,jak,сильний,Якісний прикметник,,2026-09-30 18:51:44.601106+00,A2,289
1e229804-32e7-4408-8566-f6544bd0b621,,word,trofej,трофей,Іменник (чол. рід),,2026-09-30 19:46:32.987066+00,B1,2792
1e4242c9-689d-4bff-af36-cda26b5d7215,,word,vatrogasci,пожежники,"Іменник (чол. рід, мн.)",,2026-09-30 19:16:11.208603+00,A2,1645
1e46a7b2-1332-4d2e-9bc6-1429586842b3,,word,gledati,дивитися,Дієслово,,2026-09-30 19:23:19.225661+00,A1,1954
1e6b1eb0-c3d4-4f32-9ef9-c2180b0e82c4,,word,odlučan,рішучий,Якісний прикметник,,2026-09-30 19:37:28.32227+00,B1,2322
1e77cc67-f1d8-4421-b087-96cd1f3af421,,word,u,"в, у",Прийменик місця/напрямку,,2026-09-30 18:47:44.824275+00,A1,12
1ebdd657-0709-4cd2-a10c-46a02d382f95,,word,dozvoliti,дозволити,Дієслово,,2026-09-30 19:43:27.289764+00,A2,2530
1ecc9b30-5611-4d11-8c9e-4e22c1bf4f22,,word,nastaviti,продовжити,Дієслово,,2026-09-30 18:54:20.802874+00,A2,469
1edd1acf-2307-4326-bfea-7ee0ef19522b,,word,otac,батько,Іменник (чол. рід),,2026-09-30 19:46:32.987066+00,A1,2996
1efa0ccd-2bad-4b36-a518-8356e88d21a4,,word,financije,фінанси,"Іменник (жін. рід, мн.)",,2026-09-30 19:16:11.208603+00,B1,1659
1efbf9b0-3a68-43c7-9956-771d45ac7d55,,word,tuča,бійка,Іменник (жін. рід),,2026-09-30 19:43:27.289764+00,B1,2660
1f002196-7b44-4d35-96d3-3a024f3a4f19,,word,poučavati,навчати,Дієслово,,2026-09-30 19:23:19.225661+00,B1,1966
1f2acd3b-6caf-4e20-ad0c-52b08f1eab34,,word,zadatak,завдання,Іменник (чол. рід),,2026-09-30 19:09:45.971373+00,A2,1135
1f4ae50d-b39b-4628-aa7e-0144ca1f9794,,word,terminal,термінал,Іменник (чол. рід),,2026-09-30 19:11:45.674946+00,A2,1383
1f86f8af-dd6e-425b-8f57-f29503beeed0,,word,pjesma,пісня,Іменник (жін. рід),,2026-09-30 18:53:00.692622+00,A2,366
1f91bd25-8e93-476e-a3a1-f63233aae143,,word,luka,порт,Іменник (жін. рід),,2026-09-30 19:11:45.674946+00,A2,1380
1fe5cf45-d727-4833-b956-fb766b916c47,,word,pratiti,"стежити, супроводжувати",Дієслово,,2026-09-30 19:23:19.225661+00,A2,2017
1fe66212-5d1d-4d6f-9dc5-0f4297f4abd2,aef634c7-836d-4d7d-9ae4-41fa0012b5b3,word,pomoć,допомога,[по́моч],,2026-09-30 11:18:04.076329+00,A1,100
1ff4fe5e-7f98-411f-97d3-f72949921f47,,word,eksperiment,експеримент,Іменник (чол. рід),,2026-09-30 19:46:32.987066+00,B1,2889
1ff86ef4-8a4b-4751-8178-067e067d9052,,word,backup,резервна копія,Іменник (чол. рід),,2026-09-30 19:16:18.104507+00,B1,1793
200958c8-e52f-4130-95b8-38d75b342958,,word,glasovanje,голосування,Іменник (сер. рід),,2026-09-30 19:37:28.32227+00,B1,2441
201f1b86-460b-4baf-9b47-c1ee347efff2,,word,politika,політика,Іменник (жін. рід),,2026-09-30 19:16:18.104507+00,B1,1853
20267f24-c7d1-4394-b081-2cb156b9e7b2,,word,krvarenje,кровотеча,Іменник (сер. рід),,2026-09-30 19:16:11.208603+00,B1,1528
2028ff9c-51a0-47bb-b5e2-a471d2b6096f,,word,tim,команда,Іменник (чол. рід),,2026-09-30 19:34:28.835177+00,A1,2144
2045de05-a360-402b-bac8-802dbf2bac8f,9ff8ccfd-58f7-457d-9025-a5f1ee9d75df,phrase,Gdje je autobusni kolodvor?,Де автобусний вокзал?,[Ґдє є ауто́бусні ко́лодвор],,2026-09-30 11:18:03.517183+00,A1,100
206c44a7-cd8d-4b22-a2a5-57febd70ab5a,,word,predak,предк,Іменник (чол. рід),,2026-09-30 19:46:32.987066+00,B1,2760
20764967-560b-4a10-9e99-1590405659bf,,word,ogrlica,намисто,Іменник (жін. рід),,2026-09-30 19:13:58.595598+00,A2,1501
207a4fe6-5d3a-4422-9056-574999743b63,,word,oprostiti,вибачити,Дієслово,,2026-09-30 19:43:27.289764+00,B1,2619
2085fc9a-0404-4cb1-8872-ac6dc629863a,,word,kirurg,хірург,Іменник (чол. рід),,2026-09-30 19:13:58.595598+00,B1,1544
208bebbd-ac60-40c5-b67e-49e16b07d110,,word,dernjati se,"верещати, лементувати",Зворотне дієслово,,2026-09-30 19:43:27.289764+00,B1,2658
208d870e-5130-45eb-9745-40629372fcae,,word,torba,сумка,Іменник (жін. рід),,2026-09-30 19:11:45.674946+00,A1,1389
20be9201-344a-421d-b689-ea34380e7abc,,word,posljedica,наслідок,Іменник (жін. рід),,2026-09-30 19:07:18.68248+00,B1,963
20c2b74b-595e-49fd-942c-f2867f1e7f57,,word,pomoći,допомогти,Дієслово дії,,2026-09-30 18:50:08.476847+00,A1,158
20c52bd7-3aad-4772-ba43-f2374b096776,,word,formula,формула,Іменник (жін. рід),,2026-09-30 19:16:18.104507+00,B1,1811
20d61a11-6a48-423f-bb00-b8005ffeb0b3,,word,povijest,історія,Іменник (жін. рід),,2026-09-30 19:43:27.289764+00,B1,2750
20d73e24-eb57-44a8-9251-45e27ea9d3fd,,word,poglavlje,розділ,Іменник (сер. рід),,2026-09-30 19:46:32.987066+00,B1,2863
20d77ed3-467d-4d15-b424-461cefd1c752,,word,kuhinja,кухня,Іменник (жін. рід),,2026-09-30 19:11:45.674946+00,A1,1431
2101be4a-f34e-4cbe-8719-e0a9e6b4a596,,word,izgubiti,"втратити, програти",Дієслово,,2026-09-30 18:54:20.802874+00,A2,500
210d4ed8-6a93-4071-943d-7a2c3771a3fe,,word,pripremiti,підготувати,Дієслово,,2026-09-30 18:54:20.802874+00,A2,493
2111b853-dda9-45c5-b7eb-099861493db4,,word,sadržaj,зміст,Іменник (чол. рід),,2026-09-30 19:09:45.971373+00,B1,1120
2148c178-c6a4-4764-bdcb-55432c3215a1,,word,lagan,легкий,Якісний прикметник,,2026-09-30 19:34:28.835177+00,A1,2251
2148fde3-5dff-4007-a8d2-3727e4041077,,word,biljka,рослина,Іменник (жін. рід),,2026-09-30 19:09:45.971373+00,A2,1242
2159445d-fe9c-41da-bde9-ef9d4b963a50,cdbe8d84-ac8f-4a14-850b-f3d49dab1e9a,word,grijanje,опалення,[грі́янє],,2026-09-30 11:18:03.738799+00,A1,100
21622ccd-e2c4-4c39-b562-f1f5256914a5,,word,šteta,шкода,Іменник (жін. рід),,2026-09-30 19:13:58.595598+00,A2,1638
216bd78e-548b-47f8-9316-b5911d7faa0f,,word,stih,вірш,Іменник (чол. рід),,2026-09-30 18:55:51.229682+00,B1,534
218a1c94-457b-4c98-b395-1f3e439e108f,6a50fa7b-a8d3-4cde-9039-ad17309ed1e2,word,stol,стіл,[стол],,2026-09-30 11:18:03.287284+00,A1,100
219d70e2-9fe9-42ed-bd26-63ce2e289e44,,word,činiti,"чинити, робити",Дієслово,,2026-09-30 19:23:19.225661+00,A2,1989
219fb272-221e-4be7-9800-6e8342c68730,,word,naš,наш,Присвійний займенник,,2026-09-30 18:47:44.824275+00,A1,25
21cf3008-7a35-4b5a-989f-1f31e5fcd336,,word,suradnja,співпраця,Іменник (жін. рід),,2026-09-30 19:34:28.835177+00,B1,2152
21da8e96-a14d-4b4d-b7ed-43513ab08d3e,,word,drvo,дерево,Іменник (сер. рід),,2026-09-30 19:46:32.987066+00,A2,2979
22153c5a-6007-44b5-a0f6-60684b8dc80f,,word,novac,гроші,Іменник (чол. рід),,2026-09-30 19:13:58.595598+00,A1,1678
22227164-2be9-421c-923d-b0f46dd6b0c7,,word,točno,"точно, правильно",Прислівник,,2026-09-30 18:54:20.802874+00,A1,420
227c8817-7084-4f91-aea5-4a1b2e4e05c9,,word,mekan,м'який,Якісний прикметник,,2026-09-30 19:34:28.835177+00,A2,2240
22943873-647e-4d28-9ef3-4d3f6124183b,,word,restoran,ресторан,Іменник (чол. рід),,2026-09-30 18:51:44.601106+00,A1,206
229bcc8f-b17d-4f76-9e05-20ba9189ac3e,,word,slikar,художник,Іменник (чол. рід),,2026-09-30 19:16:18.104507+00,A2,1890
22abdc4f-0a71-4f16-b1df-8867e22ebb90,,word,svjedok,свідок,Іменник (чол. рід),,2026-09-30 19:11:45.674946+00,B1,1342
22c49b3b-b079-436a-907e-577a9151a7b8,,word,vjenčanje,весілля,Іменник (сер. рід),,2026-09-30 19:46:32.987066+00,A2,2763
22d91b48-196e-438e-8070-bb609ce963db,bbe9211f-51f2-4654-a98f-528ffb57e9ad,word,zatvoreno,зачинено,[затво́рено],,2026-09-30 11:18:03.043652+00,A1,100
22ec6e9e-e405-4dc8-ab6b-077435c2e20e,,word,tržište,ринок,Іменник (сер. рід),,2026-09-30 19:13:58.595598+00,A2,1661
22f203cb-a2f4-48fe-86ee-fd00ff4ebf91,bbe9211f-51f2-4654-a98f-528ffb57e9ad,phrase,To je preskupo.,Це занадто дорого.,[То є преску́по],,2026-09-30 11:18:03.043652+00,A1,100
22f5e223-5629-4515-9ef6-10641bfb7336,,word,osposobljen,кваліфікований,Прикметник,,2026-09-30 19:43:27.289764+00,B1,2330
2303e43c-a3bd-4b2f-b0f0-57c8d7fc019f,,word,novinar,журналіст,Іменник (чол. рід),,2026-09-30 18:55:51.229682+00,A2,581
2308809d-5d2f-44bf-b175-1a130d7c2729,,word,glazbenik,музикант,Іменник (чол. рід),,2026-09-30 19:16:18.104507+00,A2,1889
230bf02e-0d27-463f-96f3-55eb2747d35f,,word,čistiti,чистити,Дієслово,,2026-09-30 19:43:27.289764+00,A2,2551
23210ff5-416a-467f-841b-cd662101a703,,word,promijeniti,змінити,Дієслово,,2026-09-30 19:43:27.289764+00,A2,2539
2321391c-f84e-4a1c-81ab-5d1cf0986de5,,word,priroda,природа,Іменник (жін. рід),,2026-09-30 19:46:32.987066+00,A1,2950
233cc43a-4f3d-4c76-be32-e8fb3fe4ff38,,word,vzdahnuti,зівтнути,Дієслово,,2026-09-30 19:43:27.289764+00,B1,2654
235e23c7-5203-417a-8263-91432fb4ae37,,word,granica,"межа, кордон",Іменник (жін. рід),,2026-09-30 19:34:28.835177+00,A2,2191
2362fa22-1950-432d-8385-22a4d68cbf08,,word,oporba,опозиція,Іменник (жін. рід),,2026-09-30 19:43:27.289764+00,B1,2437
2372d26f-e7e2-435c-926a-09ac67918904,,word,kvantiteta,кількість,Іменник (жін. рід),,2026-09-30 19:43:27.289764+00,B1,2738
237b2401-b519-433f-b6a5-b9824d9797e6,,word,znanost,наука,Іменник (жін. рід),,2026-09-30 18:53:00.692622+00,B1,373
237b3fb0-a0c7-428a-b59d-2a8d5a507be1,6a50fa7b-a8d3-4cde-9039-ad17309ed1e2,phrase,Mogu li dobiti jelovnik?,Можна мені меню?,[Мо́гу лі до́біті єло́внік],,2026-09-30 11:18:03.287284+00,A1,100
237dc0c4-e18b-4e0f-b962-d2c4a1cb5e97,,word,dijagnoza,діагноз,Іменник (жін. рід),,2026-09-30 19:13:58.595598+00,B1,1514
237fa309-11e8-4932-9a03-a9eb2d0184d0,,word,tečaj,курс (навчання),Іменник (чол. рід),,2026-09-30 19:09:45.971373+00,A2,1137
239a04a8-1d73-495b-be1f-6eb3e930beb4,,word,iskustvo,досвід,Іменник (сер. рід),,2026-09-30 19:02:53.78951+00,B1,800
23a11178-f4c9-4804-8e92-84145902f56b,,word,obala,"берег, узбережжя",Іменник (жін. рід),,2026-09-30 19:09:45.971373+00,A2,1239
23afe61a-c94a-4c29-a123-41e8c3afcaf1,9ff8ccfd-58f7-457d-9025-a5f1ee9d75df,dialogue_line,"Vozač: Oprostite, gdje mogu parkirati auto ovdje blizu?","Вибачте, де тут поруч я можу припаркувати авто?",,,2026-09-30 11:18:03.517183+00,A1,100
23b0caa2-b169-41dd-8824-1fc22f28cc0f,,word,tečaj,курс валют,Іменник (чол. рід),,2026-09-30 19:09:45.971373+00,A2,1192
23b55ce6-d2a0-4557-9df6-421588ca9c22,,word,porota,присяжні,Іменник (жін. рід),,2026-09-30 19:13:58.595598+00,B1,1618
23d15a5c-65da-4fb7-8768-540180d2c34b,,word,naprosto,"просто, просто-таки",Прислівник,,2026-09-30 19:43:27.289764+00,B1,2368
23d59f93-d010-4e30-8440-a2b1f4dda8ed,,word,šprica,шприц,Іменник (жін. рід),,2026-09-30 19:13:58.595598+00,B1,1524
23e9b65f-7148-478e-b5c8-020136d6ea16,,word,plašljiv,боязкий,Якісний прикметник,,2026-09-30 19:43:27.289764+00,B1,2320
242a500d-0bf1-4f90-836d-cdc5f27c9c5e,,word,blizu,близько,Прийменик / прислівник,,2026-09-30 19:43:27.289764+00,A1,2394
244a8e27-23cd-4fae-952c-06d5bf8ec218,,word,jahta,яхта,Іменник (жін. рід),,2026-09-30 19:11:45.674946+00,A2,1364
24654b61-2864-4517-8a19-6109870db86f,,word,dar,"подарунок, дар",Іменник (чол. рід),,2026-09-30 19:07:18.68248+00,A2,979
24896b1e-090f-4658-9fa0-c959b50ffc4c,,word,čitati,читати,Дієслово,,2026-09-30 19:23:19.225661+00,A1,2002
2494917c-80fa-45d5-94fc-e890c8584b20,,word,tanjurić,блюдце,Іменник (чол. рід),,2026-09-30 19:11:45.674946+00,B1,1443
249ad677-b559-4936-a52c-aa442a9bd6a9,,word,generacija,покоління,Іменник (жін. рід),,2026-09-30 19:46:32.987066+00,B1,2758
24c4e01a-ba51-4351-aa74-1728fd02505d,,word,proslava,святкування,Іменник (жін. рід),,2026-09-30 18:53:00.692622+00,A2,362
24cc3b37-51d5-4d97-9808-ececaaa5e70e,,word,početak,початок,Іменник (чол. рід),,2026-09-30 19:34:28.835177+00,A1,2194
24d35f92-0da0-47c2-87c3-ec8f2ac529b8,,word,jer,"бо, тому що",Підрядний сполучник,,2026-09-30 18:50:08.476847+00,A1,119
253921aa-6bc0-4081-a04c-cc81fe4e30a7,,word,djelo,твір,Іменник (сер. рід),,2026-09-30 19:46:32.987066+00,B1,2860
2544a57c-67bf-4c4e-a3d4-a0a57f9e7959,,word,dijagnoza,діагноз,Іменник (жін. рід),,2026-09-30 19:16:11.208603+00,B1,1514
254b1d1b-4ba3-4005-9152-3fd9208aaa78,,word,osoblje,персонал,Іменник (сер. рід),,2026-09-30 19:07:18.68248+00,B1,1074
254b35e2-d75b-4686-b945-4afb71807e2a,,word,savez,союз,Іменник (чол. рід),,2026-09-30 19:34:28.835177+00,B1,2148
254d240a-a82b-4652-ba96-c32f800896c0,,word,izbori,вибори,"Іменник (чол. рід, мн.)",,2026-09-30 18:55:51.229682+00,B1,563
2554bdbf-3aca-41f4-966f-4a6126ad7a2d,,word,rizik,ризик,Іменник (чол. рід),,2026-09-30 19:02:53.78951+00,B1,794
2564ea4c-fcae-4b48-86f3-fbf2c91e6747,,word,zdravlje,здоров'я,Іменник (сер. рід),,2026-09-30 19:16:11.208603+00,A1,1511
2579d0bc-0262-4cc0-8b71-8d462c34032e,,word,sirup,сироп,Іменник (чол. рід),,2026-09-30 19:13:58.595598+00,A2,1520
257d5723-f972-498f-8f5f-1816b5165a2a,,word,popust,знижка,Іменник (чол. рід),,2026-09-30 19:09:45.971373+00,A2,1179
258715c1-1275-4857-9d4f-63269e5b7333,,word,banka,банк,Іменник (жін. рід),,2026-09-30 19:05:19.501424+00,A1,831
258ab7bc-e74f-4f94-bf9d-c68e8daa3441,,word,temperatura,температура,Іменник (жін. рід),,2026-09-30 19:46:32.987066+00,A2,2954
258f5694-9f24-45af-a3fb-8438474cad5e,,word,ekran,екран,Іменник (чол. рід),,2026-09-30 19:16:18.104507+00,A2,1762
25918657-f28c-4535-a555-08bba189f866,,word,prirodan,природний,Якісний прикметник,,2026-09-30 18:57:19.23543+00,A2,625
25c3d916-a65a-4e91-9b76-5a17c5fad352,,word,čovjek,людина,Іменник (чол. рід),,2026-09-30 19:09:45.971373+00,A1,1252
25d00cf7-2049-4b38-b717-4ae7fb94ca96,,word,kofer,валіза,Іменник (чол. рід),,2026-09-30 19:46:32.987066+00,A2,2803
25d871e4-ad0d-45b8-9600-6684cc4b6913,,word,rub,край,Іменник (чол. рід),,2026-09-30 19:34:28.835177+00,A2,2192
26153ba9-4d81-45e9-a7e7-7f5963666e63,,word,umoran,втомлений,Якісний прикметник,,2026-09-30 19:37:28.32227+00,A2,2328
26241c4a-8989-4c22-8827-5e8b1fefb804,,word,lijen,лінивий,Якісний прикметник,,2026-09-30 19:37:28.32227+00,A2,2303
2628c5dc-ea1a-41a3-b886-969eeb321e3f,,word,bogat,багатий,Якісний прикметник,,2026-09-30 18:51:44.601106+00,A2,291
26338a7d-b120-4e9d-a3c1-df4aec5d54f9,,word,prihvatiti,прийняти,Дієслово,,2026-09-30 19:23:19.225661+00,A2,2086
26372446-75c8-443f-a0c0-df35ab06357e,,word,bježati,тікати,Дієслово,,2026-09-30 19:43:27.289764+00,A2,2486
2643fcda-e3b2-4c0b-a6a0-e719169561cc,,word,predak,предк,Іменник (чол. рід),,2026-09-30 19:07:18.68248+00,B1,1017
267fd89b-b3da-4100-b9e3-12406dbb4abb,9e3f6972-10fa-4c25-8fed-80a5148f5c44,word,imati,мати,[і́маті],,2026-09-30 11:18:02.743916+00,A1,100
26a83b67-7082-4aad-8544-6b1b18cf46ee,9e3f6972-10fa-4c25-8fed-80a5148f5c44,phrase,Govorite li engleski?,Ви розмовляєте англійською?,[Гово́ріте лі е́нглескі],,2026-09-30 11:18:02.743916+00,A1,100
26fe9c84-83c6-4f0f-b8c6-425c3bc9463e,,word,tvoj,твій,Присвійний займенник,,2026-09-30 18:47:44.824275+00,A1,24
272781d3-0b1b-42bc-9b53-7743308edd31,,word,ljubav,любов,Іменник (жін. рід),,2026-09-30 19:46:32.987066+00,A1,2766
27342216-7808-4fab-a4cd-3622bdcf9a75,,word,pojaviti se,з'явитися,Зворотне дієслово,,2026-09-30 19:37:28.32227+00,B1,2489
2734cba4-19f0-4082-82f6-963db872df51,,word,blagajna,каса,Іменник (жін. рід),,2026-09-30 19:16:11.208603+00,A2,1696
273b94ee-e15a-48f4-a0d4-d7b7664b68ac,,word,liječiti,лікувати,Дієслово,,2026-09-30 19:23:19.225661+00,B1,2043
275ef743-9f7b-4cb9-ae36-036342efd4a2,,word,hladnjak,холодильник,Іменник (чол. рід),,2026-09-30 19:11:45.674946+00,A2,1434
2789eb75-08f0-4733-b02c-1b43953392c7,,word,skladatelj,композитор,Іменник (чол. рід),,2026-09-30 19:16:18.104507+00,B1,1887
27b65fab-f499-4b98-bfb5-6dbd51309527,,word,hotel,готель,Іменник (чол. рід),,2026-09-30 19:46:32.987066+00,A1,2809
27ca3c2a-38b7-4528-993a-2f3e6c30c015,,word,razboljeti se,захворіти,Зворотне дієслово,,2026-09-30 19:43:27.289764+00,B1,2630
28182f2e-1a1d-4fa0-9dae-23cbe3715cd6,,word,funkcija,функція,Іменник (жін. рід),,2026-09-30 19:43:27.289764+00,B1,2702
281e774b-0887-4b9d-8ec6-7cf3a296aff2,,word,radovati se,радіти,Зворотне дієслово,,2026-09-30 19:43:27.289764+00,A2,2497
28209e36-3746-40cc-b83c-3f84661e3764,,word,iznad,над,Прийменик,,2026-09-30 18:54:20.802874+00,A2,449
2820c74f-4559-469f-bcd1-0043b539dbeb,,word,ustav,конституція,Іменник (чол. рід),,2026-09-30 19:37:28.32227+00,B1,2422
28699cf9-90c2-4033-b000-1b74afc7f700,,word,brod,корабель,Іменник (чол. рід),,2026-09-30 19:11:45.674946+00,A2,1361
28706cdf-d50f-4897-b4b7-c7f1ea08affb,,word,stranac,іноземець,Іменник (чол. рід),,2026-09-30 19:09:45.971373+00,A2,1275
289c4d1c-94e2-4b68-a043-e38c51682afc,,word,piti,пити,Дієслово,,2026-09-30 19:23:19.225661+00,A1,1914
28af1426-0bbc-4d0f-ab20-24bc0247eba5,,word,slagati,збрехати,Дієслово,,2026-09-30 19:43:27.289764+00,B1,2588
28c37ebb-3ddb-4e20-9f90-68364dc3b100,,word,cijeniti,цінувати,Дієслово,,2026-09-30 19:43:27.289764+00,A2,2612
28ea1495-afa4-42b1-b9f1-ca29d4a31701,,word,procijeniti,оцінити,Дієслово,,2026-09-30 19:23:19.225661+00,B1,2067
28edd2a6-0713-46c6-95f5-570938cca854,9ff8ccfd-58f7-457d-9025-a5f1ee9d75df,phrase,Trebam mehaničara za auto.,Мені потрібен механік для авто.,[Тре́бам меха́нічара за а́уто],,2026-09-30 11:18:03.517183+00,A1,100
2914c8d0-d2d6-4a70-a68f-07e71687d5cc,,word,grupa,група,Іменник (жін. рід),,2026-09-30 19:34:28.835177+00,A1,2143
291925d0-fa85-47e0-b4d3-5693c08dd717,,word,energija,енергія,Іменник (жін. рід),,2026-09-30 19:16:18.104507+00,A2,1818
2922f3b6-d9f2-47b2-ae67-9329bd4e0869,,word,dobitak,"прибуток, виграш",Іменник (чол. рід),,2026-09-30 18:57:19.23543+00,A2,674
292d752b-9f0d-4fa5-b1a2-8d677705cc95,,word,bankarstvo,банківська справа,Іменник (сер. рід),,2026-09-30 19:13:58.595598+00,B1,1658
2937a3b8-7b85-4326-a3f5-6e9f5b76ffce,,word,stranka,"відвідувач, клієнт (в установах)",Іменник (жін. рід),,2026-09-30 19:16:11.208603+00,B1,1569
2946547b-445a-4db8-91f3-4d75300c9b55,,word,budućnost,майбутнє,Іменник (жін. рід),,2026-09-30 19:07:18.68248+00,A2,1007
294ab1b4-b7ab-4589-b3f8-ca9486c14ed9,,word,sakriti,сховати,Дієслово,,2026-09-30 19:43:27.289764+00,B1,2585
294b14e3-76ba-4157-8700-f55a5bcce6c3,,word,prijatelj,друг,Іменник (чол. рід),,2026-09-30 19:09:45.971373+00,A1,1271
29552ac6-d133-4586-bbe4-3bbe0a09a9ca,,word,miješati,перемішувати,Дієслово,,2026-09-30 19:23:19.225661+00,A2,2059
29584697-ae4a-462b-b000-6428935f5098,,word,temperatura,температура,Іменник (жін. рід),,2026-09-30 19:16:18.104507+00,A2,1829
295e21d0-6f98-472c-aa36-ce6c63ad9c23,,word,organizirati,організувати,Дієслово,,2026-09-30 19:23:19.225661+00,A2,2027
29715f7d-740a-4b63-aa1d-aa311163234c,,word,moral,мораль,Іменник (чол. рід),,2026-09-30 19:43:27.289764+00,B1,2402
29771456-bc78-452a-a095-6748d1cbcaf9,,word,rođak,"кузен, родич",Іменник (чол. рід),,2026-09-30 19:09:45.971373+00,A2,1270
297d7043-545c-41f9-a906-6c0c250dec45,6a50fa7b-a8d3-4cde-9039-ad17309ed1e2,phrase,Ovo nije ono što sam naručio.,"Це не те, що я замовив.",[О́во ні́є о́но што сам нару́чіо],,2026-09-30 11:18:03.287284+00,A1,100
298b52bb-87ed-4bc2-ae8e-1d28960ac545,,word,semafor,світлофор,Іменник (чол. рід),,2026-09-30 19:11:45.674946+00,A2,1375
29a0f708-0f39-4fa1-8244-6ecccc52d779,,word,žena,жінка,Іменник (жін. рід),,2026-09-30 19:46:32.987066+00,A1,2988
29ae343d-d1c5-4060-b000-c6cc51573dc1,,word,uglavnom,переважно,Прислівник,,2026-09-30 19:43:27.289764+00,A2,2364
29b37f29-6c62-4da1-8d12-cecd8813d120,,word,uostalom,зрештою,Прислівник,,2026-09-30 19:43:27.289764+00,B1,2354
29f43f04-2bff-42b4-aa57-2afac06905d4,,word,zakon,закон,Іменник (чол. рід),,2026-09-30 19:16:18.104507+00,A2,1733
2a019368-10e7-482c-b3da-a2d646e108a6,,word,započeti,розпочати,Дієслово,,2026-09-30 19:23:19.225661+00,A2,2029
2a076f7c-72cb-4388-b36f-4685b0d22a46,,word,suđenje,судовий процес,Іменник (сер. рід),,2026-09-30 19:16:11.208603+00,B1,1615
2a2293c5-3ad5-4aa8-988c-6505f0e79f6c,,word,nikad,ніколи,Прислівник часу,,2026-09-30 18:50:08.476847+00,A1,105
2a3b5281-0303-44aa-97c0-3c08613a5baf,,word,higijena,гігієна,Іменник (жін. рід),,2026-09-30 19:05:19.501424+00,A2,871
2a3daa97-eb7b-42c0-8cc1-ecf55014a4d4,,word,prihod,дохід,Іменник (чол. рід),,2026-09-30 19:09:45.971373+00,B1,1181
2a40176c-76a3-4b51-baa5-1bbb559cd98a,,word,korist,користь,Іменник (жін. рід),,2026-09-30 18:57:19.23543+00,A2,671
2a4741a1-6bc6-4c63-a5f0-2e21d1b9efec,,word,mašta,уява,Іменник (жін. рід),,2026-09-30 18:57:19.23543+00,B1,655
2a4caa66-2e77-48be-90e0-aa49e4845062,,word,invalid,інвалід,Іменник (чол. рід),,2026-09-30 19:13:58.595598+00,B1,1550
2a690a94-997b-4a19-abd9-de6bfd2fa5c2,,word,vrijednost,цінність,Іменник (жін. рід),,2026-09-30 19:07:18.68248+00,B1,987
2a705168-56b0-45b1-8d8f-9eb85521c401,,word,frekvencija,частота,Іменник (жін. рід),,2026-09-30 19:16:18.104507+00,B1,1783
2a7a3e44-716f-46e4-9b7a-1058160d1784,,word,čist,чистий,Якісний прикметник,,2026-09-30 19:34:28.835177+00,A1,2270
2a8d2cbc-be25-4176-a32e-367354ce20de,,word,kruh,хліб,Іменник,,2026-09-30 18:47:44.824275+00,A1,79
2a9807c0-9cd3-423a-a112-e030d02cedcf,,word,pasivnost,пасивність,Іменник (жін. рід),,2026-09-30 19:16:18.104507+00,B1,1706
2a99803b-87a9-416b-b3fa-acca8b26f9f6,,word,rezultat,результат,Іменник (чол. рід),,2026-09-30 19:07:18.68248+00,A2,962
2aa5500d-bbd3-4aef-bf11-ae14e47e2d72,,word,upravitelj,управитель,Іменник (чол. рід),,2026-09-30 19:11:45.674946+00,B1,1311
2ab581c9-b61d-43e2-a6b6-cd28ba535708,,word,zvono,дзвінок (дверний),Іменник (сер. рід),,2026-09-30 19:11:45.674946+00,A2,1415
2ad5da6a-1ef0-4624-9e49-bfbfed9f1bdc,00000000-0000-0000-0000-000000000007,dialogue_line,Scrum Master: Dobro jutro svima. Krenimo s dnevnim sastankom.,Скрам-майстер: Доброго ранку всім. Почнемо дейлі.,,,2026-09-30 13:44:23.450621+00,A1,100
2ae1a85b-6392-42a5-ac19-006d4870bebc,,word,općina,"муніципалітет, громада",Іменник (жін. рід),,2026-09-30 19:13:58.595598+00,B1,1594
2ae2403b-82d3-4053-af2f-809341814c67,,word,paragraf,параграф,Іменник (чол. рід),,2026-09-30 19:16:11.208603+00,B1,1607
2ae9f06d-01a4-438c-8086-807654ebfc40,,word,slovo,літера,Іменник (сер. рід),,2026-09-30 19:09:45.971373+00,A1,1124
2b058470-a4d6-4f6c-a446-62dd2f71794f,,word,veseliti se,радіти,Зворотне дієслово,,2026-09-30 19:43:27.289764+00,A2,2498
2b05ee7b-1144-4391-9bc2-0a339245ceac,,word,odmoriti se,відпочити,Зворотне дієслово,,2026-09-30 18:53:00.692622+00,A2,400
2b1dc8c3-aaae-4c6a-bedd-3a3968a09e0d,,word,duhovit,дотепний,Якісний прикметник,,2026-09-30 19:37:28.32227+00,B1,2350
2b291bdf-edea-48e0-a906-2cec9e1e3270,,word,mjesto,місце,Іменник (сер. рід),,2026-09-30 18:57:19.23543+00,A1,640
2b3d60a4-ba00-4ebb-8efc-bc3264fad9fc,,word,žalba,скарга,Іменник (жін. рід),,2026-09-30 19:07:18.68248+00,B1,1078
2b3e4e3c-edec-4699-bfea-42bd127dd7cf,,word,dokaz,доказ,Іменник (чол. рід),,2026-09-30 19:43:27.289764+00,B1,2711
2b49e685-dc45-4aad-8846-ee7b5108f923,,word,valjda,мабуть,Прислівник,,2026-09-30 19:37:28.32227+00,B1,2380
2b65e640-a0d9-4312-a785-e6e50e41d28a,,word,turizam,туризм,Іменник (чол. рід),,2026-09-30 19:16:18.104507+00,A2,1872
2b819454-dc35-4ac8-8672-c5fa108d5ab7,,word,krevet,ліжко,Іменник (чол. рід),,2026-09-30 19:11:45.674946+00,A1,1421
2b892402-19dd-4df6-b96a-904f05c3bce8,,word,organizator,організатор,Іменник (чол. рід),,2026-09-30 19:46:32.987066+00,B1,2903
2babf7da-8117-4ab7-88c6-a713d66aace1,,word,zaplivati,поплисти,Дієслово,,2026-09-30 19:37:28.32227+00,B1,2474
2bbcba39-ae64-42e1-abb1-76d378b5f707,,word,skitati se,вештатися,Зворотне дієслово,,2026-09-30 19:43:27.289764+00,B1,2461
2bced5c2-41ee-4a51-9639-a99c605da449,,word,Ustav,Конституція,Іменник (чол. рід),,2026-09-30 19:16:11.208603+00,B1,1605
2bda0ea3-a3fe-4822-bb9e-79c5d3ecb9a0,,word,sadašnjost,теперішнє,Іменник (жін. рід),,2026-09-30 19:46:32.987066+00,B1,2753
2bf6b11a-a0c7-4004-98e1-43a3b78f1257,,word,vrijednost,вартість,Іменник (жін. рід),,2026-09-30 19:13:58.595598+00,A2,1677
2c0d0307-b813-4b98-9d45-a68436117055,,word,strpljenje,терпіння,Іменник (сер. рід),,2026-09-30 19:02:53.78951+00,B1,768
2c0db7f2-7d46-4364-9b52-2829e059d150,,word,kapetan,капітан,Іменник (чол. рід),,2026-09-30 19:11:45.674946+00,A2,1325
2c171686-2f36-4acb-9aca-d6b956e7f2a5,,word,razvod,розлучення,Іменник (чол. рід),,2026-09-30 19:07:18.68248+00,B1,1021
2c2d5108-33a2-4b57-8798-d4bb437475cf,,word,prisustvovati,бути присутнім,Дієслово,,2026-09-30 19:43:27.289764+00,B1,2452
2c60bc23-af42-4bfe-bab7-efa85e014a2f,,word,posljedica,наслідок,Іменник (жін. рід),,2026-09-30 18:55:51.229682+00,A2,505
2c78132a-2fce-49c1-a231-e933f390ba3a,,word,hlađenje,охолодження,Іменник (сер. рід),,2026-09-30 19:16:18.104507+00,B1,1831
2ca1ae5d-784e-4438-9140-8530807648b3,,word,razlog,"підстава, привід",Іменник (чол. рід),,2026-09-30 18:55:51.229682+00,A2,507
2cb3c6f7-c816-4a7b-a547-489c712049c7,,word,kuhar,кухар,Іменник (чол. рід),,2026-09-30 18:55:51.229682+00,A2,585
2cc058c4-b8a0-48a7-807e-91b0f28bfaa8,,word,književnost,література,Іменник (жін. рід),,2026-09-30 19:09:45.971373+00,B1,1115
2cc1afc9-0d5d-41f5-b5e3-4c7a00951dc2,,word,vijest,новина,Іменник (жін. рід),,2026-09-30 19:46:32.987066+00,A2,2840
2cdffa43-ea63-466c-a826-fbaba0df2375,,word,pohrana,зберігання,Іменник (жін. рід),,2026-09-30 19:16:18.104507+00,B1,1779
2cec5bfc-69d4-4f14-8609-146e95848da0,,word,plah,лякливий,Якісний прикметник,,2026-09-30 19:37:28.32227+00,B1,2321
2d0d8534-02c7-4a8f-964a-81a6cba3851d,,word,skriti se,сховатися,Зворотне дієслово,,2026-09-30 19:37:28.32227+00,B1,2487
2d0edc7b-a62d-492d-95d9-9efd2eff8ccd,,word,natjecati se,змагатися,Зворотне дієслово,,2026-09-30 19:07:18.68248+00,B1,904
2d27eba9-6afc-4bd3-a432-a60e9a35a5e5,,word,pećnica,духовка,Іменник (жін. рід),,2026-09-30 19:11:45.674946+00,A2,1432
2d2d5eaf-92c5-4f49-9a05-d62074022b9e,00000000-0000-0000-0000-000000000007,word,Dnevni sastanak,Дейлі (стендап),,,2026-09-30 13:44:23.450621+00,A1,100
2d370873-a8ef-424d-910f-a3df285dd3ab,,word,pomilovanje,помилування,Іменник (сер. рід),,2026-09-30 19:13:58.595598+00,B1,1627
2d404ccb-35e5-4ace-b852-2a7fe4fc6168,,word,odgoditi,відкласти,Дієслово,,2026-09-30 19:23:19.225661+00,B1,2033
2d44b6a9-3f2d-485e-9123-4b4c6f5c4728,,word,srušiti,зруйнувати,Дієслово,,2026-09-30 19:43:27.289764+00,B1,2563
2d616eaf-64f8-43bb-bfee-1e861816b611,,word,lijek,ліки,Іменник (чол. рід),,2026-09-30 19:13:58.595598+00,A1,1518
2d618e07-17cf-4f32-abfb-dfc994fbb91c,,word,jednostavno,просто,Прислівник,,2026-09-30 19:37:28.32227+00,A2,2367
2d698b66-9854-4223-83e6-85835f5c77e7,,word,uplata,"платіж, внесок",Іменник (жін. рід),,2026-09-30 19:13:58.595598+00,A2,1683
2d84f308-4627-443a-a1c7-84e9c34b52c2,,word,slavan,славетний,Якісний прикметник,,2026-09-30 19:02:53.78951+00,B1,748
2d85e428-f397-4dca-9056-e7b1917aed9b,,word,škola,школа,Іменник,,2026-09-30 18:47:44.824275+00,A1,84
2d92234b-c65a-4281-a991-a640cc5ae7ad,9e3f6972-10fa-4c25-8fed-80a5148f5c44,word,ja,я,[я],,2026-09-30 11:18:02.743916+00,A1,100
2d943241-7e4f-4693-94e5-132410be48d2,,word,upoznati,познайомитися,Дієслово,,2026-09-30 19:23:19.225661+00,A2,2019
2d9e6d78-c16b-48b0-92e2-da505b586ee7,,word,prostor,"простір, приміщення",Іменник (чол. рід),,2026-09-30 18:57:19.23543+00,A2,639
2dae9d97-3017-4943-b5ab-e524aafaa460,,word,zubar,зубний лікар,Іменник (чол. рід),,2026-09-30 19:13:58.595598+00,A2,1546
2db17923-4c52-4aa5-84c3-da99dcb39a1e,,word,ključ,ключ,Іменник (чол. рід),,2026-09-30 19:11:45.674946+00,A1,1413
2dc87502-07e8-4f22-80cf-874391ad1a20,,word,tajna,таємниця,Іменник (жін. рід),,2026-09-30 18:55:51.229682+00,A2,528
2dcd8a3d-6723-4499-947e-50af1ef58c07,,word,pravda,справедливість,Іменник (жін. рід),,2026-09-30 19:16:18.104507+00,B1,1732
2dd291a5-4cc6-45c0-8f9f-f89ce481f064,,word,ugled,репутація,Іменник (чол. рід),,2026-09-30 19:37:28.32227+00,B1,2406
2dd8f697-6046-4d2a-a5b6-8419758559f7,,word,posao,робота,Іменник,,2026-09-30 18:47:44.824275+00,A1,83
2de1fa27-ea09-42ee-b05e-d2545b2e621a,,word,radišan,трудолюбний,Якісний прикметник,,2026-09-30 19:37:28.32227+00,B1,2304
2e1dfa3a-d539-4185-80ce-7c518d25937f,,word,vjerojatno,вірогідно,Прислівник,,2026-09-30 19:37:28.32227+00,A2,2375
2e2250c9-1abe-4b0a-aa4c-af162f7d00fc,,word,utisak,враження,Іменник (чол. рід),,2026-09-30 18:57:19.23543+00,A2,661
2e268c78-7c2a-4c8c-8bc4-a29e7e244434,,word,početi,почати,Дієслово стану/дії,,2026-09-30 18:50:08.476847+00,A1,156
2e317346-5c77-414d-a039-f54b9289b686,,word,opasnost,небезпека,Іменник (жін. рід),,2026-09-30 18:55:51.229682+00,A2,511
2e3d7748-f794-4bb0-af2c-7652e4f89e3a,,word,presuda,вирок,Іменник (жін. рід),,2026-09-30 19:16:11.208603+00,B1,1623
2e480674-3959-44f5-8be1-3ecb859354a7,,word,ovisan,залежний,Прикметник,,2026-09-30 19:02:53.78951+00,B1,759
2e5553a6-4531-487b-85c8-bce42df4c5b6,,word,nepravda,несправедливість,Іменник (жін. рід),,2026-09-30 19:02:53.78951+00,B1,780
2e7e6b05-f311-4e74-bbef-1284141756ed,,word,razmišljati,міркувати,Дієслово,,2026-09-30 19:02:53.78951+00,A2,701
2eb367fe-43ab-40c7-9901-8b8d6bf222fe,,word,sloboda,свобода,Іменник (жін. рід),,2026-09-30 18:53:00.692622+00,B1,395
2eb632b3-4997-427e-baa4-b2d8fde81c6f,,word,sedam,сім,Числівник,,2026-09-30 18:51:44.601106+00,A1,272
2eca1083-7477-46c7-a181-597858f97fd7,,word,računovođa,бухгалтер,Іменник (чол. рід),,2026-09-30 19:16:11.208603+00,B1,1700
2ed12222-d4c7-4ad2-841c-b147919fff56,,word,umirovljenik,пенсіонер,Іменник (чол. рід),,2026-09-30 19:16:11.208603+00,A2,1553
2eda196f-ad40-425a-936b-6340da467033,,word,ugovor,договір,Іменник (чол. рід),,2026-09-30 19:05:19.501424+00,A2,842
2ee2c963-a671-4ae6-ad8b-1822c015ad6d,,word,uspješan,успішний,Якісний прикметник,,2026-09-30 19:43:27.289764+00,A2,2339
2eee9999-0709-4423-a08d-2e2a819f3636,,word,toplina,тепло,Іменник (жін. рід),,2026-09-30 19:46:32.987066+00,A2,2947
2ef5f4b8-786e-4f69-8592-4114cd19a941,,word,pregovori,переговори,"Іменник (чол. рід, мн.)",,2026-09-30 19:16:18.104507+00,B1,1727
2f034a65-f952-440c-82e3-3c6756258f0c,,word,administracija,адміністрація,Іменник (жін. рід),,2026-09-30 19:43:27.289764+00,B1,2415
2f14b4d1-3306-409e-a41f-75a3077310c4,,word,ton,"звук, тон",Іменник (чол. рід),,2026-09-30 19:46:32.987066+00,B1,2849
2f3d2b71-d7f1-4253-99e2-a7bca91f31c3,,word,dovršiti,завершити,Дієслово,,2026-09-30 19:23:19.225661+00,B1,2099
2f402b15-a55c-48db-b7e6-f923d131668d,,word,standard,стандарт,Іменник (чол. рід),,2026-09-30 19:16:18.104507+00,B1,1736
2f4dce85-adb1-4386-9732-8ac57494f660,,word,kredit,кредит,Іменник (чол. рід),,2026-09-30 19:16:11.208603+00,A2,1690
2f65d863-8ba1-4aaf-8a53-016c3d31a6c3,,word,baterija,батарея,Іменник (жін. рід),,2026-09-30 19:16:18.104507+00,A2,1770
2f77405c-5a50-4864-9dc7-211ab9ae1616,,word,statistika,статистика,Іменник (жін. рід),,2026-09-30 19:16:18.104507+00,B1,1847
2f8147d0-441b-4785-b6b2-a374a81b4742,,word,propasti,"зазнати невдачі, провалитися",Дієслово,,2026-09-30 19:07:18.68248+00,B1,934
2fb7f282-cbd4-4cf9-a74c-487b7238cb82,,word,sveučilište,університет,Іменник (сер. рід),,2026-09-30 19:46:32.987066+00,B1,2883
2fbd58b5-be2a-4b88-ae58-6db48fe90e8d,,word,daska,дошка (прасувальна),Іменник (жін. рід),,2026-09-30 19:11:45.674946+00,B1,1464
2fc2bd1d-b23c-402b-811c-eba7a6882e02,,word,ured,офіс,Іменник (чол. рід),,2026-09-30 19:13:58.595598+00,A2,1564
2fe0fb1e-f3f0-49d1-bcce-702459613896,,word,neprijatelj,ворог,Іменник (чол. рід),,2026-09-30 18:55:51.229682+00,B1,545
2ff2f811-b594-412b-9cbb-caa884754a85,,word,ma tko,хто завгодно,Вираз,,2026-09-30 19:37:28.32227+00,B1,2358
2ff54d74-7be8-4529-a64c-7f30ce0d92c3,,word,darovati,подарувати,Дієслово,,2026-09-30 19:43:27.289764+00,A2,2514
2ffce351-93f4-49a3-8a8f-07cdd7407e62,,word,nadesno,праворуч,Прислівник,,2026-09-30 19:43:27.289764+00,A2,2386
3038fe7f-b84a-4105-a96a-40c91cc46d3f,,word,prijatelj,друг,Іменник,,2026-09-30 18:47:44.824275+00,A1,91
303c325b-5197-4fb3-9f10-8e19462ae570,,word,nestati,зникнути,Дієслово,,2026-09-30 19:34:28.835177+00,B1,2103
3081db33-3309-461b-bb02-22389218bc0f,,word,modernizirati,модернізувати,Дієслово,,2026-09-30 19:43:27.289764+00,B1,2566
309005e3-6dab-4005-9bfa-ad8e568f6bbd,,word,pisati,писати,Дієслово дії,,2026-09-30 18:47:44.824275+00,A1,52
30922dec-0c76-4820-8663-116d492f3ab0,,word,punjač,зарядний пристрій,Іменник (чол. рід),,2026-09-30 19:16:18.104507+00,A2,1769
309b4f8b-278d-4ab1-81f3-b9d8cfd99466,,word,sakriti se,сховатися,Зворотне дієслово,,2026-09-30 19:43:27.289764+00,B1,2488
30a10029-f299-4836-b687-50c4beb5e53f,,word,osjetiti,відчути,Дієслово,,2026-09-30 19:02:53.78951+00,A2,704
30a5ba61-a191-4a41-a31e-f7f0d6fc7f97,,word,ništavan,нікчемний,Прикметник,,2026-09-30 19:43:27.289764+00,B1,2361
30b15300-30fd-4ef6-9bb5-17d2f65fa9bf,,phrase,rodni list,свідоцтво про народження,Вираз,,2026-09-30 19:13:58.595598+00,A2,1587
30ce1191-6e3e-4008-86ad-39f7e57eb7d9,,word,plaža,пляж,Іменник (чол. рід),,2026-09-30 19:46:32.987066+00,A1,2975
30d27818-417c-4576-8593-b706f08d0fe3,,word,naprimjer,наприклад,Прислівник,,2026-09-30 19:43:27.289764+00,A1,2351
30db36b6-a081-4fb5-adb5-a588a6703bdb,,word,uzdah,зітхання,Іменник (чол. рід),,2026-09-30 18:57:19.23543+00,B1,686
30e79536-4919-4b93-92ff-b229f8212705,,word,motel,мотель,Іменник (чол. рід),,2026-09-30 19:11:45.674946+00,A2,1393
30f3351f-3e3e-4de5-b4ad-6132965979ef,,word,referendum,референдум,Іменник (чол. рід),,2026-09-30 19:43:27.289764+00,B1,2442
30fb61d8-786b-4729-b66a-68af6cf2af86,,word,dirigent,диригент,Іменник (чол. рід),,2026-09-30 19:16:18.104507+00,B1,1888
31126e64-8a8a-443f-94f8-708dbe79bac6,,word,projektirati,проєктувати,Дієслово,,2026-09-30 19:43:27.289764+00,B1,2560
312f7fb4-1a50-43ad-ad44-629ce35bd407,,word,red,черга,Іменник (чол. рід),,2026-09-30 19:16:11.208603+00,A2,1566
313d551f-619e-456f-bfcf-571ac915bf51,,word,situacija,ситуація,Іменник (жін. рід),,2026-09-30 19:07:18.68248+00,A2,1082
3144ef48-2587-4ec8-a48b-dff9d53ac97f,,word,sporedni,другорядний,Прикметник,,2026-09-30 19:02:53.78951+00,B1,755
314b8aac-6682-45d3-b84f-151726b6d3b1,,word,mast,мазь,Іменник (жін. рід),,2026-09-30 19:13:58.595598+00,B1,1521
3157c473-2757-4fd8-90e5-e5f6b109c4a2,,word,pjesnik,поет,Іменник (чол. рід),,2026-09-30 19:16:18.104507+00,B1,1883
3161ede4-82b9-4c12-9545-89269cc687af,,word,spoznati,пізнати,Дієслово,,2026-09-30 19:34:28.835177+00,B1,2126
3167df0c-98ac-40b4-8ee6-bc703d6df23b,,word,žena,жінка,Іменник (жін. рід),,2026-09-30 19:09:45.971373+00,A1,1253
317a4d4a-ff6e-4192-8e8f-40a5fef865d3,,word,vratiti,повернути,Дієслово,,2026-09-30 19:23:19.225661+00,A2,1927
317ad7fc-00af-4364-93ef-05f96aa34957,,word,namjerno,навмисно,Прислівник,,2026-09-30 19:37:28.32227+00,B1,2373
31b381fb-cf42-48b9-af7f-c1f6ba4e1ee2,,word,uredan,охайний,Якісний прикметник,,2026-09-30 19:34:28.835177+00,A2,2272
31d51c2e-e14d-46db-a1d2-c8d0b00f04ed,,word,toplina,тепло,Іменник (жін. рід),,2026-09-30 19:09:45.971373+00,A2,1212
31dbaf36-4773-4686-8f32-022399b2b964,,word,granica,"межа, кордон",Іменник (жін. рід),,2026-09-30 19:16:18.104507+00,A2,1742
31f3060e-4915-4d0b-9721-097fb3040432,,word,prigovor,скарга,Іменник (чол. рід),,2026-09-30 19:07:18.68248+00,B1,1077
31f4b038-639d-4ff8-aba5-ac7e0615d045,,word,dapače,"навпаки, ба більше",Прислівник,,2026-09-30 19:37:28.32227+00,B1,2353
31fa12b0-af31-47fb-bcff-1fd2e80ce482,,word,zreo,зрілий,Якісний прикметник,,2026-09-30 19:34:28.835177+00,B1,2277
3201170d-026b-48a1-8ec3-0282709c8b14,,word,pažljiv,уважний,Якісний прикметник,,2026-09-30 19:43:27.289764+00,A2,2315
32028446-6487-469e-92f5-46b1ecea405d,,word,stečaj,банкрутство,Іменник (чол. рід),,2026-09-30 19:16:11.208603+00,B1,1694
32119f0d-30ee-4c49-9e29-d79b8e490cf3,,word,obujam,об'єм,Іменник (чол. рід),,2026-09-30 19:34:28.835177+00,B1,2186
3215753a-5dcc-4992-84c4-3cd18533e8b9,,word,rob,раб,Іменник (чол. рід),,2026-09-30 19:43:27.289764+00,B1,2671
3221f677-6649-437b-b86f-12dfb4d5f99f,,word,pobjednik,переможець,Іменник (чол. рід),,2026-09-30 19:46:32.987066+00,A2,2901
3223a7b3-8f23-4e46-aa11-bf5ab50ef5ac,,word,sustav,система,Іменник (чол. рід),,2026-09-30 18:57:19.23543+00,B1,649
3224084c-4f55-4016-bb94-547e7255b040,cdbe8d84-ac8f-4a14-850b-f3d49dab1e9a,dialogue_line,Najmodavac: Jeste li probali resetirati ruter?,Ви пробували перезавантажити роутер?,,,2026-09-30 11:18:03.738799+00,A1,100
3261769e-e28e-4746-8de7-c8e87b4b258d,,word,srušiti se,впасти (знепритомніти),Дієслово,,2026-09-30 19:43:27.289764+00,B1,2645
3267e499-3beb-4415-94be-569caf4b84d0,,word,mekan,м'який,Якісний прикметник,,2026-09-30 19:02:53.78951+00,A2,739
326c8d06-5e07-477d-9012-f780c8f28582,,word,jezero,озеро,Іменник (сер. рід),,2026-09-30 18:53:00.692622+00,A2,333
32754e5f-a7a4-4944-8664-8abae23196df,00000000-0000-0000-0000-000000000010,phrase,Koji broj trebam uzeti za MUP?,Який номер мені потрібно взяти для MUP?,,,2026-09-30 13:44:24.31931+00,A1,100
328086dd-ffc5-44f5-90a4-68e45218be5f,,word,knjiga,книга,Іменник (жін. рід),,2026-09-30 19:09:45.971373+00,A1,1116
32975b75-d7ab-4ba0-b7c7-025c703ca9dd,,word,hladan,холодний,Якісний прикметник,,2026-09-30 19:34:28.835177+00,A1,2259
32a08f41-7ce8-427d-b94a-27d4cc8d1a6c,,word,karta,"квиток, карта",Іменник (жін. рід),,2026-09-30 18:53:00.692622+00,A1,330
32a0b0d0-4ed2-4cc6-8e78-3377f75946f6,,word,potpis,підпис,Іменник (чол. рід),,2026-09-30 19:05:19.501424+00,A2,843
32c1d5e7-d111-4809-98f0-6c67bf8f3bb0,,word,knjiga,книга,Іменник (жін. рід),,2026-09-30 19:46:32.987066+00,A1,2858
32e44176-c898-4ea2-9b21-6e1c64c04332,,word,oklijevati,"вагатися, зволікати",Дієслово,,2026-09-30 19:43:27.289764+00,B1,2576
32e7fe2e-96b9-4a57-baac-56dc6193dc11,,word,priroda,природа,Іменник (жін. рід),,2026-09-30 19:09:45.971373+00,A1,1215
32ef2c6f-2a8b-422b-afc5-50d6021275bd,,word,plod,плід,Іменник (чол. рід),,2026-09-30 19:09:45.971373+00,B1,1246
32f0cab9-36ed-4f34-9ac2-00abba5a938d,,word,prihod,дохід,Іменник (чол. рід),,2026-09-30 19:16:11.208603+00,B1,1668
331a60e9-62d3-4f6a-a9af-213c89c4c123,,word,fotografija,фотографія,Іменник (жін. рід),,2026-09-30 19:46:32.987066+00,A2,2853
333156da-c84b-41f4-8bb7-69824b45869b,,word,uzrok,причина,Іменник (чол. рід),,2026-09-30 19:34:28.835177+00,B1,2160
3351d325-74fa-4859-81d4-a2b946ae082a,,word,klima,клімат,Іменник (жін. рід),,2026-09-30 19:05:19.501424+00,A2,875
3364df49-a458-45e7-96f0-eba6c06e473f,,word,uštedjeti,заощадити,Дієслово,,2026-09-30 19:43:27.289764+00,B1,2506
336ca065-036f-40ee-9eec-c06c0c1762fe,,word,vojnik,солдат,Іменник (чол. рід),,2026-09-30 19:09:45.971373+00,A2,1298
3370b071-aa09-487e-b442-a92995fa8e1e,,word,mikrovalna,мікрохвильовка,Іменник (жін. рід),,2026-09-30 19:11:45.674946+00,A2,1436
3370ba47-758c-4c8a-ba79-7bd733b59333,,word,distribucija,дистрибуція,Іменник (жін. рід),,2026-09-30 19:16:18.104507+00,B1,1715
33a58ae1-6c11-4ab3-b99b-9c850c1cbac8,,word,veza,зв'язок,Іменник (жін. рід),,2026-09-30 19:16:18.104507+00,A2,1781
33a917cc-8c81-4e8b-ad68-675b6643e8f3,,word,propis,"правило, припис",Іменник (чол. рід),,2026-09-30 19:13:58.595598+00,B1,1610
33beaa29-9507-4536-bf6c-885e6e55bbf7,,word,susjed,сусід,Іменник (чол. рід),,2026-09-30 18:55:51.229682+00,A2,549
33cfc672-97c4-4521-a318-225c59ec4bff,,word,uspješan,успішний,Якісний прикметник,,2026-09-30 19:37:28.32227+00,A2,2339
33d8764b-b233-4c5e-aa35-3a964001a851,,word,stranica,сторінка,Іменник (жін. рід),,2026-09-30 19:46:32.987066+00,A2,2864
34011313-3b4a-4be0-a29f-52d53648a120,,word,širok,широкий,Якісний прикметник,,2026-09-30 19:02:53.78951+00,A2,731
3403a7a8-df33-487f-a0b9-a52e957bb369,,word,sestra,медсестра,Іменник (жін. рід),,2026-09-30 19:16:11.208603+00,A1,1547
3407bc7d-294e-4463-ac8d-ffb4a233f04b,,word,djelatnost,діяльність,Іменник (жін. рід),,2026-09-30 19:16:18.104507+00,B1,1704
340c3bf1-00b5-4210-9551-e99a9134903b,,word,razgovor,розмова,Іменник (чол. рід),,2026-09-30 19:07:18.68248+00,A2,1093
341fda3a-1c1e-4770-beba-f3c82bf30f0e,,word,svjetlost,світло,Іменник (жін. рід),,2026-09-30 19:46:32.987066+00,A2,2948
3426a088-b18b-4f9d-9367-d80a4003b19b,9ff8ccfd-58f7-457d-9025-a5f1ee9d75df,word,autobus,автобус,[ауто́бус],,2026-09-30 11:18:03.517183+00,A1,100
342d4b58-c5ec-4db9-b5b4-3f6b16c6cd42,,word,aplikacija,застосунок,Іменник (жін. рід),,2026-09-30 19:16:18.104507+00,A2,1759
3440052f-7974-4f7f-b816-1721b04b8e6a,,word,ideja,ідея,Іменник (жін. рід),,2026-09-30 18:57:19.23543+00,A2,656
3443efa2-cb8a-47c6-9b16-f0f488d43a33,,word,veleposlanstvo,посольство,Іменник (сер. рід),,2026-09-30 19:13:58.595598+00,B1,1597
347d6c0a-6683-4b3d-9057-61c4d1e9f746,,word,iznenađenje,"сюрприз, несподіванка",Іменник (сер. рід),,2026-09-30 19:02:53.78951+00,A2,765
348789bf-9fc8-4f2e-8528-4e26b44b1735,cdbe8d84-ac8f-4a14-850b-f3d49dab1e9a,phrase,Bojler ne radi.,Бойлер не працює.,[Бо́йлер не ра́ді],,2026-09-30 11:18:03.738799+00,A1,100
349a9728-43f4-445b-aa23-ac4fe6e13658,,word,vi,ви,Особовий займенник (поважний/мн.),,2026-09-30 18:47:44.824275+00,A1,21
34bbff05-f511-4d34-a3d4-23da629b73d2,,word,devet,дев'ять,Числівник,,2026-09-30 18:51:44.601106+00,A1,274
34e77f6b-a836-414c-8d00-9cfd6dab5082,,word,optuženi,обвинувачений,Іменник (чол. рід),,2026-09-30 19:11:45.674946+00,B1,1343
34e81e78-f52c-4e38-a404-d061b974a3e7,,word,časnik,офіцер,Іменник (чол. рід),,2026-09-30 19:11:45.674946+00,B1,1332
34f2c096-19f4-4f93-9fe9-126ebf5a18ac,,word,opasnost,небезпека,Іменник (жін. рід),,2026-09-30 19:05:19.501424+00,A2,856
34ff81d5-615a-49f3-a955-84bbd7eb76ac,,word,smijeti,сміти,Дієслово,,2026-09-30 19:23:19.225661+00,A2,1988
351899a1-2690-4078-aba0-66318a890957,,word,osjetiti,відчути,Дієслово,,2026-09-30 19:23:19.225661+00,A2,1957
3524235c-ca1d-437d-8abe-b823dc9e80bc,,word,kondukter,кондуктор,Іменник (чол. рід),,2026-09-30 19:11:45.674946+00,A2,1327
3536b08c-3824-4b1c-8d7f-b051c7584070,,word,zatvor,в'язниця,Іменник (чол. рід),,2026-09-30 19:43:27.289764+00,A2,2670
3538fc28-74e3-4075-be19-b341d569d139,,word,dogovor,домовленість,Іменник (чол. рід),,2026-09-30 18:57:19.23543+00,A2,644
3546003b-7e28-4a2d-9509-7f26420665db,,word,pametan,розумний,Якісний прикметник,,2026-09-30 18:50:08.476847+00,A2,151
354e2535-9fc6-49fe-8126-f92762af0d5e,,word,zadatak,завдання,Іменник (чол. рід),,2026-09-30 19:46:32.987066+00,A2,2877
354eb59c-2388-4b3c-abc2-c611f4ef818f,,word,donijeti,принести,Дієслово,,2026-09-30 19:23:19.225661+00,A1,1930
355e7c96-f9ea-4108-a0f9-1de788b08156,,word,željeti,"хотіти, бажати",Дієслово,,2026-09-30 19:23:19.225661+00,A1,1983
35611c89-c093-435d-90a4-c8742b1b2b0a,,word,maštovit,з уявою,Якісний прикметник,,2026-09-30 19:37:28.32227+00,B1,2349
3567156c-4114-46ea-8ccf-01978b71466c,,word,zrak,повітря,Іменник (чол. рід),,2026-09-30 18:54:20.802874+00,A2,401
3581ae56-04cc-42f9-bb0b-2170d7c62a09,,word,blagajna,каса,Іменник (жін. рід),,2026-09-30 19:09:45.971373+00,A2,1193
3588a2ac-2a13-4338-a490-f0cef6e3d260,,word,posuditi,позичити,Дієслово,,2026-09-30 19:23:19.225661+00,B1,1926
3599712f-6af5-4921-89f1-423ed4ae2929,,word,pravilo,правило,Іменник (сер. рід),,2026-09-30 19:46:32.987066+00,A2,2874
35a60842-6ac8-4157-8096-b4709346a510,,word,potpis,підпис,Іменник (чол. рід),,2026-09-30 18:53:00.692622+00,A2,345
35e0d9fb-226b-4fbe-addf-f5e9e878ba0d,,word,mirovati,спочивати,Дієслово,,2026-09-30 19:23:19.225661+00,B1,2037
35eaba56-5375-40e7-9395-a7c3f7916327,,word,članak,стаття (закону),Іменник (чол. рід),,2026-09-30 19:16:11.208603+00,A2,1606
36177929-546f-42a7-a659-53f20d11729c,,word,korak,крок,Іменник (чол. рід),,2026-09-30 18:57:19.23543+00,A2,665
36406a7b-5357-44f5-a521-ed71d3cf6c03,,word,ekran,екран,Іменник (чол. рід),,2026-09-30 19:46:32.987066+00,A2,2847
365ad15f-e437-4192-b550-cf8751717b7b,,word,odobrenje,"схвалення, дозвіл",Іменник (сер. рід),,2026-09-30 19:13:58.595598+00,B1,1575
365d77f2-2989-4a62-801f-33f0e6a4f5c8,,word,neoprezan,необережний,Якісний прикметник,,2026-09-30 19:37:28.32227+00,B1,2318
36602bf3-edf1-4283-99f5-98a9c6d989f9,,word,transakcija,транзакція,Іменник (жін. рід),,2026-09-30 19:13:58.595598+00,B1,1686
368302c2-7740-491c-8e7f-efa77728cefe,,word,nespreman,неготовий,Якісний прикметник,,2026-09-30 19:43:27.289764+00,B1,2332
36a15c2c-fbc0-4699-9604-671a6cf4f248,,word,raketa,ракета,Іменник (жін. рід),,2026-09-30 19:11:45.674946+00,B1,1365
36bc9e8c-8953-4190-b457-f69015b0a318,,word,varati,обманювати,Дієслово,,2026-09-30 19:43:27.289764+00,B1,2591
36bcedbd-1fef-4e2c-a8ac-25bde2b9e530,,word,neučinkovit,неефективний,Якісний прикметник,,2026-09-30 19:37:28.32227+00,B1,2338
36cd0dea-dd2a-4a1f-84af-361db1996425,,word,organizacija,організація,Іменник (жін. рід),,2026-09-30 18:55:51.229682+00,A2,555
3712964b-0ec5-44f7-b73b-569bd104a03b,cdbe8d84-ac8f-4a14-850b-f3d49dab1e9a,word,popraviti,полагодити,[попра́віті],,2026-09-30 11:18:03.738799+00,A1,100
3713cbfe-6bfa-4a76-a3b5-ba13c56ecda9,,word,standard,стандарт,Іменник (чол. рід),,2026-09-30 19:43:27.289764+00,B1,2736
37250e91-6fe5-40eb-a5f5-c9e66f00ceb9,,word,se,ся / себе,Зворотна частка,,2026-09-30 18:47:44.824275+00,A1,11
372a4702-270e-414c-b2d1-535c6b98e94c,,word,vojska,армія,Іменник (жін. рід),,2026-09-30 19:16:11.208603+00,B1,1643
372e31c6-7a76-4861-b8e1-961848ec8d53,,word,pravopis,правопис,Іменник (чол. рід),,2026-09-30 19:46:32.987066+00,B1,2872
373fbe83-78ac-4ac2-9206-e218cc6e27c1,,word,nestati,зникнути,Дієслово,,2026-09-30 19:43:27.289764+00,B1,2490
373fd228-0078-4a6b-bf21-f3e30ff9af33,,word,tema,тема,Іменник (жін. рід),,2026-09-30 19:46:32.987066+00,A2,2861
37645051-ce13-40fc-8bb4-f55fb106b0f3,,word,ljubav,любов,Іменник (жін. рід),,2026-09-30 19:07:18.68248+00,A1,1023
3764d345-a698-43a5-8543-1cc5699f6c34,,word,groznica,гарячка,Іменник (жін. рід),,2026-09-30 19:13:58.595598+00,B1,1531
37735f8d-61da-4402-93e0-03499ed7b1b2,,word,pokus,"дослід, експеримент",Іменник (чол. рід),,2026-09-30 19:16:18.104507+00,B1,1804
3778ad37-d4e0-4053-8d7b-4decba1d38e0,,word,kuhati,готувати їжу,Дієслово побутове,,2026-09-30 18:50:08.476847+00,A1,173
377ffe1b-8c32-483c-9314-36b8f5310ff9,,word,zakon,закон,Іменник (чол. рід),,2026-09-30 19:13:58.595598+00,A2,1604
3780b7aa-1de4-4299-b250-d6248d51c896,,word,val,хвиля,Іменник (чол. рід),,2026-09-30 19:16:18.104507+00,B1,1834
37844076-8348-4e77-afe3-3cc960b8a627,,word,mali,малий,Якісний прикметник,,2026-09-30 18:47:44.824275+00,A1,60
378d23e1-1383-4379-b770-aa456b36292f,,word,polica,страховий поліс,Іменник (жін. рід),,2026-09-30 19:16:11.208603+00,B1,1555
3796f311-33c5-4939-886b-6706c3fb6b2d,,word,požuriti,поспішити,Дієслово,,2026-09-30 19:23:19.225661+00,A2,2034
37a267ee-ea69-4d6d-a6a0-f83fcd126d20,,word,namještaj,меблі,Іменник (чол. рід),,2026-09-30 19:11:45.674946+00,A2,1416
37a3a97f-3b26-4bfb-8807-e6f1ea77306d,,word,natjecanje,змагання,Іменник (сер. рід),,2026-09-30 19:46:32.987066+00,B1,2789
37a91859-bb73-4044-8628-d85099a5d31b,,word,organizirati,організувати,Дієслово,,2026-09-30 18:54:20.802874+00,A2,494
37c2deeb-3e3c-4bbb-aea3-a754a1146f9b,,word,zračna luka,аеропорт,Іменник (жін. рід),,2026-09-30 18:51:44.601106+00,A2,213
37c72091-ba89-42db-87b5-ed312993f498,,word,tražiti,шукати,Дієслово,,2026-09-30 19:23:19.225661+00,A1,1934
37dbaf38-f9ef-44b3-8780-8eecdaded3f2,,word,tvrtka,"компанія, фірма",Іменник (жін. рід),,2026-09-30 18:55:51.229682+00,A2,558
37e48852-f5bd-433e-a092-046b32a330d4,,word,onaj,той,Вказівний займенник,,2026-09-30 18:47:44.824275+00,A1,28
37e4c3ff-ee37-425a-bf37-201861d4062e,aef634c7-836d-4d7d-9ae4-41fa0012b5b3,word,glava,голова,[гла́ва],,2026-09-30 11:18:04.076329+00,A1,100
37eeffb0-06ec-46cc-9fe5-9f0523cdb0cf,,word,seljak,селянин,Іменник (чол. рід),,2026-09-30 18:55:51.229682+00,A2,589
38301c75-26e4-4b46-9ceb-158ac45a7043,bbe9211f-51f2-4654-a98f-528ffb57e9ad,word,voće,фрукти,[во́че],,2026-09-30 11:18:03.043652+00,A1,100
3834e3e1-903c-4e1a-bb96-6d932ea0b4a7,,word,slika,картина,Іменник (жін. рід),,2026-09-30 19:11:45.674946+00,A2,1428
3841b51e-7474-45ea-b576-796b6843bba4,,word,potpisati,підписати,Дієслово,,2026-09-30 19:07:18.68248+00,A2,919
3870aa58-e777-41d4-ac6b-7bff921e8942,,word,operirati,оперувати,Дієслово,,2026-09-30 19:43:27.289764+00,B1,2632
38713909-4697-4bd4-b14a-ec08492068ff,,word,čizme,чоботи,"Іменник (жін. рід, мн.)",,2026-09-30 19:11:45.674946+00,A2,1491
3871e383-f87b-422a-b2b9-3b5c497006a2,,word,mudrost,мудрість,Іменник (жін. рід),,2026-09-30 19:02:53.78951+00,B1,770
38a3570e-98f5-4d9b-8b03-2a0499e5a4a6,,word,znati,знати,Дієслово розуміння/знання,,2026-09-30 18:47:44.824275+00,A1,38
38d81d53-30ea-4995-a344-37581312d2c5,,word,igrati,грати,Дієслово дії,,2026-09-30 18:50:08.476847+00,A1,169
38ddafda-a673-47cc-951f-6002278e95ac,,word,da,"так, що",Затвердження / підрядний сполучник,,2026-09-30 18:47:44.824275+00,A1,4
38eb9c4a-f305-4015-87a0-1ac7ce299585,,word,stolica,стілець,Іменник (жін. рід),,2026-09-30 18:53:00.692622+00,A1,314
38ebcaa3-1e01-41b9-bc8b-cf122448d808,,word,međutim,"проте, однак",Сполучник,,2026-09-30 19:43:27.289764+00,B1,2355
38f94712-fce8-4238-8f70-afc103608168,,word,gubitak,"збиток, втрата",Іменник (чол. рід),,2026-09-30 19:05:19.501424+00,A2,826
39210f3b-d31f-4bec-ae38-9c55473b64bd,,word,koalicija,коаліція,Іменник (жін. рід),,2026-09-30 19:37:28.32227+00,B1,2436
393830ea-e0b9-4944-bdad-02c890d1c08c,,word,svrha,"призначення, мета",Іменник (жін. рід),,2026-09-30 19:34:28.835177+00,B1,2165
39477a75-ed22-4503-af09-7198e001c319,,word,registar,реєстр,Іменник (чол. рід),,2026-09-30 19:13:58.595598+00,B1,1562
39671d01-8aa1-44b0-9973-1484af8841de,,word,graditi,будувати,Дієслово,,2026-09-30 19:23:19.225661+00,A2,1992
396a97c1-c359-4968-a3ef-1ac0590382ba,,word,istrčati,вибігти,Дієслово,,2026-09-30 19:37:28.32227+00,B1,2466
3985be98-871f-4d1d-8b04-0f00130f2852,,word,soba,кімната,Іменник (жін. рід),,2026-09-30 19:46:32.987066+00,A1,2811
398a37b4-2d44-40b7-adc8-55a9916a5120,,word,usluga,послуга,Іменник (жін. рід),,2026-09-30 19:07:18.68248+00,A2,1071
398b1d5b-2311-449d-8d2b-0bced935f2f1,,word,košulja,сорочка,Іменник (жін. рід),,2026-09-30 18:53:00.692622+00,A1,302
39966a20-83df-4b71-b739-8844d335448b,,word,gore,"вгору, нагорі",Прислівник,,2026-09-30 18:54:20.802874+00,A1,443
399c951b-92e8-4e08-b611-3a10ed3b297c,,word,svađati se,сваритися,Зворотне дієслово,,2026-09-30 19:43:27.289764+00,A2,2659
39a79396-e929-4c87-8e1f-5bf49eb2a6f1,,word,nacija,нація,Іменник (жін. рід),,2026-09-30 19:09:45.971373+00,B1,1282
39b12389-3b72-428b-8b1d-bbfb3e9003fc,,word,majstor,майстер,Іменник (чол. рід),,2026-09-30 19:09:45.971373+00,A2,1172
39d3bd11-8d24-4f7f-9883-5b898355971d,,word,kao,як,Порівняльний сполучник / частка,,2026-09-30 18:47:44.824275+00,A1,16
39d4c7eb-a61e-41b5-bd8b-472abcfbae28,,word,razgovarati,розмовляти,Дієслово,,2026-09-30 19:23:19.225661+00,A1,1946
39ec548e-be8c-4d83-8969-24b16266c5a2,,word,trovanje,отруєння,Іменник (сер. рід),,2026-09-30 19:13:58.595598+00,B1,1536
39fbad59-01a1-4174-a217-01a890de82db,,word,složen,"складний, комплексний",Якісний прикметник,,2026-09-30 18:57:19.23543+00,B1,620
3a319e02-ed62-47c0-bbff-dec0173787c4,00000000-0000-0000-0000-000000000008,phrase,Možete li provjeriti motor OM639?,Можете перевірити двигун OM639?,,,2026-09-30 13:44:23.68813+00,A1,100
3a332502-1e4b-43d8-93c0-2c39384053a3,,word,svjedočenje,свідчення,Іменник (сер. рід),,2026-09-30 19:13:58.595598+00,B1,1616
3a4746ed-a36b-485d-b598-9bbf69d9541a,,word,potpis,підпис,Іменник (чол. рід),,2026-09-30 19:13:58.595598+00,A2,1559
3a668299-0780-45c8-b6e6-5434c973bedb,,word,pobjeda,перемога,Іменник (жін. рід),,2026-09-30 19:09:45.971373+00,A2,1154
3a730526-5a51-481b-a6bb-98b547c5f9c7,,word,krivica,провина,Іменник (жін. рід),,2026-09-30 19:43:27.289764+00,B1,2664
3a74b800-3b14-4b81-9d06-9ae5c1aff9b2,,word,dolje,"вниз, внизу",Прислівник,,2026-09-30 18:54:20.802874+00,A1,444
3a7d5aed-ef34-4265-b19c-ab890ff67d4a,,word,igrati,грати,Дієслово,,2026-09-30 19:23:19.225661+00,A1,2010
3a843721-4dab-44df-a95b-618041b5ccac,,word,štoviše,більше того,Прислівник,,2026-09-30 19:43:27.289764+00,B1,2352
3a9d8b81-db18-480f-ba58-fda0a872e73a,,word,bolest,хвороба,Іменник (жін. рід),,2026-09-30 19:13:58.595598+00,A2,1512
3a9e4211-d6c0-4dbd-b46e-d76f98f6f735,,word,obrazac,"бланк, анкета",Іменник (чол. рід),,2026-09-30 19:05:19.501424+00,A2,805
3ac6b7ae-5215-4f40-86a9-6de58a731db9,,word,enciklopedija,енциклопедія,Іменник (жін. рід),,2026-09-30 19:16:18.104507+00,B1,1800
3ae93b54-fb20-4612-bb75-4880279290cc,6a50fa7b-a8d3-4cde-9039-ad17309ed1e2,word,kava,кава,[ка́ва],,2026-09-30 11:18:03.287284+00,A1,100
3af2da76-7e8b-4f13-95f0-0d3d3d0ac2ec,,word,probati,"куштувати, пробувати",Дієслово,,2026-09-30 19:23:19.225661+00,A1,1920
3b00400a-0f96-4938-abf3-c548f5d3237f,,word,inflacija,інфляція,Іменник (жін. рід),,2026-09-30 19:05:19.501424+00,B1,838
3b01bcbc-959f-403f-a672-b1ce28da431a,,word,spona,зв'язок,Іменник (жін. рід),,2026-09-30 19:34:28.835177+00,B1,2129
3b0a29d6-6813-46e4-9fb6-612759349fea,,word,lijek,ліки,Іменник (чол. рід),,2026-09-30 19:05:19.501424+00,A1,864
3b0b2c51-05cd-49ff-af43-7f6c3df1b7b4,,word,prošlost,минуле,Іменник (жін. рід),,2026-09-30 19:46:32.987066+00,A2,2752
3b0fde79-cf28-4468-a0f0-9bebfe53803f,,word,pravda,справедливість,Іменник (жін. рід),,2026-09-30 19:13:58.595598+00,B1,1603
3b109d6b-e7a8-4e4a-be56-16463d3cc0a0,,word,temperatura,температура,Іменник (жін. рід),,2026-09-30 19:13:58.595598+00,A2,1530
3b1612d5-ce65-4b05-8a29-d2aab41438ce,,word,obrana,оборона,Іменник (жін. рід),,2026-09-30 19:43:27.289764+00,B1,2428
3b16e4d3-7042-40d0-8c9e-66f24dda0576,,word,snaga,сила,Іменник (жін. рід),,2026-09-30 19:05:19.501424+00,A2,890
3b237266-09e0-4149-938c-c62a55f22da9,,word,promjena,зміна,Іменник (жін. рід),,2026-09-30 19:02:53.78951+00,A2,789
3b33464d-e68c-4745-a123-f8f25c8266be,,word,kamera,камера,Іменник (жін. рід),,2026-09-30 19:16:18.104507+00,A2,1767
3b465566-781b-4920-a1eb-4591614c2fe0,9e3f6972-10fa-4c25-8fed-80a5148f5c44,dialogue_line,B: Doviđenja i ugodan dan!,До побачення і гарного дня!,,,2026-09-30 11:18:02.743916+00,A1,100
3b487f78-95fb-4fdb-aa52-ee97a62f0fd0,,word,prevoditelj,перекладач,Іменник (чол. рід),,2026-09-30 19:16:18.104507+00,A2,1895
3b4c542e-6671-48fd-b9b7-29a61d217cc1,00000000-0000-0000-0000-000000000007,dialogue_line,Scrum Master: Imaš li kakvih zastoja?,Скрам-майстер: Чи є в тебе якісь блокери?,,,2026-09-30 13:44:23.450621+00,A1,100
3b4dc1b7-d413-430c-b44d-127865ac3561,,word,proces,процес,Іменник (чол. рід),,2026-09-30 19:43:27.289764+00,A2,2703
3b542eed-79cc-4216-b004-1bab862138e4,,word,kreativnost,креативність,Іменник (жін. рід),,2026-09-30 19:07:18.68248+00,B1,980
3b654659-b0df-4764-a7f9-a37b7e61069c,,word,fizika,фізика,Іменник (жін. рід),,2026-09-30 19:16:18.104507+00,A2,1843
3b6cd42d-633e-4923-a4ef-a359cd32413e,,word,vodič,гід,Іменник (чол. рід),,2026-09-30 19:16:18.104507+00,A2,1899
3ba3683c-9807-4b5e-9d4f-900e5f679edc,,word,kašljati,кашляти,Дієслово,,2026-09-30 19:43:27.289764+00,A2,2638
3bc5ce74-7a28-43c7-ab84-b67e85cdb790,,word,trenutak,момент,Іменник (чол. рід),,2026-09-30 19:46:32.987066+00,A2,2755
3bce98c3-71f7-4806-9090-b7799a85f0ec,,word,situacija,ситуація,Іменник (жін. рід),,2026-09-30 18:57:19.23543+00,A2,642
3be5a266-7fef-4932-bb33-4b0c38576d9e,,word,nedjelja,неділя,Іменник (жін. рід),,2026-09-30 18:51:44.601106+00,A1,253
3be9027e-c188-45f3-827d-349397e7e7a1,,word,kapital,капітал,Іменник (чол. рід),,2026-09-30 19:02:53.78951+00,B1,798
3bf21cf1-0a65-47e4-bc09-00abcfcc9b83,,word,put,"дорога, раз",Іменник,,2026-09-30 18:47:44.824275+00,A1,82
3bf59c15-0a87-4d03-a6f4-7890e3c23789,,word,donirati,"доручити, пожертвувати",Дієслово,,2026-09-30 19:43:27.289764+00,B1,2513
3c2bc2d0-58d3-4627-9ef0-419ba9ce6f4d,,word,učionica,"клас, аудиторія",Іменник (жін. рід),,2026-09-30 19:09:45.971373+00,A2,1139
3c2be810-ff75-48a2-aaa0-6469e3c36675,,word,broj,номер,Іменник (чол. рід),,2026-09-30 18:53:00.692622+00,A1,355
3c321e18-8395-40ef-9437-741e8e2b5b49,,word,glup,дурний,Якісний прикметник,,2026-09-30 19:37:28.32227+00,A2,2346
3c3c72e3-54f7-4e29-b5bf-6ae637e220a8,,word,novčanik,гаманець,Іменник (чол. рід),,2026-09-30 19:09:45.971373+00,A2,1187
3c6644e9-7884-4b94-917f-bb5869290ec6,,word,sudac,суддя,Іменник (чол. рід),,2026-09-30 19:11:45.674946+00,B1,1339
3c7c1c1c-9813-42f7-b1dd-b02070d5db42,,word,potražnja,попит,Іменник (жін. рід),,2026-09-30 19:46:32.987066+00,B1,2936
3c7dd108-e0b0-46b7-b500-444c14f6977e,,word,letjeti,летіти,Дієслово,,2026-09-30 19:37:28.32227+00,A2,2468
3c914782-ab96-4f98-b0d9-fd3414f53ae9,,word,vojska,армія,Іменник (жін. рід),,2026-09-30 19:13:58.595598+00,B1,1643
3c920013-f685-483d-a2f7-bfcd08a9c5c3,,word,dan,день,Іменник (час),,2026-09-30 18:47:44.824275+00,A1,66
3c96452a-3e42-43fc-8fbf-fe19756e4d11,,word,gospodarstvo,"економіка, господарство",Іменник (сер. рід),,2026-09-30 19:13:58.595598+00,B1,1651
3ca86708-acc6-44b7-8a3e-b77241e72161,,word,spavati,спати,Дієслово стану,,2026-09-30 18:50:08.476847+00,A1,167
3cb22634-c669-4fc4-b310-f09c22114470,,word,učiti,вчити,Дієслово,,2026-09-30 19:23:19.225661+00,A1,1965
3cdc3775-a4dc-4168-b14d-edb592380073,,word,pitati,запитати,Дієслово,,2026-09-30 19:23:19.225661+00,A1,1941
3d1a59f6-8775-4d6f-8710-8508a62c1738,,word,četiri,чотири,Числівник,,2026-09-30 18:51:44.601106+00,A1,269
3d239a5f-280c-49df-b953-aac3b40e98c4,,word,vjenčanje,весілля,Іменник (сер. рід),,2026-09-30 19:07:18.68248+00,A2,1020
3d2b3119-f3b5-4bbf-8b3d-f31b1f3cb42b,,word,vođa,"лідер, керівник",Іменник (чол. рід),,2026-09-30 19:09:45.971373+00,B1,1164
3d31101e-f7cd-43e3-bdb7-4cf82fd8a94b,,word,predložiti,запропонувати,Дієслово,,2026-09-30 19:02:53.78951+00,B1,715
3d3fd546-3f92-462b-81f0-9e648b889ec7,,word,povezanost,пов'язаність,Іменник (жін. рід),,2026-09-30 19:34:28.835177+00,B1,2132
3d40e83b-b0ae-478f-be72-026b4d14fe27,,phrase,smrtni list,свідоцтво про смерть,Вираз,,2026-09-30 19:16:11.208603+00,B1,1589
3d46daf7-cb05-4bde-8c0a-eeb9ca2ab4ed,,word,popraviti,полагодити,Дієслово,,2026-09-30 19:43:27.289764+00,A2,2564
3d53da17-9fe6-4e5b-9c81-df8ecfbbf96c,,word,svjedočenje,свідчення,Іменник (сер. рід),,2026-09-30 19:16:11.208603+00,B1,1616
3d617518-33f6-484b-8c13-488f331a06bf,,word,opasnost,небезпека,Іменник (жін. рід),,2026-09-30 19:16:11.208603+00,A2,1632
3d96e449-d52c-410b-a485-c38d90cbb81a,,word,trajati,тривати,Дієслово,,2026-09-30 19:23:19.225661+00,A2,2070
3dd82fd6-8a6c-4c7b-8db8-bb54848bd2d3,,word,jamačno,безсумнівно,Прислівник,,2026-09-30 19:43:27.289764+00,B1,2381
3dfae896-a156-4418-b131-8e01197338a7,,word,uprava,управління,Іменник (жін. рід),,2026-09-30 19:37:28.32227+00,B1,2411
3e1de760-e2e5-43c5-b1d0-4618f4ac6dab,,word,želja,бажання,Іменник (жін. рід),,2026-09-30 18:55:51.229682+00,A1,516
3e21346b-3f3e-4717-beb1-d65373f7f2f4,,word,namjera,намір,Іменник (жін. рід),,2026-09-30 19:34:28.835177+00,B1,2163
3e4e2304-51ac-47bb-a28e-7c0f8287ba98,,word,sud,суд,Іменник (чол. рід),,2026-09-30 19:05:19.501424+00,A2,851
3e5856f3-2d63-481a-a54e-a3604f2bc065,,word,težina,"вага, складність",Іменник (жін. рід),,2026-09-30 18:54:20.802874+00,A2,406
3e5a2c2e-bc91-4163-b8c6-83eb540b7416,,word,značiti,означати,Дієслово,,2026-09-30 19:23:19.225661+00,A2,2078
3e5a2c5a-c6f0-4df7-8d41-a13f413a8251,,word,izbori,вибори,"Іменник (чол. рід, мн.)",,2026-09-30 19:09:45.971373+00,B1,1289
3e6a44c1-6dec-4da9-b875-76ce960fa416,,word,opustiti se,розслабитися,Зворотне дієслово,,2026-09-30 19:23:19.225661+00,A2,2039
3e6e2f96-aa01-4c7a-a957-82dfeb65e64c,,word,tužan,сумний,Якісний прикметник,,2026-09-30 18:50:08.476847+00,A1,150
3ea0e69c-1c74-4297-a72c-0466661695f7,,word,vježba,вправа,Іменник (жін. рід),,2026-09-30 19:46:32.987066+00,A2,2876
3eb08351-ad8c-422d-bf12-8323b26265ca,,word,nadesno,праворуч,Прислівник,,2026-09-30 19:37:28.32227+00,A2,2386
3eb64df0-5580-4153-9108-375ed5eb86e8,,word,istraživanje,дослідження,Іменник (сер. рід),,2026-09-30 19:09:45.971373+00,B1,1146
3ebec65c-1b61-491e-a8ba-54a556c4f495,,word,slučajno,випадково,Прислівник,,2026-09-30 19:37:28.32227+00,A2,2374
3ec9e16a-2080-476e-8404-684f09139b4f,,word,domaćin,господар,Іменник (чол. рід),,2026-09-30 18:55:51.229682+00,A2,548
3ed389a7-6100-4eb6-9d44-a9e4fd01507e,,word,brava,замок (дверний),Іменник (жін. рід),,2026-09-30 19:11:45.674946+00,B1,1414
3ef5ef2e-1e17-4442-9544-55c3e99983b1,,word,sustav,система,Іменник (чол. рід),,2026-09-30 19:43:27.289764+00,B1,2700
3f0fcfef-4410-4e2c-8830-f525912aba6d,,word,molba,"прохання, заява",Іменник (жін. рід),,2026-09-30 19:16:11.208603+00,A2,1571
3f3968c9-aafd-48df-aeaf-98d454526c75,,word,dosadan,нудний,Якісний прикметник,,2026-09-30 18:57:19.23543+00,A2,608
3f4d7f4c-5aa4-41af-8688-0ccece4b88eb,,word,pravomoćnost,набрання чинності,Іменник (жін. рід),,2026-09-30 19:13:58.595598+00,B1,1625
3f57bd3f-ba48-47e3-8480-da1fc4e31989,bbe9211f-51f2-4654-a98f-528ffb57e9ad,word,kruh,хліб,[крух],,2026-09-30 11:18:03.043652+00,A1,100
3f875626-24e6-4c08-9da4-02cd811bfbd2,,word,savez,союз,Іменник (чол. рід),,2026-09-30 19:43:27.289764+00,B1,2434
3fbb3226-7316-4b3c-95e4-5a10633bf1f6,,word,uzeti lijek,прийняти ліки,Вираз,,2026-09-30 19:43:27.289764+00,A2,2636
3fd282e6-460d-4565-b730-02a7ea2b7739,9e3f6972-10fa-4c25-8fed-80a5148f5c44,word,večer,вечір,[ве́чер],,2026-09-30 11:18:02.743916+00,A1,100
3fd459a7-f25d-4bfc-815f-9f0da04e1ccf,,word,konzulat,консульство,Іменник (чол. рід),,2026-09-30 19:13:58.595598+00,B1,1598
3fe496f4-d027-4d2e-9790-d9d5ec40616b,,word,siguran,"певний, впевнений",Якісний прикметник,,2026-09-30 19:43:27.289764+00,A2,2324
3fe87ea6-ad06-4cc7-b9c5-d390139fef55,,word,usluge,послуги,"Іменник (жін. рід, мн.)",,2026-09-30 19:13:58.595598+00,A2,1657
401f834d-df2f-4aa9-9974-d4865dc6a640,,word,ton,"тон, звук",Іменник (чол. рід),,2026-09-30 19:09:45.971373+00,B1,1107
40284c65-114c-488f-825e-979c5f20b5b9,,word,ogledalo,дзеркало,Іменник (сер. рід),,2026-09-30 19:11:45.674946+00,A2,1426
405b2f1d-9b4f-4a35-844e-d9d2ef9a63bf,,word,olakšanje,полегшення,Іменник (сер. рід),,2026-09-30 19:46:32.987066+00,B1,2780
406d1d9d-7477-4294-8968-4fb7910f8758,,word,žalost,"жаль, скорбота",Іменник (жін. рід),,2026-09-30 19:07:18.68248+00,B1,1032
409f439a-9f7c-4e5e-b8a6-8ad7cefd0790,,word,igra,гра,Іменник (жін. рід),,2026-09-30 19:46:32.987066+00,A1,2900
40ae8e0f-90d8-49ef-8f2e-c93d8726c733,,word,visok,високий,Якісний прикметник,,2026-09-30 18:50:08.476847+00,A1,140
40b51cae-413d-47fd-8cc6-58d491e438ff,,word,napredak,прогрес,Іменник (чол. рід),,2026-09-30 19:43:27.289764+00,B1,2680
40c657cd-5716-4345-86df-77280981d021,,word,plin,газ,Іменник (чол. рід),,2026-09-30 18:53:00.692622+00,A2,325
40c8bae0-8896-4574-8769-4dc5aaf7e629,,word,kolega,колега,Іменник (чол. рід),,2026-09-30 18:53:00.692622+00,A2,340
40cb2672-10cf-4c87-b90b-3bda3890a23a,,word,svijetao,світлий,Якісний прикметник,,2026-09-30 19:34:28.835177+00,A2,2262
40de72c0-1407-436b-a021-b792ada66c58,,word,prevoditelj,перекладач,Іменник (чол. рід),,2026-09-30 18:55:51.229682+00,A2,582
40e551d8-8259-412d-a241-9bb574903497,,word,zasigurno,безперечно,Прислівник,,2026-09-30 19:37:28.32227+00,B1,2377
40e989b3-b574-479d-998a-464fac3709ba,,word,blizu,близько,Прийменик / прислівник,,2026-09-30 19:37:28.32227+00,A1,2394
41361385-c78a-4fcf-ad67-03d6c55cda0d,,word,vođa,лідер,Іменник (чол. рід),,2026-09-30 19:46:32.987066+00,B1,2904
4137b013-888a-40f8-aebe-32e6c3971529,,word,registrirati,зареєструвати,Дієслово,,2026-09-30 19:07:18.68248+00,A2,923
41599698-6f13-4f4d-9c11-e53972e50ea1,,word,rješenje,рішення,Іменник (сер. рід),,2026-09-30 18:53:00.692622+00,B1,385
415f1308-cca8-47c0-b84a-0fadb619b608,,word,djed,дід,Іменник (чол. рід),,2026-09-30 19:09:45.971373+00,A2,1266
41717187-6107-4b20-bb8b-78e48253dc20,,word,kći,дочка,Іменник (жін. рід),,2026-09-30 18:47:44.824275+00,A1,98
4171c361-a4ae-41ba-b3ce-ee74c48f26e3,,word,razočaranje,розчарування,Іменник (сер. рід),,2026-09-30 19:02:53.78951+00,B1,766
417377fd-a219-4272-9c95-e972b0262666,,word,poštovati,поважати,Дієслово,,2026-09-30 19:43:27.289764+00,A2,2611
417bba68-1a24-4465-93e3-993356d264ea,,word,sandale,сандалі,"Іменник (жін. рід, мн.)",,2026-09-30 19:11:45.674946+00,A2,1494
418b7353-8ae1-4ee3-aee7-0d2eb570681d,,word,ravnatitelj,директор,Іменник (чол. рід),,2026-09-30 19:46:32.987066+00,B1,2905
418b784b-84fb-4142-b7c5-6e76e181f643,,word,tržište,ринок,Іменник (сер. рід),,2026-09-30 19:16:11.208603+00,A2,1661
4190ae24-90f1-49e1-b67d-a8e6bbef0a53,,word,prostor,простір,Іменник (чол. рід),,2026-09-30 19:43:27.289764+00,A2,2743
4192c3ae-40c5-4b79-a784-3ab2261df249,,word,štednja,заощадження,Іменник (жін. рід),,2026-09-30 19:13:58.595598+00,B1,1689
41d8975d-9db7-4eab-8fa0-9784d8cbf5b6,,word,popraviti,полагодити,Дієслово,,2026-09-30 19:23:19.225661+00,A2,1994
41da1346-198b-4404-9f68-42b06ce88dce,,word,vlažnost,вологість,Іменник (жін. рід),,2026-09-30 19:34:28.835177+00,B1,2207
420bfd18-62cf-4df9-a003-e438ce6c5111,,word,rješenje,вирішення,Іменник (сер. рід),,2026-09-30 19:07:18.68248+00,A2,1079
4212dc80-f507-4f5f-9462-66f7038ff5ea,cdbe8d84-ac8f-4a14-850b-f3d49dab1e9a,word,klima,кондиціонер,[клі́ма],,2026-09-30 11:18:03.738799+00,A1,100
4215e5ff-e6a9-426c-a100-4f5c8e7ed8a6,,word,sudstvo,судова система,Іменник (сер. рід),,2026-09-30 19:37:28.32227+00,B1,2423
4235252f-a94e-4c28-bbf2-a88373f42d42,,word,ljekarna,аптека,Іменник (жін. рід),,2026-09-30 19:05:19.501424+00,A1,866
4245014f-e083-4772-a92b-f5c08f3aa3a1,,word,propis,припис,Іменник (чол. рід),,2026-09-30 19:37:28.32227+00,B1,2418
42486b66-0a78-4390-bf38-06c3e558df62,,word,carina,митниця,Іменник (жін. рід),,2026-09-30 19:46:32.987066+00,A2,2920
42526fe7-e1ef-41eb-bfda-f8eea1648d53,,word,postati,стати,Дієслово,,2026-09-30 19:34:28.835177+00,A2,2101
4263ccf7-ee73-45d0-abba-ea32de6f5735,,word,beskoristan,марний,Якісний прикметник,,2026-09-30 19:37:28.32227+00,B1,2336
4263e617-f9b3-4d66-a67f-2344952cfadc,,word,duhovit,дотепний,Якісний прикметник,,2026-09-30 19:43:27.289764+00,B1,2350
42690bda-860d-4d33-a625-f71135079dee,,word,uzbuna,тривога,Іменник (жін. рід),,2026-09-30 19:16:11.208603+00,B1,1648
4299d1c8-1279-4b5b-bf6e-0d1db1af92fc,,word,stagnirati,стагнувати,Дієслово,,2026-09-30 19:43:27.289764+00,B1,2570
429a3f2b-37ee-4c60-ac29-46561477e0cd,,word,ropstvo,рабство,Іменник (сер. рід),,2026-09-30 19:43:27.289764+00,B1,2672
429eee8a-dd9c-4f49-8f9a-d9c512036356,,word,birokracija,бюрократія,Іменник (жін. рід),,2026-09-30 19:43:27.289764+00,B1,2416
42b6745c-4c0c-46b9-9730-a203996e695d,,word,krvarenje,кровотеча,Іменник (сер. рід),,2026-09-30 19:13:58.595598+00,B1,1528
42c96e0c-1643-4422-8bb0-2925554e6852,,word,snage,сили (військові/поліцейські),"Іменник (жін. рід, мн.)",,2026-09-30 19:16:11.208603+00,B1,1642
42e5906a-7bb0-4eb1-a173-05390ef64951,,word,predsjednik,президент,Іменник (чол. рід),,2026-09-30 18:55:51.229682+00,A2,565
42ea91ca-0c28-4a91-ba00-86992f3ad09e,,word,tajna,таємниця,Іменник (жін. рід),,2026-09-30 19:07:18.68248+00,A2,970
42f6311d-3057-42df-83aa-66a90d09b118,,word,saveznik,союзник,Іменник (чол. рід),,2026-09-30 19:34:28.835177+00,B1,2149
43130e85-0aad-42d6-819b-02ad9b51f9c7,,word,dodirnuti,торкнутися,Дієслово,,2026-09-30 19:23:19.225661+00,B1,1960
432455ce-93d2-42f4-b247-6489c3d69e26,,word,tlo,"ґрунт, земля",Іменник (сер. рід),,2026-09-30 18:54:20.802874+00,A2,402
435085d7-8e3c-4dcc-b971-fe335c206683,,word,pravo,право,Іменник (сер. рід),,2026-09-30 19:16:11.208603+00,A2,1602
4359ede1-12c5-4fd6-b14a-0ea382e1fbeb,,word,slušalice,навушники,"Іменник (жін. рід, мн.)",,2026-09-30 19:16:18.104507+00,A2,1766
43797a4a-f103-47ff-9416-6873359a1dcb,,word,raditi,"працювати, робити",Дієслово,,2026-09-30 19:23:19.225661+00,A1,1990
438289f1-ff8a-4733-925c-ee387965ecd9,,word,dobro,добре,Прислівник / прикметник,,2026-09-30 18:47:44.824275+00,A1,57
438b9fcf-5807-4088-9031-eff9e820d2d2,,word,policija,поліція,Іменник (жін. рід),,2026-09-30 19:16:11.208603+00,A1,1644
43ab699e-9cc3-4b0d-864c-e553c44d7521,,word,poštar,листоноша,Іменник (чол. рід),,2026-09-30 19:11:45.674946+00,A2,1328
43b3f8d2-e422-4ae8-a7f9-4d86cec21049,,word,platiti,заплатити,Дієслово,,2026-09-30 19:23:19.225661+00,A1,1922
43d027fd-c543-44d4-b7e4-73833cfbfc62,,word,razvoj,розвиток,Іменник (чол. рід),,2026-09-30 19:02:53.78951+00,B1,799
43dbee2f-5059-463e-83d0-e690e7775b96,,word,gorivo,паливо,Іменник (сер. рід),,2026-09-30 19:09:45.971373+00,A2,1208
43e78840-5344-4bbd-9937-bf5622e54c5e,,word,odbiti,"відхилити, відмовити",Дієслово,,2026-09-30 19:43:27.289764+00,B1,2526
43ec25d9-561e-4848-9568-37e6f736863b,,word,žut,жовтий,Прикметник (колір),,2026-09-30 18:51:44.601106+00,A1,284
43ee32ae-d7ab-4dd2-bb19-067054bf85ff,,word,oluja,буря,Іменник (жін. рід),,2026-09-30 19:05:19.501424+00,B1,885
43f948be-36f1-4b75-a284-6f3508a7d842,,word,listopad,жовтень,Іменник (чол. рід),,2026-09-30 18:51:44.601106+00,A2,263
43fca033-d47c-4cfc-8c2d-184a91d8c62b,,word,autoritet,авторитет,Іменник (чол. рід),,2026-09-30 19:37:28.32227+00,B1,2407
440c00ef-b48d-4266-b5e5-321a7e6a9206,,word,miješati,мішати,Дієслово,,2026-09-30 19:23:19.225661+00,A2,1919
442eafc6-543b-4b67-9568-6b4cf57f8bfc,,word,književnost,література,Іменник (жін. рід),,2026-09-30 19:46:32.987066+00,B1,2857
4468ab3f-9543-4813-8452-6d16ffd9ddc7,9ff8ccfd-58f7-457d-9025-a5f1ee9d75df,phrase,Gdje je najbliža benzinska postaja?,Де найближча заправка?,[Ґдє є на́йбліжа бе́нзінска по́стая],,2026-09-30 11:18:03.517183+00,A1,100
44ac9c62-f0c1-493c-8560-91a07778cb10,,word,potvrda,довідка,Іменник (жін. рід),,2026-09-30 19:13:58.595598+00,A2,1590
44cdf0e8-fe6f-48f7-b16e-5ca3019c6c69,,word,isplivati,сплисти,Дієслово,,2026-09-30 19:43:27.289764+00,B1,2473
44d974e5-13f9-4a7f-a860-cb77ae8413de,,word,prljav,брудний,Якісний прикметник,,2026-09-30 18:50:08.476847+00,A1,145
44e134af-3953-4ba7-8bad-251c507fa9e2,,word,oluja,буря,Іменник (жін. рід),,2026-09-30 19:34:28.835177+00,B1,2211
44f0d6e6-57c3-4ee8-aecb-b6f3a85eeeb1,,,imati,мати,Вираження володіння,,2026-09-30 17:57:26.656448+00,A1,2
44f15af9-cd33-45f0-84b1-1ae4ee904356,,word,priznati,визнати,Дієслово,,2026-09-30 19:43:27.289764+00,B1,2524
45096660-7105-424b-a16a-e8476ba20f01,,word,dolina,долина,Іменник (жін. рід),,2026-09-30 19:46:32.987066+00,B1,2968
45163e22-03c2-4191-be9d-e948406ffc4b,,word,klasificirati,класифікувати,Дієслово,,2026-09-30 19:34:28.835177+00,B1,2140
452cbefa-5eb2-47d8-8a35-b081d78f4ffc,,word,šaputati,шепотіти,Дієслово,,2026-09-30 19:23:19.225661+00,B1,1949
453bc7c8-e9b0-4eb9-828d-cab1f30ec551,,word,kamata,відсоток,Іменник (жін. рід),,2026-09-30 19:13:58.595598+00,B1,1692
453e4e88-21b7-4788-aa8a-748389e77235,,word,red,порядок,Іменник (чол. рід),,2026-09-30 18:57:19.23543+00,A2,647
45493d2b-1f74-4d53-bd9a-ad1d25d20865,,word,dug,борг,Іменник (чол. рід),,2026-09-30 19:05:19.501424+00,A2,827
457901cb-abcf-4b11-b722-f003358e5297,,word,potres,землетрус,Іменник (чол. рід),,2026-09-30 19:34:28.835177+00,B1,2215
4580f652-3e96-401c-ab50-2697bbbb209e,,word,započeti,започаткувати,Дієслово,,2026-09-30 19:23:19.225661+00,A2,2098
4590c0f0-fc2d-4c90-b868-27c7d068e0d3,,word,oblak,хмара,Іменник (чол. рід),,2026-09-30 19:46:32.987066+00,A2,2958
45a541d0-bf4d-4cf7-844e-1dc133d32920,,word,sumnjati,сумніватися,Дієслово,,2026-09-30 19:43:27.289764+00,B1,2579
45b0c0f9-ff19-4fdb-a9cd-8fc77ec20082,,word,alergija,алергія,Іменник (жін. рід),,2026-09-30 19:13:58.595598+00,A2,1535
45c26c4a-9036-4ab1-aa0e-ef5379979352,,word,stabilan,стабільний,Прикметник,,2026-09-30 19:34:28.835177+00,B1,2235
45dd2432-5838-4c58-b2b4-53cb51c78d64,,word,tanjur,тарілка,Іменник (чол. рід),,2026-09-30 19:11:45.674946+00,A1,1440
45fadb6b-0323-45b3-bc40-05d6bc60a14b,,word,kuća,будинок,Іменник (жін. рід),,2026-09-30 19:11:45.674946+00,A1,1398
461d9fe4-64aa-4307-8f30-cc314ce76cc8,,word,popraviti,полагодити,Дієслово,,2026-09-30 18:54:20.802874+00,A2,488
46202dd9-8957-4331-b126-53d3989e6ef8,,word,peći,"випікати, смажити",Дієслово,,2026-09-30 19:23:19.225661+00,A2,1916
4622b2a2-7cba-487e-84ea-2ad25b3111d7,,word,domišljat,винахідливий,Якісний прикметник,,2026-09-30 19:43:27.289764+00,B1,2347
4629c24a-ba77-400c-91d6-b4f31e530a31,,word,pripremiti,підготувати,Дієслово,,2026-09-30 19:23:19.225661+00,A2,2028
462d93b4-d77f-49dc-953f-cd6d6ad456fc,aef634c7-836d-4d7d-9ae4-41fa0012b5b3,dialogue_line,"Pacijent: Ne, samo me malo boli kad gutam.","Ні, тільки трохи болить, коли ковтаю.",,,2026-09-30 11:18:04.076329+00,A1,100
4632ff99-3646-4d5c-b905-e2d23d313392,,word,glumiti,грати (в театрі),Дієслово,,2026-09-30 19:23:19.225661+00,A2,2008
4633e287-429b-4c3b-a2d7-cd2c4d7bfa1c,,word,kazati,казати,Дієслово,,2026-09-30 19:23:19.225661+00,A1,1944
4670f6e8-da0c-4a2b-9850-acef6cf54976,,word,ustanova,установа,Іменник (жін. рід),,2026-09-30 19:37:28.32227+00,A2,2450
467c0c9e-8288-4719-91e2-ef6cd00e3dd3,,word,kampanja,кампанія,Іменник (жін. рід),,2026-09-30 19:37:28.32227+00,B1,2443
46826940-1765-4472-8209-637445308eeb,,word,ispod,під,Прийменик,,2026-09-30 18:54:20.802874+00,A1,448
468cf458-b290-4d50-b3a4-33ab83b4f994,,word,prodavač,продавець,Іменник (чол. рід),,2026-09-30 19:16:11.208603+00,A1,1699
46a08df1-8af3-4170-bf7b-e0c46c995a88,,word,cijena,ціна,Іменник (жін. рід),,2026-09-30 19:16:11.208603+00,A1,1676
46b027da-2ade-405e-98c5-d6d6b5025fda,,word,sigurnost,безпека,Іменник (жін. рід),,2026-09-30 19:13:58.595598+00,A2,1631
46c3d387-bb74-4154-9e97-607e21e5000d,,word,nebo,небо,Іменник (сер. рід),,2026-09-30 19:09:45.971373+00,A1,1225
46d11ada-aea0-4909-a4a4-c6e3fe099dc6,,word,pilot,пілот,Іменник (чол. рід),,2026-09-30 19:11:45.674946+00,A2,1323
46e7d9ac-9d79-4c06-a3ff-42111a1c7b8b,,word,trofej,трофей,Іменник (чол. рід),,2026-09-30 19:07:18.68248+00,B1,1049
46ed3219-b8a0-4a28-b014-18f4f2bf6d5e,,word,pobjeći,втекти,Дієслово,,2026-09-30 19:37:28.32227+00,B1,2485
46f9afef-9a77-4f5e-bde6-305dcb3e4e85,,word,sposoban,здатний,Якісний прикметник,,2026-09-30 19:43:27.289764+00,B1,2333
4702b5b0-5011-4764-9925-170052d2709d,,word,doktor,лікар,Іменник (чол. рід),,2026-09-30 19:05:19.501424+00,A1,868
47079cc8-b38b-44e7-af1b-2633c97a7ae5,,word,spoznatljiv,пізнаваний,Прикметник,,2026-09-30 19:34:28.835177+00,B1,2128
4713b3f7-003c-4359-a764-5a1aadceb664,,word,šetati,гуляти,Дієслово,,2026-09-30 19:43:27.289764+00,A1,2462
47143396-ce73-4bcd-bf46-7cf824a2dd7d,,word,jamačno,безсумнівно,Прислівник,,2026-09-30 19:37:28.32227+00,B1,2381
47188788-f2ca-4fc5-8ec7-bed81ae01864,,word,olakšanje,полегшення,Іменник (сер. рід),,2026-09-30 19:07:18.68248+00,B1,1037
4726c06d-e53d-41ff-ab4d-66bbe9c1db5e,,word,zaposlenik,працівник,Іменник (чол. рід),,2026-09-30 19:09:45.971373+00,A2,1167
4728537e-930c-487f-bbb0-cf35114f79b9,00000000-0000-0000-0000-000000000017,word,Skaliranje,Масштабування,,,2026-09-30 13:49:13.68368+00,A1,100
474054f6-d9a3-41e9-ac60-3af17e63abc9,,word,digitalizacija,цифровізація,Іменник (жін. рід),,2026-09-30 19:16:18.104507+00,B1,1753
474232f5-812a-4a3d-be38-c2a90c829d2b,,phrase,policijska postaja,поліцейський відділок,Вираз,,2026-09-30 19:16:11.208603+00,A2,1593
474ee5d2-d5ba-4ba0-9954-417e90ca9c08,,word,čestitati,привітати,Дієслово,,2026-09-30 19:43:27.289764+00,A2,2622
47513028-bd2d-42fa-a1d1-76618da622cc,,word,trebati,потребувати,Дієслово,,2026-09-30 18:50:08.476847+00,A1,187
478f683a-1dd8-40b2-8d5b-f6b812f976f0,00000000-0000-0000-0000-000000000017,dialogue_line,Arhitekt: Moramo migrirati bazu u oblak.,Архітектор: Ми повинні мігрувати базу в хмару.,,,2026-09-30 13:49:13.68368+00,A1,100
479bb48b-f8f8-462f-99f3-f0d1d52b8ddf,,word,razvrstati,сортувати,Дієслово,,2026-09-30 19:34:28.835177+00,B1,2139
47acf63f-0433-4cf6-b041-c51bc9dd4ff8,cdbe8d84-ac8f-4a14-850b-f3d49dab1e9a,phrase,Klima uređaj curi.,Кондиціонер тече.,[Клі́ма у́реджай цу́рі],,2026-09-30 11:18:03.738799+00,A1,100
47d1068c-cdca-4e36-aa03-e2ba8147de23,6a50fa7b-a8d3-4cde-9039-ad17309ed1e2,word,ručak,обід,[ру́чак],,2026-09-30 11:18:03.287284+00,A1,100
47d3a5eb-092c-4ecb-af48-57f538d7f496,,word,umjetnost,мистецтво,Іменник (жін. рід),,2026-09-30 19:16:18.104507+00,B1,1859
47d4f8e4-e40b-45c4-b42e-79eb8a04be37,,word,norma,норма,Іменник (жін. рід),,2026-09-30 19:43:27.289764+00,B1,2735
47dcc43d-c58e-4706-9410-825ef054be79,,word,smisao,"сенс, значення",Іменник (чол. рід),,2026-09-30 18:57:19.23543+00,A2,668
47ed9337-a8f8-4941-8dd7-1ec882f9b05c,,word,ured,офіс,Іменник (чол. рід),,2026-09-30 19:16:11.208603+00,A2,1564
480b28c7-5808-41e9-97e1-4836e5ecf162,bbe9211f-51f2-4654-a98f-528ffb57e9ad,word,jeftino,дешево,[є́фтіно],,2026-09-30 11:18:03.043652+00,A1,100
4810bb1b-f1b5-446c-a823-3a540bf467ce,,word,more,море,Іменник (сер. рід),,2026-09-30 18:51:44.601106+00,A1,214
481e6361-3e74-431c-8eff-21743dd721ad,,word,primiti,отримати,Дієслово,,2026-09-30 19:07:18.68248+00,A2,914
48465991-6a80-4ed7-a1ad-c2128023e306,,word,tvrd,твердий,Якісний прикметник,,2026-09-30 19:34:28.835177+00,A2,2241
484bc43e-ef29-490a-b9c8-2638beb63676,,word,cijena,ціна,Іменник (жін. рід),,2026-09-30 19:09:45.971373+00,A1,1178
486da917-1339-40b7-bdee-d2fde937188b,,word,društvo,суспільство,Іменник (сер. рід),,2026-09-30 19:43:27.289764+00,A2,2745
487f259f-c7fb-4bb9-af18-57875c2d53c3,,word,porez,податок,Іменник (чол. рід),,2026-09-30 19:05:19.501424+00,A2,812
48b00d4f-c555-410d-9cb0-bb4d20287f13,,word,turizam,туризм,Іменник (чол. рід),,2026-09-30 19:16:11.208603+00,A2,1654
48b6bc2e-26f2-4011-80b6-e614013e7bdd,,word,trošak,витрата,Іменник (чол. рід),,2026-09-30 19:05:19.501424+00,A2,824
48c1dfa6-3736-4ef8-95e7-af24b13864d1,,word,sram,сором,Іменник (чол. рід),,2026-09-30 19:02:53.78951+00,B1,777
48c47802-e6e9-4104-b871-ce43ed582454,,word,strategija,стратегія,Іменник (жін. рід),,2026-09-30 19:43:27.289764+00,B1,2697
48c7603a-83e9-442a-bb3b-10df9010ddec,,word,možda,можливо,Прислівник / модальне слово,,2026-09-30 18:50:08.476847+00,A1,131
48fced3e-c61e-480a-ae8f-91aadfa22b11,,word,pošten,чесний,Якісний прикметник,,2026-09-30 19:34:28.835177+00,A2,2299
49455b7a-c281-4017-9ede-c879298c3850,,word,šalica,чашка,Іменник (жін. рід),,2026-09-30 19:11:45.674946+00,A1,1441
49480e65-4b4b-4206-85e3-e6b06fd82142,,word,pamtiti,пам'ятати,Дієслово,,2026-09-30 19:23:19.225661+00,A1,1967
49492ab5-189a-44fc-a44f-c94afd12f85d,,word,zatvoriti,"ув'язнити, закрити",Дієслово,,2026-09-30 19:43:27.289764+00,A2,2482
494d4f70-38f0-445f-8702-0a5ffac87560,,word,potrošač,споживач,Іменник (чол. рід),,2026-09-30 19:11:45.674946+00,B1,1319
496a4d48-fec8-43bd-bb5b-e7bc492cd81c,,word,potez,"хід, крок",Іменник (чол. рід),,2026-09-30 18:57:19.23543+00,B1,664
496c6065-51ca-4915-970a-fdcd3554b971,,word,računovođa,бухгалтер,Іменник (чол. рід),,2026-09-30 19:13:58.595598+00,B1,1700
496cef26-b757-49d4-87c2-212efa192463,,word,pravo,право,Іменник (сер. рід),,2026-09-30 18:53:00.692622+00,B1,396
497901e4-8821-426e-bc4f-822806bff80e,,word,natrag,назад,Прислівник,,2026-09-30 19:43:27.289764+00,A1,2389
4989df56-2eed-4c37-b4d3-a6214d16a176,,word,napokon,врешті-решт,Прислівник,,2026-09-30 19:43:27.289764+00,B1,2366
499289bd-9c2c-4879-b2de-9a751ce325e2,,word,prijenos,"переказ, перенесення",Іменник (чол. рід),,2026-09-30 19:16:11.208603+00,B1,1685
4993ae64-77a7-4ff8-ab0a-4a43f24f36cc,,word,štetiti,шкодити,Дієслово,,2026-09-30 19:07:18.68248+00,B1,949
499de16e-1f00-4a6d-9c59-ab7d9ea8fbaa,,word,metla,мітла,Іменник (жін. рід),,2026-09-30 19:11:45.674946+00,B1,1466
49ae5505-7d9b-4859-9824-1cf7f741cbaf,,word,odjava,вихід,Іменник (жін. рід),,2026-09-30 19:16:18.104507+00,B1,1775
49da0da3-78f2-45a7-9ff8-6cf1ac9e576a,,word,posuditi,позичити,Дієслово,,2026-09-30 19:43:27.289764+00,B1,2507
49e27c81-a493-46a5-a693-ba09f54f32a9,,word,poklopac,кришка,Іменник (чол. рід),,2026-09-30 19:11:45.674946+00,B1,1450
49e4c75b-618b-46dd-9dd0-737f93bb5b2c,,word,razviti,розвинути,Дієслово,,2026-09-30 19:43:27.289764+00,B1,2567
49e77f0e-0ff5-47e1-b6a4-3b5eb2795d1a,,word,uspjeh,успіх,Іменник (чол. рід),,2026-09-30 19:07:18.68248+00,A2,1050
49ee8e57-7956-4c14-b441-d29160b97426,,word,simptom,симптом,Іменник (чол. рід),,2026-09-30 19:13:58.595598+00,A2,1513
49f623e1-31cf-4270-a0ff-2400a2adaf3f,,word,motor,"двигун, мотоцикл",Іменник (чол. рід),,2026-09-30 19:11:45.674946+00,A2,1366
4a0b8648-9ed1-47ea-a9a2-79412ab791c3,,word,unutra,"всередині, всередину",Прислівник,,2026-09-30 18:54:20.802874+00,A1,445
4a0ce751-1cfc-488d-9eb9-a2bd9fa21889,,word,blagajnik,касир,Іменник (чол. рід),,2026-09-30 19:16:11.208603+00,A2,1697
4a14fc4a-c095-4a04-9753-fb3b9a09d8c1,,word,slika,картина,Іменник (жін. рід),,2026-09-30 19:46:32.987066+00,A2,2848
4a1c9c2f-39e3-4404-992d-aee3c681411d,6a50fa7b-a8d3-4cde-9039-ad17309ed1e2,word,večera,вечеря,[ве́чера],,2026-09-30 11:18:03.287284+00,A1,100
4a31fbb2-b0ac-4c76-8023-b3453f15a3bf,,word,glas,голос,Іменник (чол. рід),,2026-09-30 19:09:45.971373+00,A2,1108
4a3940f2-e6b9-4c7e-9ee7-6fcc71cef2f2,,word,protiv,проти,Прийменик,,2026-09-30 18:54:20.802874+00,A2,452
4a708f2e-6c00-4147-8abf-d7afeb4d5793,,word,igra,гра,Іменник (жін. рід),,2026-09-30 18:57:19.23543+00,A1,679
4a71df2a-4839-4249-9bce-fcf710bc4095,,word,broš,брошка,Іменник (чол. рід),,2026-09-30 19:13:58.595598+00,B1,1504
4a79772c-7f6c-4f5b-b0d6-7267d4b791fb,,word,naprimjer,наприклад,Прислівник,,2026-09-30 18:54:20.802874+00,A1,424
4a7ef788-3447-4456-a69f-13397163d39a,,word,proračun,бюджет,Іменник (чол. рід),,2026-09-30 19:46:32.987066+00,B1,2918
4a8bd01a-75e3-4eb7-b647-f2d696964eb3,,word,šteta,шкода,Іменник (жін. рід),,2026-09-30 19:16:11.208603+00,A2,1638
4a9c2a20-e103-43b9-850e-e07e4a987701,,word,doletjeti,долетіти,Дієслово,,2026-09-30 19:37:28.32227+00,B1,2470
4aa88d19-9b46-46fa-b7e8-1ad679bd03a9,,word,datoteka,файл,Іменник (жін. рід),,2026-09-30 19:16:18.104507+00,A2,1760
4aaad688-fe54-4683-8554-db72d85d5cf1,,word,oporba,опозиція,Іменник (жін. рід),,2026-09-30 19:37:28.32227+00,B1,2437
4ab6f533-acd2-468e-b75f-f34907d73250,,word,stupanj,ступінь,Іменник (чол. рід),,2026-09-30 19:09:45.971373+00,B1,1144
4abf0036-3cc7-41d3-81d4-c3f06328964d,,word,otključati,відімкнути,Дієслово,,2026-09-30 18:54:20.802874+00,A2,484
4acd6019-8b88-4af4-963d-da55c31f7bd7,,word,nitko,ніхто,Заперечний займенник,,2026-09-30 18:50:08.476847+00,A1,112
4afb98ef-d953-42d6-bb22-aedd3f945d99,6a50fa7b-a8d3-4cde-9039-ad17309ed1e2,phrase,Mogu li platiti odvojeno?,Чи можемо ми заплатити окремо?,[Мо́гу лі пла́тіті одво́єно],,2026-09-30 11:18:03.287284+00,A1,100
4afd1666-1ebb-44ff-b099-2ddf9fd917a7,,word,ministar,міністр,Іменник (чол. рід),,2026-09-30 19:09:45.971373+00,B1,1286
4afded2c-afba-4118-9089-ebdc4b4ab565,,word,norma,норма,Іменник (жін. рід),,2026-09-30 19:16:18.104507+00,B1,1735
4b0a4c2d-368d-4c19-8e26-3490b2cd6e49,,word,suhoća,сухість,Іменник (жін. рід),,2026-09-30 19:34:28.835177+00,B1,2208
4b420e0a-512c-4877-92ef-beb207ba0da2,,word,šaputati,шепотіти,Дієслово,,2026-09-30 19:43:27.289764+00,B1,2655
4b5015d9-bfa7-40b7-922d-8d9b2a3a23fb,,word,simptom,симптом,Іменник (чол. рід),,2026-09-30 19:16:11.208603+00,A2,1513
4b5fa602-5dc3-4fdc-aa4a-e22dc60cdffc,,word,momak,хлопець,Іменник (чол. рід),,2026-09-30 19:46:32.987066+00,A2,2991
4b7d8b57-7fe5-4fcf-9b92-87b729be2e04,,word,vino,вино,Іменник (сер. рід),,2026-09-30 18:51:44.601106+00,A1,237
4b8ca4c0-a100-40e7-9dba-d7d2881f149d,,word,rješenje,рішення,Іменник (сер. рід),,2026-09-30 19:16:11.208603+00,A2,1574
4ba98277-8fc6-4681-ae6c-fbedb5c83121,,word,rješenje,рішення,Іменник (сер. рід),,2026-09-30 19:43:27.289764+00,A2,2692
4bbd22d0-d1f5-436c-9410-cc5389651e45,,word,transakcija,транзакція,Іменник (жін. рід),,2026-09-30 19:16:11.208603+00,B1,1686
4bd36d3e-baf8-4b62-a6de-50189c2356b0,,word,pogoršati,погіршити,Дієслово,,2026-09-30 19:43:27.289764+00,B1,2538
4bfe9e13-c5af-48d7-8b83-13978b513b72,,word,garaža,гараж,Іменник (жін. рід),,2026-09-30 19:11:45.674946+00,A2,1377
4c01fc48-1cb7-4067-968f-aa6572c39635,9ff8ccfd-58f7-457d-9025-a5f1ee9d75df,phrase,Kada polazi autobus?,Коли відправляється автобус?,[Ка́да по́лазі ауто́бус],,2026-09-30 11:18:03.517183+00,A1,100
4c0ab269-7ad5-4397-9d3e-ca96110c2d51,,word,proračun,бюджет,Іменник (чол. рід),,2026-09-30 19:16:11.208603+00,B1,1670
4c2ffa43-b7b9-4f37-89d5-460c356e3795,,word,policajac,поліцейський,Іменник (чол. рід),,2026-09-30 19:11:45.674946+00,A2,1330
4c41fd02-3465-41ff-949a-5a995168924e,,word,generacija,покоління,Іменник (жін. рід),,2026-09-30 19:07:18.68248+00,B1,1014
4c666440-7902-4360-a92a-735eb96e5f17,,word,spajati,з'єднувати,Дієслово,,2026-09-30 19:34:28.835177+00,B1,2131
4c67a311-7263-4ecf-97ce-95aec97fdca7,9e3f6972-10fa-4c25-8fed-80a5148f5c44,phrase,Kako se kaže... na hrvatskom?,Як сказати... хорватською?,[Ка́ко се ка́же... на хр́ватском],,2026-09-30 11:18:02.743916+00,A1,100
4c6c4bbf-898d-415e-85d9-634950579881,,word,bunt,бунт,Іменник (чол. рід),,2026-09-30 19:43:27.289764+00,B1,2676
4c7cfbbd-860c-40cb-bde9-0e9d39695671,,word,flaster,пластир,Іменник (чол. рід),,2026-09-30 19:13:58.595598+00,A2,1523
4c91ed00-e64b-41ee-b40d-6825ee5f8276,,word,strmoglaviti se,стрімко впасти,Зворотне дієслово,,2026-09-30 19:43:27.289764+00,B1,2574
4cd01413-0b61-4df5-823c-f6bdd12ffcfb,,word,policajac,поліцейський,Іменник (чол. рід),,2026-09-30 18:55:51.229682+00,A2,569
4cd3b245-80c5-4e44-a2c6-d98a6fdc1e8a,,word,nejasan,незрозумілий,Якісний прикметник,,2026-09-30 18:57:19.23543+00,B1,617
4cd47297-b724-42a6-8476-7473c42feaa9,,word,sporazum,"угода, договір",Іменник (чол. рід),,2026-09-30 18:57:19.23543+00,B1,645
4cdeea95-24ee-4cba-8158-73030b96e2dc,,word,ako,якщо,Підрядний сполучник,,2026-09-30 18:50:08.476847+00,A1,120
4ce21b81-cebe-4b09-9160-406ca5f1b203,,word,svjetlost,світло,Іменник (жін. рід),,2026-09-30 19:05:19.501424+00,A2,893
4ce8c9b2-809b-4e66-ad0e-f1fa5419c314,,word,sudjelovati,брати участь,Дієслово,,2026-09-30 18:54:20.802874+00,B1,495
4d07e255-45e5-44fd-8311-06357d037075,,word,zaključati,замкнути,Дієслово,,2026-09-30 18:54:20.802874+00,A2,485
4d0cc9f7-e248-4426-8f05-d5d07e725108,aef634c7-836d-4d7d-9ae4-41fa0012b5b3,word,recept,рецепт,[ре́цепт],,2026-09-30 11:18:04.076329+00,A1,100
4d25bd3b-a94f-484b-bc7a-ee737420c694,bbe9211f-51f2-4654-a98f-528ffb57e9ad,dialogue_line,"A: Ne, to je sve. Koliko sam dužan?","Ні, це все. Скільки з мене?",,,2026-09-30 11:18:03.043652+00,A1,100
4d41af79-31bd-400c-9b80-b02b8ef45469,,word,park,парк,Іменник (чол. рід),,2026-09-30 18:51:44.601106+00,A1,204
4d46a013-53b2-43b3-b810-4fbef54f8eda,,word,misao,думка,Іменник (жін. рід),,2026-09-30 18:57:19.23543+00,B1,657
4d4a28f2-8bcc-4594-a923-2d40b03774f3,,word,stranica,сторінка,Іменник (жін. рід),,2026-09-30 19:09:45.971373+00,A2,1122
4d5ac416-3abd-4bae-a70d-81fa3b47ab64,,word,utopiti se,втопитися,Зворотне дієслово,,2026-09-30 19:37:28.32227+00,B1,2476
4d881290-2ddd-4c88-8d96-f5f745869876,,word,ekonomija,економіка,Іменник (жін. рід),,2026-09-30 19:16:18.104507+00,B1,1852
4dc00ce5-3cfb-4a5c-b00b-6e106d85a706,,word,igra,гра,Іменник (жін. рід),,2026-09-30 19:46:32.987066+00,A1,2787
4dc8e4a1-6ee3-460f-86b8-198c531f77a7,,word,hipoteza,гіпотеза,Іменник (жін. рід),,2026-09-30 19:16:18.104507+00,B1,1806
4dcf71e0-1ee7-4fd0-b933-a96f8c5cfb72,,word,redatelj,режисер,Іменник (чол. рід),,2026-09-30 19:16:18.104507+00,B1,1886
4de5d511-fc93-4cb5-af33-b064a317e684,,word,evolucija,еволюція,Іменник (жін. рід),,2026-09-30 19:43:27.289764+00,B1,2679
4deda539-1e01-499b-a17f-f864df64d5f9,,word,kompliciran,ускладнений,Якісний прикметник,,2026-09-30 19:02:53.78951+00,A2,743
4deebe4a-c077-4a22-a65b-062f7b304b43,,word,vrt,сад,Іменник (чол. рід),,2026-09-30 18:53:00.692622+00,A2,322
4dfa197c-eb52-4194-95ad-5c6997f22796,,word,opstati,вижити,Дієслово,,2026-09-30 19:34:28.835177+00,B1,2105
4e44e452-81d1-448b-ae28-389422aa2265,,word,vani,"ззовні, на вулиці",Прислівник,,2026-09-30 18:54:20.802874+00,A1,446
4e51131c-09e1-4e39-aced-89756741f5b8,,word,težina,"вага, складність",Іменник (жін. рід),,2026-09-30 19:34:28.835177+00,A2,2172
4e6a2b2f-17f9-43e7-a4d0-5f49d13a4b9b,,word,doletjeti,долетіти,Дієслово,,2026-09-30 19:43:27.289764+00,B1,2470
4e858269-4f89-4ff4-b567-601b6e51196e,,word,sklapanje,укладення (договору),Іменник (сер. рід),,2026-09-30 19:16:18.104507+00,B1,1724
4e8778cc-3510-48ab-b7f1-33ac032a9b08,cdbe8d84-ac8f-4a14-850b-f3d49dab1e9a,word,kupaonica,ванна кімната,[купао́ніца],,2026-09-30 11:18:03.738799+00,A1,100
4ec61980-6415-46c2-ad0e-903470e79d97,,word,talenat,талант,Іменник (чол. рід),,2026-09-30 19:43:27.289764+00,A2,2722
4ecfcb9a-1d38-4b38-8cca-c7cc5dc18fd5,,word,kupaonica,ванна кімната,Іменник (жін. рід),,2026-09-30 19:11:45.674946+00,A1,1451
4ed595a8-6d75-47a4-ba59-bb044906df7c,,word,trg,площа,Іменник (чол. рід),,2026-09-30 19:11:45.674946+00,A1,1370
4edcb89b-fb15-427e-a010-d7e763c1a69a,,word,ugovor,договір,Іменник (чол. рід),,2026-09-30 19:16:11.208603+00,A2,1558
4f061efc-a79f-4f60-8ddd-e446a8f59287,,word,porast,зростання,Іменник (чол. рід),,2026-09-30 19:02:53.78951+00,B1,787
4f0968e0-63b9-4350-903b-58f9085d6d70,,word,sat,годинник,Іменник (чол. рід),,2026-09-30 18:53:00.692622+00,A1,309
4f1327de-29bf-478f-b9b6-b0696783e21d,,word,sakriti,сховати,Дієслово,,2026-09-30 19:23:19.225661+00,B1,1937
4f2fa5e8-24ae-44bf-9a02-b65deed212b4,,word,politika,політика,Іменник (жін. рід),,2026-09-30 19:37:28.32227+00,B1,2439
4f316c49-bb8f-415f-a65d-081962c33d25,,word,svojeglav,впертий,Якісний прикметник,,2026-09-30 19:43:27.289764+00,B1,2310
4f37fbea-e05b-4a89-8e90-ef7a4a390811,,word,pitanje,питання,Іменник,,2026-09-30 18:47:44.824275+00,A1,88
4f525287-733a-4616-a9f2-b570983c00f4,,word,klima,клімат,Іменник (жін. рід),,2026-09-30 19:46:32.987066+00,A2,2952
4f6d3adc-3e07-4fd9-b4f8-30e085a252bc,,word,plašljiv,боязкий,Якісний прикметник,,2026-09-30 19:37:28.32227+00,B1,2320
4f81de00-9251-442e-8cbb-640fb0b0ac86,,word,razgovor,розмова,Іменник (чол. рід),,2026-09-30 18:53:00.692622+00,A2,386
4f82fe61-989e-4c50-98d4-cc25e2d6d8ff,,word,zubar,зубний лікар,Іменник (чол. рід),,2026-09-30 19:16:11.208603+00,A2,1546
4f8b2fa7-faa2-47cf-85ce-2dc38686de1f,,word,optuženi,обвинувачений,Іменник (чол. рід),,2026-09-30 19:13:58.595598+00,B1,1622
4f8f14a6-7321-4062-8cd4-d9ab5926c0d1,,word,provesti,провести,Дієслово,,2026-09-30 19:07:18.68248+00,B1,929
4f8f27a5-586b-4950-aec7-9cd5319eed1b,,word,prijenos,передача,Іменник (чол. рід),,2026-09-30 19:16:18.104507+00,B1,1785
4fa059e0-bb84-43cf-8ab7-294f665d4295,,word,razdoblje,період,Іменник (сер. рід),,2026-09-30 19:07:18.68248+00,B1,1012
4fabcd47-e044-4096-9c46-13ddb4b645fe,00000000-0000-0000-0000-000000000010,word,OIB,Ідентифікаційний номер (OIB),,,2026-09-30 13:44:24.31931+00,A1,100
4fae8832-67b1-4b91-b1f0-353595058d96,,word,ostati,залишитися,Дієслово,,2026-09-30 19:34:28.835177+00,A2,2102
4fca158a-017b-4dac-80b5-82cdad9bee50,,word,odvojenost,відокремленість,Іменник (жін. рід),,2026-09-30 19:34:28.835177+00,B1,2133
4fd5df10-050d-4f21-a4e2-f4179a6e15b4,,word,krov,дах,Іменник (чол. рід),,2026-09-30 18:53:00.692622+00,A2,321
4fee26b8-ecdf-442c-9329-072737975320,,word,još,ще,Прислівник часу,,2026-09-30 18:50:08.476847+00,A1,125
4ff6fcaf-0d06-40c3-b4c1-2504b17a38a5,,word,opušten,розслаблений,Якісний прикметник,,2026-09-30 19:37:28.32227+00,A2,2326
5018cbfd-0b11-4ff0-967e-d940bc86741a,,word,osuditi,засудити,Дієслово,,2026-09-30 19:43:27.289764+00,B1,2517
501f2b3c-b1dd-4c3e-81ca-3e0cf277b5b4,,word,voditelj,"керівник, ведучий",Іменник (чол. рід),,2026-09-30 19:11:45.674946+00,A2,1310
502d613c-0d48-454b-96fc-3e6e45f37671,,word,smjeti,"сміти, мати дозвіл",Модальне дієслово,,2026-09-30 18:50:08.476847+00,A2,193
5031a087-3536-4d59-9aea-f8dc96b237a7,,word,tečaj,курс валют,Іменник (чол. рід),,2026-09-30 19:05:19.501424+00,A2,840
50373d16-524a-4dfd-841c-3dad8e98f501,,word,voda,вода,Іменник (жін. рід),,2026-09-30 19:09:45.971373+00,A1,1211
5055bfe2-3d70-4039-8133-7d71e722da56,,word,ulje,олія,Іменник (сер. рід),,2026-09-30 18:51:44.601106+00,A2,241
505edd9e-12de-4cdc-b1e4-4027d3cc2da2,,word,građanin,громадянин,Іменник (чол. рід),,2026-09-30 19:09:45.971373+00,A2,1279
507c6226-6f7a-4cae-a38a-7729a68f0255,,word,naušnice,сережки,"Іменник (жін. рід, мн.)",,2026-09-30 19:13:58.595598+00,A2,1503
507c7d3e-f44a-43ab-a1e7-72095ec09cf7,,word,odmor,відпочинок,Іменник (чол. рід),,2026-09-30 18:53:00.692622+00,A2,332
509037be-8a07-4cd9-9a44-9038585a39d0,,word,zahtjev,"запит, заява",Іменник (чол. рід),,2026-09-30 19:05:19.501424+00,A2,806
50a99dca-5c91-4b7f-8fe1-a3f1f7cda143,,word,prljav,брудний,Якісний прикметник,,2026-09-30 19:34:28.835177+00,A1,2271
50d4c5c3-b44f-460e-b8a2-77a50108a694,6a50fa7b-a8d3-4cde-9039-ad17309ed1e2,word,čaj,чай,[чай],,2026-09-30 11:18:03.287284+00,A1,100
50d7ff75-a886-4bab-ac3a-6dc94c8d55b6,,word,mornar,моряк,Іменник (чол. рід),,2026-09-30 19:11:45.674946+00,B1,1324
50ea5c6b-d3ec-4773-a5a2-da3386d8747c,,word,strpljiv,терплячий,Якісний прикметник,,2026-09-30 19:43:27.289764+00,A2,2314
50ea65d6-7f03-4593-a011-84dc1932615d,,word,suknja,спідниця,Іменник (жін. рід),,2026-09-30 19:11:45.674946+00,A1,1480
5106fda1-e12a-4c88-87fe-886473e3407f,,word,pitati,питати,Дієслово комунікації,,2026-09-30 18:47:44.824275+00,A1,46
51153864-309d-44ab-85a7-ae051ba84e41,,,učinkovitost,ефективність,Продуктивність,,2026-09-30 17:57:26.656448+00,B2,3501
51203f6b-4bc7-4b2d-81ce-f68e443a21b9,9e3f6972-10fa-4c25-8fed-80a5148f5c44,word,da,так,[да],,2026-09-30 11:18:02.743916+00,A1,100
5134ae90-422b-43d5-95f3-da6b13912f9d,,word,misao,думка,Іменник (жін. рід),,2026-09-30 19:07:18.68248+00,B1,983
51355cc7-4b0a-4d1a-91f4-e3b5e79798bb,,word,zašto,чому,Питальний прислівник причини,,2026-09-30 18:47:44.824275+00,A1,34
5141f561-54c4-40e4-8729-0cf9b0e84f42,,word,sjednica,засідання,Іменник (жін. рід),,2026-09-30 19:07:18.68248+00,B1,1091
514b50f9-9478-44ba-ac93-fd45abce0874,,word,odmor,відпочинок,Іменник (чол. рід),,2026-09-30 19:46:32.987066+00,A2,2784
515dd290-9df7-46ce-9a09-6bbb27090fed,,word,misliti,думати,Дієслово,,2026-09-30 19:23:19.225661+00,A1,1961
517294bc-4429-4e87-bd51-ab4624744c08,,word,šutjeti,мовчати,Дієслово,,2026-09-30 19:23:19.225661+00,A2,1947
517dea0d-d022-468f-801f-cdf741175b26,,word,sustav,система,Іменник (чол. рід),,2026-09-30 19:07:18.68248+00,B1,956
517ee5ab-7e66-46b5-8b05-1d815eb242a1,,word,letjeti,летіти,Дієслово,,2026-09-30 19:23:19.225661+00,A2,1903
519569b8-f9fa-4805-a248-a1ae54a42468,,word,miran,спокійний,Якісний прикметник,,2026-09-30 18:57:19.23543+00,A2,603
519ae4a8-8c07-4a18-b9d8-c047eefc93af,,word,stranica,сторінка,Іменник (жін. рід),,2026-09-30 18:57:19.23543+00,A2,699
51a72038-a7f3-44d3-8659-a8c7a8addde0,,word,prijava,"вхід, реєстрація",Іменник (жін. рід),,2026-09-30 19:16:18.104507+00,A2,1774
51b7d099-4aea-4b3f-a35e-a19c35004058,,word,sanjati,"мріяти, бачити сни",Дієслово,,2026-09-30 19:34:28.835177+00,A2,2118
51c09edd-da2a-44cf-89c6-05c2c07cf9e4,,word,danas,сьогодні,Прислівник часу,,2026-09-30 18:47:44.824275+00,A1,99
51d94137-32cf-4142-aa43-d79509029f6c,,word,sunce,сонце,Іменник (сер. рід),,2026-09-30 19:09:45.971373+00,A1,1224
51da9865-79a6-42b0-a72f-edbfb385c0a3,,word,klima,клімат,Іменник (жін. рід),,2026-09-30 19:34:28.835177+00,A2,2202
51e77656-3936-4eea-a98d-223e3e5b5fac,,word,rasti,рости,Дієслово,,2026-09-30 19:02:53.78951+00,A2,727
51f385ed-57ac-4ad0-bd66-188831de8691,bbe9211f-51f2-4654-a98f-528ffb57e9ad,phrase,Gdje mogu naći voće?,Де я можу знайти фрукти?,[Ґдє мо́гу на́чі во́че],,2026-09-30 11:18:03.043652+00,A1,100
5219dc6e-92d6-422f-9933-64f0d257b7ac,,word,zakon,закон,Іменник (чол. рід),,2026-09-30 19:43:27.289764+00,A2,2734
523e5769-ce37-40d9-99c3-e2dde86b1654,,word,ptica,птах,Іменник (жін. рід),,2026-09-30 19:46:32.987066+00,A2,2984
524ccede-5f9a-4895-9227-5b4c7425285a,,word,sudjelovati,брати участь,Дієслово,,2026-09-30 19:23:19.225661+00,B1,2014
5265d956-7cc7-42d7-b401-6afc68e26e6a,,word,mreža,мережа,Іменник (жін. рід),,2026-09-30 19:16:18.104507+00,A2,1755
5276774f-af66-4749-bef6-50c2ba168f21,,word,lutati,блукати,Дієслово,,2026-09-30 19:43:27.289764+00,B1,2460
529f7fb5-fe30-4bc6-9c8f-e41ff8ae6505,,word,vlasnik,власник,Іменник (чол. рід),,2026-09-30 19:11:45.674946+00,A2,1312
52a430be-4585-45d9-9402-ffd70bcd9897,,word,valjanost,дійсність (документа),Іменник (жін. рід),,2026-09-30 19:16:11.208603+00,B1,1580
53031453-1d0e-40f2-96eb-1761f7a3ccec,,word,kriptiranje,шифрування,Іменник (сер. рід),,2026-09-30 19:16:18.104507+00,B1,1792
53038fc0-4dcd-4b30-8887-4b47f45791a7,,word,odvjetnik,адвокат,Іменник (чол. рід),,2026-09-30 19:16:11.208603+00,B1,1619
531068bc-54ae-43e7-82c4-b72f14d381fb,,word,cvijet,квітка,Іменник (чол. рід),,2026-09-30 19:46:32.987066+00,A2,2978
5320dc2d-3eaa-4751-80a9-756fc2418fe5,,word,prodavač,продавець,Іменник (чол. рід),,2026-09-30 19:09:45.971373+00,A1,1196
532840b4-12ee-4cc5-b9cc-57fff5771f10,,word,oblak,хмара,Іменник (чол. рід),,2026-09-30 19:05:19.501424+00,A2,883
532903f2-f2a6-4501-b9a4-a5307bed02a0,,word,kamera,камера,Іменник (жін. рід),,2026-09-30 19:46:32.987066+00,A2,2852
5341e005-ac5b-43c8-a56e-15a592891e8e,,word,spojiti,з'єднати,Дієслово,,2026-09-30 19:23:19.225661+00,B1,2058
53600400-f59e-43e5-84b6-c5757d77de6a,,word,uzak,вузький,Якісний прикметник,,2026-09-30 19:02:53.78951+00,A2,732
53600820-acfc-433f-a45e-32cf1a42f7f4,,word,uragan,ураган,Іменник (чол. рід),,2026-09-30 19:34:28.835177+00,B1,2212
53923bc8-cb53-40bb-b20a-ea366317a308,,word,napor,напруження,Іменник (чол. рід),,2026-09-30 19:16:18.104507+00,B1,1708
5396f57e-65ed-4740-b5a3-8bc4647d7882,,word,mir,мир,Іменник (чол. рід),,2026-09-30 19:37:28.32227+00,A2,2431
539a586b-51a9-4ed8-97ec-35b0d4260a29,,word,predstavljati,представляти,Дієслово,,2026-09-30 19:23:19.225661+00,B1,2077
53bfdcfb-2669-46d8-8a0e-6073ebf517bf,,word,četkica,щітка (зубна),Іменник (жін. рід),,2026-09-30 19:11:45.674946+00,A1,1459
53c80758-ec1b-4659-8ff5-b91a97691a7b,,word,pustiti,відпустити,Дієслово,,2026-09-30 19:43:27.289764+00,B1,2483
53de1f54-b62a-4f4e-8b06-2151c0264627,,word,pisac,письменник,Іменник (чол. рід),,2026-09-30 18:55:51.229682+00,A2,536
53f74d7b-3c24-4323-9bc6-495e1ebcbe4f,,word,oprostiti,пробачити,Дієслово,,2026-09-30 19:23:19.225661+00,B1,2021
53fe671f-7dcc-4383-afcc-e141ef5a008f,,word,astronomija,астрономія,Іменник (жін. рід),,2026-09-30 19:16:18.104507+00,B1,1856
540115b8-0a72-421d-81ff-51783236b195,,word,hrabar,"відважний, сміливий",Якісний прикметник,,2026-09-30 19:43:27.289764+00,A2,2319
541eccfb-afea-43c9-b3b9-f205b7a0e779,,word,broj,номер (у черзі),Іменник (чол. рід),,2026-09-30 19:13:58.595598+00,A1,1567
54468de6-6761-4757-93c4-8c2e14174811,,word,boljeti,боліти,Дієслово,,2026-09-30 19:43:27.289764+00,A2,2642
545a6e6a-443f-4ea7-933f-918e10fedfa5,,word,planina,гора,Іменник (жін. рід),,2026-09-30 18:53:00.692622+00,A2,335
546a003e-ada0-4e63-bc1d-0e04921fa0b3,,word,kofer,валіза,Іменник (чол. рід),,2026-09-30 19:07:18.68248+00,A2,1060
548ee938-10de-467a-9b20-91e44923ee5a,,word,viza,віза,Іменник (жін. рід),,2026-09-30 19:46:32.987066+00,A2,2807
5494647a-0217-49e6-a449-0ef34781c015,,word,iz,"з, із",Прийменик походження,,2026-09-30 18:47:44.824275+00,A1,14
549f4daf-5ed5-4371-894a-053e314f7d48,,word,metoda,метод,Іменник (жін. рід),,2026-09-30 18:57:19.23543+00,B1,650
54abac94-9831-4b80-a284-541ce2218aeb,,word,čuti,чути,Дієслово сприйняття,,2026-09-30 18:47:44.824275+00,A1,50
54cb3de7-7418-4bf5-8664-af8911e80004,,word,uzdisati,зітхати,Дієслово,,2026-09-30 19:43:27.289764+00,B1,2653
54f6f1f8-1e4f-4de6-bfd3-af8d8bbe7556,,word,možda,можливо,Прислівник,,2026-09-30 19:43:27.289764+00,A1,2379
550caa06-e589-48fe-bf18-74a550c4991d,,word,plah,лякливий,Якісний прикметник,,2026-09-30 19:43:27.289764+00,B1,2321
550d1a8d-5ce1-4b19-abf8-8ef238b3be7a,,word,redak,рядок,Іменник (чол. рід),,2026-09-30 19:09:45.971373+00,B1,1123
55202211-d26a-4f97-adbb-0d4c0d8a8fd6,,word,rashod,витрата,Іменник (чол. рід),,2026-09-30 19:16:11.208603+00,B1,1669
55288a21-1872-4d3d-b075-30726fd19ed8,,word,tuga,сум,Іменник (жін. рід),,2026-09-30 19:07:18.68248+00,A2,1030
5556cd26-e9dd-4e4f-a508-d437720efd37,bbe9211f-51f2-4654-a98f-528ffb57e9ad,phrase,Trebam hranu za psa.,Мені потрібен корм для собаки.,[Тре́бам хра́ну за пса],,2026-09-30 11:18:03.043652+00,A1,100
555e652a-9525-4491-9c2c-17e9ca88e02e,,word,čistiti,чистити,Дієслово,,2026-09-30 19:23:19.225661+00,A2,2060
5561b649-d7af-4587-8f1b-100a413b9436,,word,pitanje,питання,Іменник (сер. рід),,2026-09-30 19:43:27.289764+00,A1,2690
556646d3-f7bf-4557-ab31-e11241e34764,,word,doputovati,прибути,Дієслово,,2026-09-30 19:43:27.289764+00,B1,2457
558db33e-81d9-43a6-b730-78561890e18a,,word,čitati,читати,Дієслово дії,,2026-09-30 18:47:44.824275+00,A1,53
55910faf-5678-43eb-86c1-8375b89ffebf,,word,trgovina,магазин,Іменник (жін. рід),,2026-09-30 19:46:32.987066+00,A1,2933
559de730-43b2-422f-9725-0c5083892cea,,word,dug,борг,Іменник (чол. рід),,2026-09-30 19:46:32.987066+00,A2,2925
55a23dfe-b92a-4eb5-ae34-27da8c30de9f,,word,prijava,реєстрація,Іменник (жін. рід),,2026-09-30 19:46:32.987066+00,A2,2808
55ac4126-c705-4d4b-afa0-34c232d01667,,word,deset,десять,Числівник,,2026-09-30 18:51:44.601106+00,A1,275
55b45cfb-4677-43f1-8690-fc3138e1c5a7,,word,struktura,структура,Іменник (жін. рід),,2026-09-30 19:07:18.68248+00,B1,957
55ef910c-a489-488b-9795-1f01c7309e7f,,word,kreativnost,креативність,Іменник (жін. рід),,2026-09-30 19:43:27.289764+00,B1,2724
560e0f7d-bc56-465d-9b47-b37fc99e83d1,,word,dosjetiti se,здогадатися,Зворотне дієслово,,2026-09-30 19:34:28.835177+00,B1,2123
56133bca-b782-47a8-a37b-2626946b554a,,word,zatvoriti,зачинити,Дієслово дії,,2026-09-30 18:50:08.476847+00,A1,176
562011d7-e7cb-4dab-b1d9-fa2a8a8db859,,word,amnestija,амністія,Іменник (жін. рід),,2026-09-30 19:43:27.289764+00,B1,2668
562e3e71-ffdb-4f28-9134-c40a32f5697f,,word,uzrok,причина,Іменник (чол. рід),,2026-09-30 19:43:27.289764+00,B1,2708
5660ead8-4b26-471c-9ead-8c0135660707,,word,srpanj,липень,Іменник (чол. рід),,2026-09-30 18:51:44.601106+00,A2,260
5670bf26-e38b-4d4b-9f9e-b6c3120a40c9,,word,bolnica,лікарня,Іменник (жін. рід),,2026-09-30 18:51:44.601106+00,A1,210
568dfe7f-7954-4065-8dd9-c891cbf40982,,word,odjeća,одяг,Іменник (жін. рід),,2026-09-30 19:11:45.674946+00,A1,1471
568fe079-dfef-4ce0-b8ad-c8122677c5a1,,word,šum,шум,Іменник (чол. рід),,2026-09-30 19:05:19.501424+00,A2,896
569b0d11-4e14-4ac1-b867-9fd35289959f,,word,pobjeda,перемога,Іменник (жін. рід),,2026-09-30 19:46:32.987066+00,A2,2896
569d8f31-818d-4b2b-ab7f-04cb4a7a5c8a,,word,biljka,рослина,Іменник (жін. рід),,2026-09-30 19:46:32.987066+00,A2,2977
56a294fd-3a95-4b31-8f04-5a2194d3152a,,word,promet,"рух, товарообіг",Іменник (чол. рід),,2026-09-30 19:16:18.104507+00,B1,1713
56ada5ea-ed80-442e-9481-59c35fc7c520,,word,veliki,великий,Якісний прикметник,,2026-09-30 18:47:44.824275+00,A1,59
56b51d84-186b-4b53-bd16-2869740f0bc1,,word,student,студент,Іменник (чол. рід),,2026-09-30 18:53:00.692622+00,A1,377
56ced22b-1700-489c-ae7c-30cb1bcaa97b,,word,svjetlost,світло,Іменник (жін. рід),,2026-09-30 19:09:45.971373+00,A2,1213
56d016b0-9d81-4aa0-b4a0-7f7609bc833f,,word,granica,кордон,Іменник (жін. рід),,2026-09-30 19:46:32.987066+00,A2,2804
56ecf7ef-5165-40a7-b60c-a42fa03c2a4f,,word,bojati se,боятися,Зворотне дієслово,,2026-09-30 19:23:19.225661+00,A2,1974
56f43ee7-dddb-4608-84ec-85df379a6b47,,word,zrak,повітря,Іменник (чол. рід),,2026-09-30 19:09:45.971373+00,A2,1214
56f65104-7de7-465b-b026-fbae2d315e03,,word,veseliti se,радіти,Зворотне дієслово,,2026-09-30 19:37:28.32227+00,A2,2498
56fc01cc-4ca1-4c49-b294-f8c96a837848,,word,viza,віза,Іменник (жін. рід),,2026-09-30 19:11:45.674946+00,A2,1385
5700210e-b60e-4f44-8ce9-6b486369e583,,word,nesposoban,нездатний,Якісний прикметник,,2026-09-30 19:37:28.32227+00,B1,2334
57026c46-2050-4c3b-83d1-56f12d72bae9,,word,ručnik,рушник,Іменник (чол. рід),,2026-09-30 19:11:45.674946+00,A1,1458
5702c972-80c7-4779-b382-230b12e0fe77,,word,okolina,довкілля,Іменник (жін. рід),,2026-09-30 19:43:27.289764+00,B1,2744
57282892-0dcd-493b-ab73-f4be0ddf9d9c,,word,kupac,покупець,Іменник (чол. рід),,2026-09-30 19:16:11.208603+00,A2,1698
572e327a-b34f-4696-8c4b-ff89b6132b6e,,word,vrijedan,працьовитий,Якісний прикметник,,2026-09-30 19:37:28.32227+00,A2,2301
573106c1-8d62-4752-ad04-1c59bb046c49,,word,zakon,закон,Іменник (чол. рід),,2026-09-30 18:53:00.692622+00,B1,393
5764856b-54e8-4e8f-9a88-75124aa88449,aef634c7-836d-4d7d-9ae4-41fa0012b5b3,phrase,Trebam li recept za ovo?,Чи потрібен рецепт на це?,[Тре́бам лі ре́цепт за о́во],,2026-09-30 11:18:04.076329+00,A1,100
5784c4db-3035-4721-b49e-efa2ebf87a93,,word,rješenje,вирішення,Іменник (сер. рід),,2026-09-30 19:46:32.987066+00,A2,2822
579242c6-0a34-46fe-a092-3413a94eaebf,,word,lekcija,урок,Іменник (жін. рід),,2026-09-30 19:09:45.971373+00,A1,1136
5795df51-e0d5-4eeb-a4f7-d7cf4c594179,,word,sprijateljiti se,подружитися,Зворотне дієслово,,2026-09-30 19:43:27.289764+00,B1,2616
57aa1c1e-a225-437d-a104-afca200bd327,,word,tunel,тунель,Іменник (чол. рід),,2026-09-30 19:11:45.674946+00,A2,1372
57ac30fe-e50c-4f79-b9d1-be40513d969e,,word,ugovor,договір,Іменник (чол. рід),,2026-09-30 19:37:28.32227+00,A2,2433
57e2eec4-7a7c-4048-9a80-4cde374ceae7,,word,proputovati,подорожувати всюди,Дієслово,,2026-09-30 19:43:27.289764+00,B1,2459
57ed25aa-184b-4c2a-b0e0-2099879b6c77,,word,šalter,"віконце, каса (в установах)",Іменник (чол. рід),,2026-09-30 19:16:11.208603+00,A2,1565
57ed6a3f-8e3e-4e39-967e-88ef3f251bf8,,word,papuče,тапочки,"Іменник (жін. рід, мн.)",,2026-09-30 19:11:45.674946+00,A1,1493
58021cd8-464b-4bad-ad11-ef4d840f781a,,word,investirati,інвестувати,Дієслово,,2026-09-30 19:07:18.68248+00,B1,924
583a9148-cf1d-4fb9-8417-09db9f6a7545,,word,zakon,закон,Іменник (чол. рід),,2026-09-30 19:07:18.68248+00,A2,990
58818f6f-9064-4280-9833-b6f71c419ca3,,word,ugostiteljstvo,готельно-ресторанна справа,Іменник (сер. рід),,2026-09-30 19:16:11.208603+00,B1,1655
58948a9a-71ae-4312-906f-a7b243237037,,word,svirati,грати (на інструменті),Дієслово,,2026-09-30 19:23:19.225661+00,A2,1951
58948ee8-3433-4704-88d5-34b51372a870,,word,peglati,прасувати,Дієслово,,2026-09-30 19:23:19.225661+00,A2,1997
589518d4-de3e-4cd7-9f0d-7f92fa728264,,word,utjecaj,вплив,Іменник (чол. рід),,2026-09-30 19:34:28.835177+00,B1,2158
589e9a25-2958-41ee-9c2e-cf5ed8c86612,,word,proizvodnja,виробництво,Іменник (жін. рід),,2026-09-30 19:16:18.104507+00,B1,1711
589fed82-de41-4cbb-92b3-4628d8571143,,word,gramatika,граматика,Іменник (жін. рід),,2026-09-30 19:09:45.971373+00,A1,1131
58a87e19-8ea2-4688-9ac3-336ad6548627,,word,sigurnost,безпека,Іменник (жін. рід),,2026-09-30 19:05:19.501424+00,A2,855
58d24ab3-c176-4da8-9ca1-105b134b4de6,,word,sud,суд,Іменник (чол. рід),,2026-09-30 19:13:58.595598+00,A2,1599
58dff84a-af02-4c73-a98e-41964e800f99,,word,zaštititi,захистити,Дієслово,,2026-09-30 18:54:20.802874+00,B1,497
5909c3d6-0e0b-40f8-94e8-47d2e88fb077,,word,gorivo,паливо,Іменник (сер. рід),,2026-09-30 19:46:32.987066+00,A2,2943
591a681b-631d-403f-b274-71b4dd3e5a8a,,word,isplata,виплата,Іменник (жін. рід),,2026-09-30 19:16:11.208603+00,B1,1684
5934e179-46fb-4343-a9ff-659bcf8b059c,,word,kamp,кемпінг,Іменник (чол. рід),,2026-09-30 19:11:45.674946+00,A2,1395
595d765f-b0d7-404e-bdcf-3ea8fc4d4b13,,word,teorija,теорія,Іменник (жін. рід),,2026-09-30 19:09:45.971373+00,B1,1148
59644fed-7550-4d6c-aa32-8a01d0dc5f0c,,word,kći,дочка,Іменник (жін. рід),,2026-09-30 19:46:32.987066+00,A1,2998
59676f75-7479-493a-b45f-650cfcb270ed,,word,praksa,практика,Іменник (жін. рід),,2026-09-30 19:46:32.987066+00,A2,2891
59908e8c-c0cc-48cb-b1b6-e8016b8d0522,,word,čistiti,"прибирати, чистити",Дієслово,,2026-09-30 19:23:19.225661+00,A2,1995
59909fed-5644-4827-b503-ce05db3f29a8,,word,bankrotirati,збанкрутувати,Дієслово,,2026-09-30 19:43:27.289764+00,B1,2509
59ce920d-e7b4-402f-a6aa-a10254468b50,,word,čvrst,міцний,Якісний прикметник,,2026-09-30 19:34:28.835177+00,A2,2237
59d12f0b-2ce7-42a2-bd78-6dee2dd239b5,,word,akcija,"дія, акція",Іменник (жін. рід),,2026-09-30 18:57:19.23543+00,A2,663
59d42568-7cb8-47c2-a50a-193f7d32b374,,word,kriza,криза,Іменник (жін. рід),,2026-09-30 19:16:11.208603+00,B1,1635
59d4daef-9446-4b1f-8cba-2156cd5f84dd,,word,neoprezan,необережний,Якісний прикметник,,2026-09-30 19:43:27.289764+00,B1,2318
59dc1cde-8ba2-4767-bacd-6b5db4983a0c,00000000-0000-0000-0000-000000000009,dialogue_line,"Vlasnik: Dobar dan, naručeni smo za pregled.","Власник: Доброго дня, ми записані на огляд.",,,2026-09-30 13:44:23.927236+00,A1,100
59e103a2-b023-435b-aff5-115464cd16f0,,word,urediti,навести лад,Дієслово,,2026-09-30 19:23:19.225661+00,A2,2061
59eca7b4-b184-417a-a656-b47f5232704c,,word,red,черга,Іменник (чол. рід),,2026-09-30 19:13:58.595598+00,A2,1566
5a079c5a-16b0-4d59-83aa-0420763cb156,9ff8ccfd-58f7-457d-9025-a5f1ee9d75df,word,blizu,близько,[блі́зу],,2026-09-30 11:18:03.517183+00,A1,100
5a13fcd5-8d39-4034-8a79-e0c95550b241,,word,predati,"здати, передати",Дієслово,,2026-09-30 19:07:18.68248+00,B1,918
5a24fb38-011a-47a2-8d1f-b93f8b674c7c,,word,moći,могти,Дієслово,,2026-09-30 19:23:19.225661+00,A1,1985
5a26fa3a-cac9-465e-99d4-efae8b7c50f9,,word,prodati,продати,Дієслово,,2026-09-30 19:23:19.225661+00,A2,2089
5a2dbb48-a6a3-455a-9809-d55e50b49d17,,word,prav,"правий, прямий",Прикметник,,2026-09-30 19:02:53.78951+00,A2,756
5a335398-f2da-4a07-b546-c7ef0a7e078f,,word,nesposoban,нездатний,Якісний прикметник,,2026-09-30 19:43:27.289764+00,B1,2334
5a33db3a-3023-474d-8e23-ab028bb02570,,word,nadati se,сподіватися,Зворотне дієслово,,2026-09-30 19:23:19.225661+00,A2,1973
5a76ddc7-0dd3-4d49-9738-cde5aa6e6534,,word,snijeg,сніг,Іменник (чол. рід),,2026-09-30 19:09:45.971373+00,A2,1221
5a919108-d57c-4cc1-89cf-bd797df1c4f4,,word,vlažan,вологий,Якісний прикметник,,2026-09-30 19:34:28.835177+00,A2,2257
5ab827e8-adaf-45f0-ac6d-ce50a855f2a7,,word,nemoćan,немічний,Якісний прикметник,,2026-09-30 19:34:28.835177+00,B1,2288
5af37177-a1d3-4c36-9f59-023b6f8687ad,,word,struja,"електрика, струм",Іменник (жін. рід),,2026-09-30 18:53:00.692622+00,A2,324
5b2e0a9b-0049-450c-b4dd-8a496fbecf94,,word,granica,"кордон, межа",Іменник (жін. рід),,2026-09-30 19:07:18.68248+00,A2,998
5b2f74b6-1edf-42b7-bc44-bcdafeffa96d,,word,sličnost,подібність,Іменник (жін. рід),,2026-09-30 19:34:28.835177+00,B1,2135
5b40c852-7528-48c5-9559-cf5289302ebc,,word,pomoć,допомога,Іменник (жін. рід),,2026-09-30 19:16:18.104507+00,A1,1796
5b55e9fd-eb18-4639-939d-da8ec90f36f5,,word,kiša,дощ,Іменник (жін. рід),,2026-09-30 19:46:32.987066+00,A1,2955
5b62bd13-9c46-47bf-91cd-f0d5875b55cb,,word,ružnoća,потворність,Іменник (жін. рід),,2026-09-30 19:13:58.595598+00,B1,1507
5b8941ae-23e0-4f04-8e7d-4c2debd09039,,word,klinika,клініка,Іменник (жін. рід),,2026-09-30 19:13:58.595598+00,A2,1540
5b8afde9-ca8a-404d-a952-b4dca5b5e2da,,word,odnijeti,віднести,Дієслово,,2026-09-30 19:23:19.225661+00,A2,1931
5b90e416-ccc5-4545-a461-c718668c88c1,,word,sudac,суддя,Іменник (чол. рід),,2026-09-30 18:55:51.229682+00,B1,567
5b9a7442-d60c-4b72-83cb-39bbc6b2d0ac,,word,štrajk,страйк,Іменник (чол. рід),,2026-09-30 19:37:28.32227+00,B1,2446
5bcfe194-fa3f-42ab-af0a-5409e01f976b,,word,trošak,витрата,Іменник (чол. рід),,2026-09-30 19:02:53.78951+00,A2,796
5c1d7184-b159-4885-9ea7-0bebd686cb0b,,word,što,"що, який",Займенник / питальне слово,,2026-09-30 18:47:44.824275+00,A1,15
5c50049b-490e-461d-b48d-37b8ceb1d740,,phrase,vjenčani list,свідоцтво про шлюб,Вираз,,2026-09-30 19:16:11.208603+00,B1,1588
5c599074-ff2f-4f88-b37a-d754eee82f34,,word,događaj,подія,Іменник (чол. рід),,2026-09-30 19:46:32.987066+00,A2,2829
5c5d9e6c-73eb-4e29-b088-bf061c97c3bd,,word,uglavnom,переважно,Прислівник,,2026-09-30 19:37:28.32227+00,A2,2364
5c60f6bd-66f2-45f6-8963-e5011e60aca3,,word,kipar,скульптор,Іменник (чол. рід),,2026-09-30 19:16:18.104507+00,B1,1891
5c677f86-57ba-44bf-8546-abf21e3aa5ad,,word,fleksibilan,"гнучкий, адаптивний",Якісний прикметник,,2026-09-30 19:34:28.835177+00,B1,2244
5c6ed09f-7a47-435b-b5cc-8cf8894fa454,,word,priča,"розповідь, історія",Іменник (жін. рід),,2026-09-30 18:55:51.229682+00,A1,532
5c75cbb9-e663-4e24-9778-88ee20d92a8e,,word,stanica,"станція, зупинка",Іменник (жін. рід),,2026-09-30 19:11:45.674946+00,A1,1378
5c7d52e7-968f-42f2-818e-17e79a3d1f82,,word,otpremnica,накладна,Іменник (жін. рід),,2026-09-30 19:16:18.104507+00,B1,1722
5c846fd1-a87f-4a9b-b7e4-c0884168f51d,,word,širina,ширина,Іменник (жін. рід),,2026-09-30 18:54:20.802874+00,A2,409
5c90fc1e-a5f5-48e4-9625-994c4a87470f,,word,radnik,робітник,Іменник (чол. рід),,2026-09-30 19:46:32.987066+00,A2,2909
5c9f5398-87ea-4bbe-9e02-f8ddc7b79aca,,word,zaštita,захист,Іменник (жін. рід),,2026-09-30 19:05:19.501424+00,A2,857
5caa5eff-378f-470f-815e-5243ec061b9a,,word,tekst,текст,Іменник (чол. рід),,2026-09-30 18:57:19.23543+00,A1,697
5cce21d3-ae78-4651-ae78-974a397316b4,,word,lingvistika,мовознавство,Іменник (жін. рід),,2026-09-30 19:16:18.104507+00,B1,1861
5ce761d3-4d9b-45b4-9bc7-f2a3c5542f80,,word,otac,батько,Іменник (чол. рід),,2026-09-30 19:09:45.971373+00,A1,1261
5ce7ce57-122c-4798-842c-721de777f77f,,word,svugdje,всюди,Прислівник,,2026-09-30 19:37:28.32227+00,A2,2399
5cebc0e7-e4af-4fb1-b781-9b1f51a57bee,,word,faktura,"фактура, рахунок-фактура",Іменник (жін. рід),,2026-09-30 19:16:18.104507+00,B1,1721
5d22f4fb-50c1-467f-b4bb-44d10f708e80,,word,zamijeniti,замінити,Дієслово,,2026-09-30 19:23:19.225661+00,A2,2096
5d90a70e-fc9f-4b3d-9981-1a5ab4bb9431,,word,oprati,помити,Дієслово,,2026-09-30 19:43:27.289764+00,A2,2552
5d9ef925-3fe6-4fa0-8ea3-1fe91d865529,,word,proračun,бюджет,Іменник (чол. рід),,2026-09-30 19:13:58.595598+00,B1,1670
5db7bc5a-9a60-4246-91be-93be9f06378f,,word,general,генерал,Іменник (чол. рід),,2026-09-30 19:11:45.674946+00,B1,1333
5dd95311-50ba-424f-8c93-1a37c1c688e8,,word,šest,шість,Числівник,,2026-09-30 18:51:44.601106+00,A1,271
5deb418d-b98a-41a7-a4c5-29433464f30a,,word,pad,падіння,Іменник (чол. рід),,2026-09-30 19:02:53.78951+00,B1,786
5df214af-71be-4188-a0ae-47f826282ac9,,word,trčati,бігти,Дієслово,,2026-09-30 19:23:19.225661+00,A1,1905
5e146ba8-86bd-4af2-aab0-6dddb361bb6e,,word,znanost,наука,Іменник (жін. рід),,2026-09-30 19:09:45.971373+00,B1,1145
5e28ac22-e057-44b1-bd8d-43cd11c4bf2e,,phrase,korisničko ime,ім'я користувача,Вираз,,2026-09-30 19:16:18.104507+00,A2,1773
5e379ad9-ade2-4513-a2f1-4ccdaa8bfec3,,word,umjetnost,мистецтво,Іменник (жін. рід),,2026-09-30 19:46:32.987066+00,B1,2854
5e5f2f86-1b71-45e3-926e-ef14ff91c1fb,,word,zajam,позика,Іменник (чол. рід),,2026-09-30 19:13:58.595598+00,B1,1691
5e7c291f-e08f-4d09-b5e9-46493934c72b,,word,krik,крик,Іменник (чол. рід),,2026-09-30 18:57:19.23543+00,B1,682
5e897792-cd86-4c2e-a055-d95f5e44cee2,,word,haljina,сукня,Іменник (жін. рід),,2026-09-30 19:11:45.674946+00,A1,1481
5ebbc801-bca4-42f3-b561-96a01cf44d2e,,word,navlaš,навмисно,Прислівник,,2026-09-30 19:37:28.32227+00,B1,2383
5ec517c2-55f0-4721-b59b-b124662ab797,,word,rijeka,річка,Іменник (жін. рід),,2026-09-30 19:46:32.987066+00,A2,2969
5ec6461a-2f31-40f3-8e08-f1755e9071e0,,word,četvrtak,четвер,Іменник (чол. рід),,2026-09-30 18:51:44.601106+00,A1,250
5ec6a721-40ee-45ef-8a45-45da6f39d986,9e3f6972-10fa-4c25-8fed-80a5148f5c44,word,ti,ти,[ті],,2026-09-30 11:18:02.743916+00,A1,100
5f35ce56-5ac1-4c9c-9eff-3b8d1db9481e,,word,smijeh,сміх,Іменник (чол. рід),,2026-09-30 18:55:51.229682+00,A2,522
5f3bcec1-fcf2-4987-aa02-992cf70d15a0,,word,žalba,скарга,Іменник (жін. рід),,2026-09-30 19:13:58.595598+00,B1,1572
5f561ccb-c8be-4b38-ba44-ec03803e7400,,word,recept,рецепт,Іменник (чол. рід),,2026-09-30 19:05:19.501424+00,A2,865
5f618b0c-2154-45c1-8e8c-823db3e1563e,,word,tjedan,тиждень,Іменник (чол. рід),,2026-09-30 18:51:44.601106+00,A1,245
5f78b27a-1084-467a-a75c-fbbbe2361f75,,word,jezik,мова,Іменник (чол. рід),,2026-09-30 19:09:45.971373+00,A1,1114
5f840829-6c5f-441e-9288-66b503a0303c,,word,cipele,"взуття, туфлі",Іменник (жін. рід),,2026-09-30 18:53:00.692622+00,A1,304
5fa0230a-3092-4d9a-b5b6-e889261779e2,,word,laž,брехня,Іменник (жін. рід),,2026-09-30 18:55:51.229682+00,A2,527
5fb36522-e3f6-4018-888e-4d95e6035348,,word,diploma,диплом,Іменник (жін. рід),,2026-09-30 19:09:45.971373+00,A2,1143
5fcabba1-cee3-43f3-b680-fe4e980fce61,,word,beskoristan,"марний, некорисний",Якісний прикметник,,2026-09-30 18:57:19.23543+00,B1,613
5fcb434a-76a2-440c-84eb-468952aec3c1,,word,besplodan,неплідний,Якісний прикметник,,2026-09-30 19:37:28.32227+00,B1,2342
5fde1c9e-e44f-4c46-ac92-9683367c269e,,word,glasno,голосно,Прислівник,,2026-09-30 18:54:20.802874+00,A1,414
5fe6ec91-89bc-414f-9ea6-e3d5ad1b4128,,word,naprosto,"просто, просто-таки",Прислівник,,2026-09-30 19:37:28.32227+00,B1,2368
60076392-c406-4c58-96ce-18725da28c7f,,word,oblak,хмара,Іменник (чол. рід),,2026-09-30 19:09:45.971373+00,A2,1223
602f3173-b770-41fd-a8a5-eca4c7a2b457,,word,cesta,дорога,Іменник (жін. рід),,2026-09-30 19:11:45.674946+00,A1,1367
60333ff1-5524-434b-b223-a7df588cf7d6,,word,okruženje,оточення,Іменник (сер. рід),,2026-09-30 19:34:28.835177+00,B1,2199
6043c2ec-5aa2-494e-9222-141291ffaf79,,word,štednja,заощадження,Іменник (жін. рід),,2026-09-30 19:46:32.987066+00,B1,2926
604afa85-d74e-4d8d-89c3-be943df69254,,word,osjećaj,почуття,Іменник (чол. рід),,2026-09-30 18:57:19.23543+00,A2,659
604c4152-8bc8-42de-b450-e44781d9ce21,,word,sponzorirati,спонсорувати,Дієслово,,2026-09-30 19:43:27.289764+00,B1,2512
605448ae-3ef0-4345-8733-a1ed530cd84f,,word,kihati,чхати,Дієслово,,2026-09-30 19:43:27.289764+00,A2,2640
605ca317-d303-4d44-b900-eb589b306994,,word,ograda,огорожа,Іменник (жін. рід),,2026-09-30 19:11:45.674946+00,B1,1412
606a4bca-677a-4246-9382-106591612684,00000000-0000-0000-0000-000000000008,word,Dizne,Форсунки,,,2026-09-30 13:44:23.68813+00,A1,100
607fa093-d520-4417-9e33-7bada00c466e,,word,istraživanje,дослідження,Іменник (сер. рід),,2026-09-30 19:46:32.987066+00,B1,2888
60929d8c-3890-4f69-a896-07725474aa6c,,word,živ,живий,Якісний прикметник,,2026-09-30 19:34:28.835177+00,A2,2283
609bd3b2-ede2-4bca-a8e4-2f378640aa8e,,word,izvor,джерело,Іменник (чол. рід),,2026-09-30 19:05:19.501424+00,A2,820
60a63c61-a39b-48da-949b-ab8898ecff6a,,word,ormar,шафа,Іменник (чол. рід),,2026-09-30 19:11:45.674946+00,A2,1422
60aca272-9899-4e23-9a14-fa7b830f55ce,,word,sindikat,профспілка,Іменник (чол. рід),,2026-09-30 19:37:28.32227+00,B1,2447
60b586db-ffa6-4c41-829d-abb406466386,,word,popravak,ремонт,Іменник (чол. рід),,2026-09-30 19:09:45.971373+00,A2,1175
60b9e05d-9da4-429f-a01b-93e71d9bb4b6,9e3f6972-10fa-4c25-8fed-80a5148f5c44,phrase,Nema problema.,Немає проблем.,[Не́ма пробле́ма],,2026-09-30 11:18:02.743916+00,A1,100
60ce260c-9099-430f-8ba5-1e94d21d35a6,,word,vozač,водій,Іменник (чол. рід),,2026-09-30 18:55:51.229682+00,A2,583
611ecd85-2394-485b-a0c9-ae5c30542151,aef634c7-836d-4d7d-9ae4-41fa0012b5b3,word,temperatura,температура,[температу́ра],,2026-09-30 11:18:04.076329+00,A1,100
6123b137-2748-444d-9830-ea32fae58f13,,word,vagati,зважувати,Дієслово,,2026-09-30 19:23:19.225661+00,B1,2064
6131d424-a715-4e3f-94ce-94b599ee8a6d,,word,upute,інструкції,"Іменник (жін. рід, мн.)",,2026-09-30 19:16:18.104507+00,A2,1798
61330e7c-a20b-4c43-812f-f29fa69632d5,,word,tužitelj,"прокурор, позивач",Іменник (чол. рід),,2026-09-30 19:11:45.674946+00,B1,1341
614936c7-98a6-4ea6-aaaf-2442ecf75270,,word,sinteza,синтез,Іменник (жін. рід),,2026-09-30 19:16:18.104507+00,B1,1809
6149cc24-ca40-40c8-898f-0b386af03eb1,,word,odlazak,від'їзд,Іменник (чол. рід),,2026-09-30 19:07:18.68248+00,A2,1057
61572e79-0f68-4ecb-b451-796ced75b5ac,,word,snaga,сила,Іменник (жін. рід),,2026-09-30 19:46:32.987066+00,A2,2942
615f743c-a771-414b-a12a-67916f87371c,,word,zelen,зелений,Прикметник (колір),,2026-09-30 18:51:44.601106+00,A1,283
6163571b-1088-4889-b28d-d0db66c110d7,,word,zadatak,завдання,Іменник (чол. рід),,2026-09-30 18:53:00.692622+00,A2,382
61754d47-ce8c-4a19-8e8a-7debf8f3e9bc,,word,izgubiti,втратити,Дієслово,,2026-09-30 19:23:19.225661+00,A2,1936
6176e528-d7f5-4fb1-ba2f-d2131277abd0,,word,mast,мазь,Іменник (жін. рід),,2026-09-30 19:16:11.208603+00,B1,1521
61894266-a336-4cf6-8dc8-406649533ecc,,word,dob,вік,Іменник (жін. рід),,2026-09-30 18:53:00.692622+00,A2,359
618cfd9d-9745-4268-ac46-a01bca35e541,,word,zaboraviti,забути,Дієслово мислення,,2026-09-30 18:50:08.476847+00,A1,194
61ca75b5-c549-42ab-a55c-9baec603a9d1,,word,misao,думка,Іменник (жін. рід),,2026-09-30 19:43:27.289764+00,B1,2727
61d20369-d564-412a-8a48-742559eaab79,,word,toplina,тепло,Іменник (жін. рід),,2026-09-30 19:16:18.104507+00,A2,1830
61d2e145-3892-439e-ba3b-bff84f4ebe96,,word,umirovljenik,пенсіонер,Іменник (чол. рід),,2026-09-30 19:13:58.595598+00,A2,1553
61f59c3f-bcd6-4c35-a8e4-498fe4c22326,,word,banka,банк,Іменник (жін. рід),,2026-09-30 19:09:45.971373+00,A1,1185
621350cb-7e59-4405-86b0-b47126e96998,,word,grad,місто,Іменник,,2026-09-30 18:47:44.824275+00,A1,75
6214e8cb-df92-45e5-a5ff-e26e31103a4f,,word,moć,могутність,Іменник (жін. рід),,2026-09-30 19:37:28.32227+00,B1,2409
62230343-a177-4d80-bf63-6093c18b0bad,,word,sudjelovati,брати участь,Дієслово,,2026-09-30 19:07:18.68248+00,B1,903
622b0d2b-fee6-4699-8c41-9467ab19d902,,word,račun,рахунок,Іменник (чол. рід),,2026-09-30 18:53:00.692622+00,A2,327
624b8b29-b776-461f-89d7-db7583bd1a95,6a50fa7b-a8d3-4cde-9039-ad17309ed1e2,phrase,"Račun, molim vas.","Рахунок, будь ласка.","[Ра́чун, мо́лім вас]",,2026-09-30 11:18:03.287284+00,A1,100
62562091-0177-4637-b6b7-fc54617b9ef0,,phrase,životni vijek,тривалість життя,Вираз,,2026-09-30 19:13:58.595598+00,B1,1510
625d5de5-7d7a-49f7-bae7-fff7ec85c732,,word,nagrada,нагорода,Іменник (жін. рід),,2026-09-30 19:07:18.68248+00,A2,1048
62825d84-5ec2-4299-a1ed-a42b07e6c83d,,word,karta,квиток,Іменник (жін. рід),,2026-09-30 19:07:18.68248+00,A1,1058
62a732a9-04d3-4ba7-b24b-4fae9f9bac75,,word,dužina,довжина,Іменник (жін. рід),,2026-09-30 19:34:28.835177+00,A2,2184
62ad6de1-9d0f-454b-aea5-2022f23c4fbb,,word,umjetnost,мистецтво,Іменник (жін. рід),,2026-09-30 18:53:00.692622+00,B1,371
62afa383-baf4-429c-b7c9-e71eaaf152c4,,word,organizirati,організувати,Дієслово,,2026-09-30 19:07:18.68248+00,A2,927
62c565df-5d89-45cb-85ac-fa42b54df8be,,word,stupanj,ступінь,Іменник (чол. рід),,2026-09-30 19:46:32.987066+00,B1,2886
62ef7653-695e-4d6e-8a10-12d2c6b42b9b,,word,zadatak,завдання,Іменник (чол. рід),,2026-09-30 19:34:28.835177+00,A2,2167
6309008c-f493-41ba-8fd7-fa8e827e88a4,,word,kamera,камера,Іменник (жін. рід),,2026-09-30 19:09:45.971373+00,A2,1110
631c1065-9a39-4672-98a1-544647acb510,,word,dvorište,подвір'я,Іменник (сер. рід),,2026-09-30 19:11:45.674946+00,A2,1410
632a03e9-c761-4528-94e1-400fdb32314a,,word,granica,кордон,Іменник (жін. рід),,2026-09-30 19:07:18.68248+00,A2,1061
632c9050-4209-46fe-a49a-cd56471240f9,,word,ulica,вулиця,Іменник (жін. рід),,2026-09-30 18:51:44.601106+00,A1,203
63382c51-83ff-430a-a018-154a1b94c12a,,word,rezervacija,бронювання,Іменник (жін. рід),,2026-09-30 19:46:32.987066+00,A2,2798
633a7681-b893-46bd-a66e-31c4bd0f59b5,,word,domovnica,довідка про громадянство,Іменник (жін. рід),,2026-09-30 19:16:11.208603+00,B1,1586
638bf079-797f-4a46-8485-106299653f75,,word,brz,швидкий,Якісний прикметник,,2026-09-30 18:50:08.476847+00,A1,138
63a9d501-6c65-4b47-ac6d-24ff1fafd0fe,,word,plivati,плавати,Дієслово руху,,2026-09-30 18:50:08.476847+00,A2,186
63b925a4-09b3-4f66-be30-9a70ae062a58,,word,nesvijest,непритомність,Іменник (жін. рід),,2026-09-30 19:34:28.835177+00,B1,2112
63c241dc-0dbe-43c6-8d5f-647b97de04ef,,word,uznemiriti se,тривожитися,Зворотне дієслово,,2026-09-30 19:43:27.289764+00,B1,2496
63ccfd95-bd4c-4c18-8ff3-6f338ef89980,,word,bol,біль,Іменник (жін. рід),,2026-09-30 19:13:58.595598+00,A2,1529
63ded97e-b69e-4a4c-afbc-ef3ffe96f7da,,word,rušiti,руйнувати,Дієслово,,2026-09-30 19:23:19.225661+00,B1,1993
63fc5a2d-2e82-4964-b41d-9c6a33b57d25,,word,muzej,музей,Іменник (чол. рід),,2026-09-30 18:53:00.692622+00,A2,369
640fae2c-0509-4cb0-9c6a-ebb256b34475,,word,kredit,кредит,Іменник (чол. рід),,2026-09-30 19:46:32.987066+00,A2,2924
641038db-f94e-4d01-b041-a5a2e826b372,,word,činjenica,факт,Іменник (жін. рід),,2026-09-30 19:07:18.68248+00,B1,967
641e5940-3ae1-48fd-84d5-1b8358a6299d,,word,uvjet,умова,Іменник (чол. рід),,2026-09-30 19:46:32.987066+00,A2,2826
642fcf54-9e68-4a0a-bd10-e48832b568c5,,word,potrošač,споживач,Іменник (чол. рід),,2026-09-30 18:55:51.229682+00,B1,599
643f37aa-c1c1-4613-bd88-84f473f2f46b,,word,tečaj,курс (валют),Іменник (чол. рід),,2026-09-30 19:16:11.208603+00,A2,1675
6444da82-8aee-49e6-91f3-9ac6a5e89fd0,,word,prihod,дохід,Іменник (чол. рід),,2026-09-30 19:46:32.987066+00,B1,2917
645f533d-308c-496a-95da-3b4b0a95a762,cdbe8d84-ac8f-4a14-850b-f3d49dab1e9a,word,kuća,будинок,[ку́ча],,2026-09-30 11:18:03.738799+00,A1,100
6460f83a-9274-4160-b702-d93876578b03,,word,uplašiti,налякати,Дієслово,,2026-09-30 19:43:27.289764+00,B1,2601
6465af99-1ade-4a8b-b4e5-fee544e91b58,,word,vjetar,вітер,Іменник (чол. рід),,2026-09-30 19:34:28.835177+00,A2,2210
6481f725-5da0-4c06-a143-6d97ab5bbe2b,,word,obrtnik,ремісник,Іменник (чол. рід),,2026-09-30 18:55:51.229682+00,B1,587
64940991-3219-4d4d-a71f-d5add426cf25,,word,bi,би,Умовна частка,,2026-09-30 18:47:44.824275+00,A1,10
64a66eb4-c34f-43c7-bcbf-30b1c2072b7c,,word,osim,крім,Прийменик,,2026-09-30 18:54:20.802874+00,A2,454
64c15e20-a976-4dd2-8dce-929bcde6f05c,,word,jasan,"зрозумілий, ясний",Якісний прикметник,,2026-09-30 18:57:19.23543+00,A2,616
64e3dde6-b776-46df-a520-27d666fbcbbc,,word,mjesec,місяць,Іменник (чол. рід),,2026-09-30 18:51:44.601106+00,A1,246
64e94052-6ade-4a2e-b692-20ea13822fbf,9e3f6972-10fa-4c25-8fed-80a5148f5c44,phrase,Drago mi je.,Дуже приємно.,[Дра́го мі є],,2026-09-30 11:18:02.743916+00,A1,100
64f857d0-b3a8-4261-be00-a82255feadab,,word,kauč,диван,Іменник (чол. рід),,2026-09-30 19:11:45.674946+00,A2,1420
653d55b0-7a93-4f44-927d-05d336603f8c,,word,moć,могутність,Іменник (жін. рід),,2026-09-30 19:43:27.289764+00,B1,2409
65417134-ab6e-4ac2-91b5-e07b800836f7,,word,okoliš,навколишнє середовище,Іменник (чол. рід),,2026-09-30 19:16:18.104507+00,B1,1745
65786d52-519a-404d-b0a6-2ebb033bce9e,,word,otrčati,побігти,Дієслово,,2026-09-30 19:43:27.289764+00,B1,2465
657c5d91-b239-42a1-b7d6-69bfb8a99196,,word,zaštita,захист,Іменник (жін. рід),,2026-09-30 19:16:11.208603+00,A2,1641
658afa6c-815a-4e58-aceb-467f0b7fa98a,,word,rezultat,результат,Іменник (чол. рід),,2026-09-30 19:09:45.971373+00,A2,1150
65b2bcbc-14f2-43a3-9d4e-d8627d1e2926,,word,skup,дорогий (про ціну),Якісний прикметник,,2026-09-30 18:50:08.476847+00,A1,146
65beef2b-aa0b-456c-846c-775cb05c681f,,word,lekcija,урок,Іменник (жін. рід),,2026-09-30 19:46:32.987066+00,A1,2878
65c075ae-999f-40d3-bba3-095ae37ec163,,word,snaga,сила,Іменник (жін. рід),,2026-09-30 18:54:20.802874+00,A2,404
65c556c5-d7ee-40e1-b7b3-a79d99170b0e,,word,gospodarstvo,"економіка, господарство",Іменник (сер. рід),,2026-09-30 19:16:11.208603+00,B1,1651
65c9e650-b2a8-4e2b-89ba-e40cf2ec1e93,,word,usluga,послуга,Іменник (жін. рід),,2026-09-30 19:46:32.987066+00,A2,2814
65cb6a25-3277-4e48-b23f-e04db097346f,bbe9211f-51f2-4654-a98f-528ffb57e9ad,word,meso,м'ясо,[ме́со],,2026-09-30 11:18:03.043652+00,A1,100
65d56536-413c-48d3-a953-a15b31f9603e,,word,pomilovanje,помилування,Іменник (сер. рід),,2026-09-30 19:43:27.289764+00,B1,2667
65f0509f-0781-4dcf-a501-5622aa4a39bf,,word,prilika,"можливість, шанс",Іменник (жін. рід),,2026-09-30 18:55:51.229682+00,A2,508
65f534fc-61d4-4ddb-a26d-4b03f586d827,,word,carina,митниця,Іменник (жін. рід),,2026-09-30 19:07:18.68248+00,A2,1062
65f7417d-24a7-4173-981e-e2e4a797a4a5,,word,gurnuti,штовхнути,Дієслово,,2026-09-30 18:54:20.802874+00,A2,482
66002dbf-1656-4d1a-b34a-715fecd6c9f3,,word,nastaviti,продовжити,Дієслово,,2026-09-30 19:23:19.225661+00,A2,2031
6608824e-81c2-4aab-a73b-0ff36e9496fb,,word,prihvatiti,прийняти,Дієслово,,2026-09-30 19:43:27.289764+00,A2,2525
66169a42-61ac-488b-b278-898a5c5b61ab,,word,funkcija,функція,Іменник (жін. рід),,2026-09-30 19:07:18.68248+00,B1,958
662156e3-d4fc-4cd7-b826-bd44d639cd96,,word,sadašnjost,теперішнє,Іменник (жін. рід),,2026-09-30 19:07:18.68248+00,B1,1009
66381818-f170-469c-b398-3c45c427bf07,,word,vidjeti,бачити,Дієслово,,2026-09-30 19:23:19.225661+00,A1,1955
664326b3-8df1-4944-968d-7198968c0aa6,,word,vjerovati,вірити,Дієслово,,2026-09-30 19:43:27.289764+00,A2,2580
664964a3-83c1-4710-b30b-1607369e61b6,,word,program,програма,Іменник (чол. рід),,2026-09-30 19:16:18.104507+00,A2,1758
665c5151-18ae-48c2-b4b2-b7f9b924d45b,,word,borba,боротьба,Іменник (жін. рід),,2026-09-30 19:43:27.289764+00,A2,2674
6668ede2-7682-4a2c-949e-5fcef452ab0d,,word,otok,острів,Іменник (чол. рід),,2026-09-30 19:46:32.987066+00,A2,2973
66732413-f8a9-47a8-adba-b41f758fc12c,,phrase,smrtni list,свідоцтво про смерть,Вираз,,2026-09-30 19:13:58.595598+00,B1,1589
6673ef03-c3ea-4b03-a623-d0c60e459e93,9ff8ccfd-58f7-457d-9025-a5f1ee9d75df,dialogue_line,Vozač: Je li se plaća?,Він платний?,,,2026-09-30 11:18:03.517183+00,A1,100
667d510d-edb9-42de-b6bc-51dab94d137e,,word,gubitak,втрата,Іменник (чол. рід),,2026-09-30 18:57:19.23543+00,A2,673
66952cb0-a7af-41b0-ad20-43eedf1afcf8,,word,papirologija,паперова тяганина,Іменник (жін. рід),,2026-09-30 19:43:27.289764+00,B1,2417
669dd565-788f-4930-9142-0167d5e72e21,,word,nakit,прикраси,Іменник (чол. рід),,2026-09-30 19:11:45.674946+00,A2,1499
66ae8fc8-717e-4775-9c46-6d13b854921c,,word,sumnjati,сумніватися,Дієслово,,2026-09-30 19:23:19.225661+00,B1,1972
66beba4f-8bcb-4d05-a0c1-999c7ac7f10c,,word,vojnik,солдат,Іменник (чол. рід),,2026-09-30 19:11:45.674946+00,A2,1331
66c03a94-6c39-4729-a432-ce7e2f2ce505,,word,pobijediti,перемогти,Дієслово,,2026-09-30 18:54:20.802874+00,B1,499
66d431c4-f030-41b8-8c4e-aef9b228e1e3,,word,jedva da,ледве чи,Вираз,,2026-09-30 19:37:28.32227+00,B1,2370
66f380c3-727f-4af5-9ce2-02b1c855638b,,word,trgovina,магазин,Іменник (жін. рід),,2026-09-30 19:09:45.971373+00,A1,1197
66f78b5c-8da9-4654-9983-d40f15f96f8c,,word,gripa,грип,Іменник (жін. рід),,2026-09-30 19:13:58.595598+00,A2,1534
66fac0bd-6c7d-4006-9075-dbdfe5d4a44c,,word,tišina,тиша,Іменник (жін. рід),,2026-09-30 19:05:19.501424+00,A2,897
67007463-a785-420e-93ae-5f5029db9785,,word,naravno,"звісно, звичайно",Прислівник,,2026-09-30 18:54:20.802874+00,A1,423
6705b22e-d71e-4a9d-9f44-9d40d8564c51,,word,prijateljstvo,дружба,Іменник (сер. рід),,2026-09-30 19:07:18.68248+00,A2,1022
670a6f9d-6572-446d-b1da-9ecc8671d033,,word,iznimka,виняток,Іменник (жін. рід),,2026-09-30 19:09:45.971373+00,B1,1133
671aa9f4-d24e-4dce-89e4-2b9bf77e02c1,,word,list,лист,Іменник (чол. рід),,2026-09-30 19:09:45.971373+00,A2,1245
6720a2ed-6ac9-43a7-be78-88a6f63e01d7,,word,laž,брехня,Іменник (жін. рід),,2026-09-30 19:07:18.68248+00,A2,969
67233fe1-3d94-4894-8ac3-4ea925581b33,,word,poraz,поразка,Іменник (чол. рід),,2026-09-30 18:57:19.23543+00,B1,676
6727f481-80ff-4dbb-b2ec-f66f188acbab,6a50fa7b-a8d3-4cde-9039-ad17309ed1e2,phrase,Bilo je jako ukusno.,Було дуже смачно.,[Бі́ло є я́ко уку́сно],,2026-09-30 11:18:03.287284+00,A1,100
6750eb5c-6203-4bb1-bb79-55b6cce170b4,,word,pomorac,моряк,Іменник (чол. рід),,2026-09-30 18:55:51.229682+00,A2,591
679ce266-820c-43e2-b231-e4d4847ab224,,word,zadaća,завдання,Іменник (жін. рід),,2026-09-30 19:34:28.835177+00,A2,2166
67b309a4-df83-489c-9d9b-9ff86c84718a,,word,tuga,сум,Іменник (жін. рід),,2026-09-30 19:46:32.987066+00,A2,2773
67c04a21-074f-483f-9d74-b925f4cb2c6e,,word,netočan,неточний,Якісний прикметник,,2026-09-30 18:57:19.23543+00,B1,619
67ca2a4e-bce2-4722-abfa-8c43c4ed5bd8,,word,nesiguran,"невпевнений, непевний",Якісний прикметник,,2026-09-30 18:57:19.23543+00,B1,615
67df120d-b071-4a04-bb81-45bb8ca2205f,,word,investicija,інвестиція,Іменник (жін. рід),,2026-09-30 19:16:11.208603+00,B1,1665
67e545f8-5e55-4268-98f9-7c552a8ba860,,word,vikati,кричати,Дієслово,,2026-09-30 19:23:19.225661+00,A2,1948
67fc8812-57a1-4bda-a0c5-0a8815a086ab,,word,tenisice,кросівки,"Іменник (жін. рід, мн.)",,2026-09-30 19:11:45.674946+00,A1,1492
67fd5ee6-1071-4f4d-a311-f0b1d636a82b,,word,krhak,крихкий,Якісний прикметник,,2026-09-30 19:34:28.835177+00,B1,2239
6803f208-86b4-41e8-bad1-018f2424c5c4,,word,hvaliti,хвалити,Дієслово,,2026-09-30 19:02:53.78951+00,B1,712
682e111c-9359-42df-b8e9-8cd436d61d51,,word,prijateljstvo,дружба,Іменник (сер. рід),,2026-09-30 19:46:32.987066+00,A2,2765
6862f293-097a-4f82-b0e9-0ab3e8949097,,word,izbaviti,визволити,Дієслово,,2026-09-30 19:43:27.289764+00,B1,2478
687a3350-c541-4cb5-8db7-48dfdc8e2cf5,,word,mastan,"масний, жирний",Якісний прикметник,,2026-09-30 19:02:53.78951+00,B1,734
68ad4d2c-75cc-4fd4-98c8-14564e4b08a7,,word,dimenzija,вимір,Іменник (жін. рід),,2026-09-30 19:16:18.104507+00,B1,1824
68db4f36-e80a-4534-b2b7-5365a36531b1,,word,bolesan,хворий,Якісний прикметник,,2026-09-30 18:51:44.601106+00,A2,294
68fa7118-1858-42ba-b109-1ff794416837,,word,ljepota,краса,Іменник (жін. рід),,2026-09-30 19:16:11.208603+00,A2,1506
690074b7-1e6d-4619-a497-905f4a3ea15c,,word,naglasak,наголос,Іменник (чол. рід),,2026-09-30 18:57:19.23543+00,A2,693
6910c37e-db74-4bc9-a8e7-16b446d4bfe6,,word,oblik,форма,Іменник (чол. рід),,2026-09-30 18:54:20.802874+00,A2,412
691f04af-c346-4206-9a21-7d7e06ac0ea2,,word,marljiv,старанний,Прикметник,,2026-09-30 19:02:53.78951+00,B1,761
69286c4a-642a-4361-ab0a-b5f6a4b9ed97,,word,kava,кава,Іменник (жін. рід),,2026-09-30 18:51:44.601106+00,A1,235
6932e2ee-cd8a-4a1c-a0c2-792a50c31bb6,,word,ažuriranje,оновлення,Іменник (сер. рід),,2026-09-30 19:16:18.104507+00,B1,1777
69417fe0-b348-4580-8319-7830be9087cb,,word,prijaviti se,зареєструватися,Зворотне дієслово,,2026-09-30 19:07:18.68248+00,A2,921
694181b2-e998-4dc6-bd3f-9e45ee408bb1,,word,dizajnirati,дизайнувати,Дієслово,,2026-09-30 19:43:27.289764+00,B1,2559
6941ac41-0405-41fd-8b0b-8c09b11b2571,,word,ured,офіс,Іменник (чол. рід),,2026-09-30 18:53:00.692622+00,A2,338
6957b858-6787-4eba-8c7c-3f69d6495d69,,word,prisustvovati,бути присутнім,Дієслово,,2026-09-30 19:37:28.32227+00,B1,2452
6980a59c-8047-48ed-a3e6-217321ff489b,,word,gdje,де,Питальний прислівник місця,,2026-09-30 18:47:44.824275+00,A1,31
6997a079-ae52-4026-91d8-86aa678b3a97,,word,bankarstvo,банківська справа,Іменник (сер. рід),,2026-09-30 19:16:11.208603+00,B1,1658
69a58f98-ab19-4641-a892-b29e58111084,,word,poljoprivreda,сільське господарство,Іменник (жін. рід),,2026-09-30 19:13:58.595598+00,B1,1653
69b0bde1-cc7c-4fb0-834a-201dbda87f62,,word,nizak,низький,Якісний прикметник,,2026-09-30 18:50:08.476847+00,A1,141
69db5181-4e80-4587-96bb-46536f91e394,,word,vještina,навичка,Іменник (жін. рід),,2026-09-30 19:43:27.289764+00,B1,2720
69ddc61e-3167-4731-b45f-028731caaf3f,,word,stari,старий,Якісний прикметник,,2026-09-30 18:47:44.824275+00,A1,62
69f39a19-77ad-42cf-8032-3a56aa67d20a,,word,popust,знижка,Іменник (чол. рід),,2026-09-30 19:46:32.987066+00,A2,2915
69f60015-58d7-4f06-bffd-088dd88f940f,,word,vaza,ваза,Іменник (жін. рід),,2026-09-30 19:11:45.674946+00,A2,1429
6a02e096-e165-44b9-be9f-ccfb0621aed3,,phrase,hitna pomoć,швидка допомога,Вираз,,2026-09-30 19:13:58.595598+00,A2,1538
6a03900e-0d27-42b4-81d3-f84613e68938,,word,energija,енергія,Іменник (жін. рід),,2026-09-30 19:09:45.971373+00,A2,1206
6a1b3124-3e5c-4091-8f78-13a536d2ad14,,word,zamisliti,уявити,Дієслово,,2026-09-30 19:34:28.835177+00,B1,2119
6a2d96dd-991e-403e-ad77-97c8cf9ce35e,,word,mržnja,ненависть,Іменник (жін. рід),,2026-09-30 19:46:32.987066+00,B1,2767
6a56674a-a4de-414d-ad16-9a09ea7d651e,,word,misija,місія,Іменник (жін. рід),,2026-09-30 19:05:19.501424+00,B1,816
6a5798cf-83bd-409e-8390-058085c9fc3a,,word,odluka,рішення,Іменник (жін. рід),,2026-09-30 19:16:11.208603+00,A2,1609
6a7a464a-455a-42b6-b3fe-21501ecaab01,cdbe8d84-ac8f-4a14-850b-f3d49dab1e9a,word,prozor,вікно,[про́зор],,2026-09-30 11:18:03.738799+00,A1,100
6a8b21cc-02c5-49e1-a864-e8bd51ab2131,,word,okriviti,звинуватити,Дієслово,,2026-09-30 19:43:27.289764+00,B1,2520
6aa0721e-b6dc-437c-8f49-c06bb3f5847e,,word,dolje,вниз,Прислівник,,2026-09-30 19:37:28.32227+00,A1,2393
6aa1e062-391e-4d90-9959-1a4b44f9a153,,word,račun,"чек, рахунок",Іменник (чол. рід),,2026-09-30 19:46:32.987066+00,A1,2914
6aa21417-5fde-4580-b7d9-3785b3ee510e,,word,čestitati,привітати,Дієслово,,2026-09-30 19:07:18.68248+00,A2,912
6aa2b522-b491-4841-a0eb-f6b81a5cbcfc,,word,poslodavatelj,роботодавець,Іменник (чол. рід),,2026-09-30 19:09:45.971373+00,B1,1168
6ae972a4-8fe8-45d0-b414-ae2e13a2795c,,word,oprezan,обережний,Якісний прикметник,,2026-09-30 19:37:28.32227+00,A2,2317
6aec657b-e2ff-4209-a797-750d0a123c33,,word,dijalog,діалог,Іменник (чол. рід),,2026-09-30 19:46:32.987066+00,A2,2836
6aeff050-6593-4140-bd6a-ab2439f65127,,word,hrabar,"відважний, сміливий",Якісний прикметник,,2026-09-30 19:37:28.32227+00,A2,2319
6afcacab-07d9-4796-9e71-445d4066e71c,,word,ponos,гордість,Іменник (чол. рід),,2026-09-30 19:02:53.78951+00,B1,776
6affff47-a84b-4373-b099-b1161d85d3a1,,word,godina,рік,Іменник (час),,2026-09-30 18:47:44.824275+00,A1,67
6b026a65-d85c-4220-b32e-f7b940b3a330,,word,reakcija,реакція,Іменник (жін. рід),,2026-09-30 18:57:19.23543+00,A2,662
6b22225a-b8bc-4248-9517-f54c925c901d,,word,stolica,стілець,Іменник (жін. рід),,2026-09-30 19:11:45.674946+00,A1,1418
6b5e6dfe-447e-4d9a-a986-bf2f5f925c2b,,word,zajednica,спільнота,Іменник (жін. рід),,2026-09-30 18:55:51.229682+00,B1,554
6b7b7fce-edab-449d-b51c-a76881746b30,,word,smisao,сенс,Іменник (чол. рід),,2026-09-30 19:09:45.971373+00,B1,1126
6ba01430-414d-4e78-93d5-45f96ee1d490,,word,mehanika,механіка,Іменник (жін. рід),,2026-09-30 19:16:18.104507+00,B1,1839
6ba085c3-add2-437c-a525-9084174a63cf,,word,promjena,зміна,Іменник (жін. рід),,2026-09-30 19:43:27.289764+00,A2,2678
6ba4b9c5-e223-45b8-aadc-bbb129d8dc56,,word,mladost,молодість,Іменник (жін. рід),,2026-09-30 19:13:58.595598+00,B1,1508
6bc059f4-04fa-465e-abea-f792c5d53662,,word,povećati se,збільшитися,Зворотне дієслово,,2026-09-30 19:07:18.68248+00,B1,937
6bcc8e28-5345-4e2e-bef2-1ec0156b7142,,word,pozvati hitnu pomoć,викликати швидку,Вираз,,2026-09-30 19:43:27.289764+00,A2,2646
6bed128e-6ca0-4348-8094-89e87c01a6ac,6a50fa7b-a8d3-4cde-9039-ad17309ed1e2,word,slano,солоне,[сла́но],,2026-09-30 11:18:03.287284+00,A1,100
6c0876a3-115d-4367-8613-12eb3c467738,,word,san,сон,Іменник (чол. рід),,2026-09-30 18:55:51.229682+00,A2,524
6c26a7c3-96e6-4766-8743-225c518c15b7,,word,vježba,вправа,Іменник (жін. рід),,2026-09-30 19:09:45.971373+00,A2,1134
6c2dea5b-3908-40bb-be8c-4c3822f6e8e9,,word,snaga,сила,Іменник (жін. рід),,2026-09-30 19:16:18.104507+00,A2,1819
6c43acf9-2f74-4771-8dcf-d8dc998b622b,,word,općina,"муніципалітет, громада",Іменник (жін. рід),,2026-09-30 19:16:11.208603+00,B1,1594
6c482f6d-6fbf-4bd0-b166-b2397c0ec72e,,word,crven,червоний,Прикметник (колір),,2026-09-30 18:51:44.601106+00,A1,281
6c67a89b-5702-451b-bf3c-a5a09f42a8a7,,word,strast,пристрасть,Іменник (жін. рід),,2026-09-30 19:07:18.68248+00,B1,1025
6c7336f2-d586-4ca9-8678-711390236d55,,word,postići,досягти,Дієслово,,2026-09-30 19:07:18.68248+00,B1,932
6c7a033d-604a-44ff-97d1-1aee3b80faa8,,word,stupanj,ступінь,Іменник (чол. рід),,2026-09-30 19:43:27.289764+00,B1,2740
6c8e24db-cd31-480b-ba0d-8b9ecc2e0fdb,,word,carina,митниця,Іменник (жін. рід),,2026-09-30 19:05:19.501424+00,A2,813
6c993036-347a-49cc-a9bc-3e2fc5904e35,,word,gore,вгору,Прислівник,,2026-09-30 19:37:28.32227+00,A1,2392
6c9cf812-4c31-48c3-a622-040621cd802d,,word,osloboditi se,звільнитися,Зворотне дієслово,,2026-09-30 19:43:27.289764+00,B1,2484
6ca6805a-86d3-49c6-a591-d556e4d5e58b,,word,brzo,швидко,Прислівник,,2026-09-30 18:54:20.802874+00,A1,416
6cad2144-97bf-496c-bdff-317c536a48bb,,word,neboder,хмарочос,Іменник (чол. рід),,2026-09-30 19:11:45.674946+00,B1,1401
6cb92c8f-d83c-439c-b078-35522816a1ce,,word,сложеност -> složenost,складність,Іменник (жін. рід),,2026-09-30 19:34:28.835177+00,B1,2175
6cbb8a4d-a11a-4921-a3b6-62fb52df0805,cdbe8d84-ac8f-4a14-850b-f3d49dab1e9a,word,raditi,працювати,[ра́діті],,2026-09-30 11:18:03.738799+00,A1,100
6cc28873-5148-45a3-8389-ff2bf2bf3c8d,,word,krpa,ганчірка,Іменник (жін. рід),,2026-09-30 19:11:45.674946+00,A2,1467
6cdc22a9-461e-461f-83fb-8b8fe26f5717,,word,količina,кількість,Іменник (жін. рід),,2026-09-30 19:07:18.68248+00,A2,995
6cdc5bf5-6c5f-490a-98fc-50935d4b7fb9,,word,ponuda,пропозиція,Іменник (жін. рід),,2026-09-30 19:46:32.987066+00,A2,2935
6cedab27-2225-429f-886c-846563379311,,word,izlet,"екскурсія, поїздка",Іменник (чол. рід),,2026-09-30 19:46:32.987066+00,A2,2795
6cf35926-7512-49b6-8b9d-07bfeb462d45,,word,riba,риба,Іменник (жін. рід),,2026-09-30 19:09:45.971373+00,A1,1250
6cf405b6-5186-4cf4-a1fc-2bef17b1a9e2,,word,bankrot,банкрутство,Іменник (чол. рід),,2026-09-30 19:16:11.208603+00,B1,1695
6d063545-4321-424d-9cec-c83cef41ae2a,,word,zahvaliti,подякувати,Дієслово,,2026-09-30 19:23:19.225661+00,A2,2022
6d081dac-fd95-4db2-b555-4aca1df8c6f1,,word,dugovati,бути винним (борг),Дієслово,,2026-09-30 19:43:27.289764+00,B1,2508
6d09fdf7-965d-441a-9343-a2b62078601c,,word,porez,податок,Іменник (чол. рід),,2026-09-30 19:16:11.208603+00,A2,1671
6d11494c-795e-48ec-9b22-791ed991fdd3,,word,obveza,зобов'язання,Іменник (жін. рід),,2026-09-30 19:13:58.595598+00,B1,1611
6d157601-6bac-4a6e-a9f7-f002cbe6dddf,,word,neobičan,незвичайний,Якісний прикметник,,2026-09-30 19:02:53.78951+00,A2,750
6d185408-6277-46af-aba9-e636592bcb50,,word,prilika,"можливість, шанс",Іменник (жін. рід),,2026-09-30 19:07:18.68248+00,A2,1085
6d395d05-7b03-48ad-ac8e-9a97c8eebb30,,word,jednobojan,однотонний,Якісний прикметник,,2026-09-30 19:34:28.835177+00,B1,2265
6d3cb2e4-47e1-40c6-b287-9d6811c66c95,,word,kupac,покупець,Іменник (чол. рід),,2026-09-30 19:09:45.971373+00,A2,1195
6d4eae70-0a12-4163-a6ac-f7d388d1b820,,word,država,держава,Іменник (жін. рід),,2026-09-30 19:09:45.971373+00,A2,1283
6d5e59ba-cbc7-4f9e-a947-ca77def96359,,word,sport,спорт,Іменник (чол. рід),,2026-09-30 19:46:32.987066+00,A1,2788
6d6f40bd-cca5-4238-938f-ce58f755dd44,,word,tipkovnica,клавіатура,Іменник (жін. рід),,2026-09-30 19:16:18.104507+00,A2,1763
6d7a6f19-d78d-4349-9a25-6a52d80429f4,,word,stabilnost,стабільність,Іменник (жін. рід),,2026-09-30 19:16:11.208603+00,B1,1630
6d7b4e18-43ed-4553-ba03-35840029b608,,word,ambiciozan,амбітний,Якісний прикметник,,2026-09-30 19:43:27.289764+00,B1,2305
6d8e0834-8144-49ec-aac0-c2793b30f9b5,,word,milost,милість,Іменник (жін. рід),,2026-09-30 19:02:53.78951+00,B1,779
6da69235-7a46-45b8-beb4-c4dffa8ef9a1,,word,kriv,"винний, кривий",Прикметник,,2026-09-30 19:02:53.78951+00,A2,757
6de865d0-6932-42f5-9398-b3d41db16527,,word,potvrda,довідка,Іменник (жін. рід),,2026-09-30 19:16:11.208603+00,A2,1590
6dec1396-4d83-44d7-981d-d3c1044e8c97,,word,shvatiti,зрозуміти,Дієслово,,2026-09-30 19:34:28.835177+00,A2,2124
6e106111-14ee-4f73-9f1b-424f3189f648,,word,umoran,втомлений,Якісний прикметник,,2026-09-30 18:51:44.601106+00,A2,295
6e10c35f-e8da-461b-b9a2-fbb4a93ecf60,,word,škola,школа,Іменник (жін. рід),,2026-09-30 19:46:32.987066+00,A1,2880
6e11f86d-66b7-4bf6-95fa-deeea3a32204,,word,injekcija,ін'єкція,Іменник (жін. рід),,2026-09-30 19:16:11.208603+00,B1,1526
6e674d09-52f6-4ad0-b1c5-cd3a556372e7,,word,umivaonik,умивальник,Іменник (чол. рід),,2026-09-30 19:11:45.674946+00,B1,1454
6e703239-205d-455f-ac6f-2129746236fa,,word,papirologija,паперова тяганина,Іменник (жін. рід),,2026-09-30 19:37:28.32227+00,B1,2417
6ea61b8a-d5f0-4b4e-be43-1e97267ed4bd,,word,vidjeti,бачити,Дієслово сприйняття,,2026-09-30 18:47:44.824275+00,A1,41
6eb3bcc5-ccd6-4566-aaa0-44f5df997508,,word,učiti,"вчити, вивчати",Дієслово дії,,2026-09-30 18:50:08.476847+00,A1,155
6ecd73ee-6df7-48bc-bb13-b49c820af1f6,,word,mišljenje,думка,Іменник (сер. рід),,2026-09-30 19:43:27.289764+00,A2,2729
6ed8697c-971f-452a-ab75-2dae613b67f6,,word,umjesto,замість,Прийменик,,2026-09-30 18:54:20.802874+00,A2,458
6ed89028-d894-48bf-a976-05c55934868d,,word,potreba,потреба,Іменник (жін. рід),,2026-09-30 18:55:51.229682+00,A2,515
6f15196e-81fc-418c-8474-2d521f2d1e89,,word,proizvod,виріб,Іменник (чол. рід),,2026-09-30 19:46:32.987066+00,A2,2937
6f15a5d2-74d4-4d75-a120-864f41d7cb44,,word,tisuća,тисяча,Іменник / числівник,,2026-09-30 18:51:44.601106+00,A2,277
6f512794-4402-4b6c-8e1f-1881c1a501b5,,word,atmosfera,атмосфера,Іменник (жін. рід),,2026-09-30 19:34:28.835177+00,A2,2201
6f5209ed-bd3c-4cf8-af73-af3e19e56221,,word,bilo što,будь-що,Вираз,,2026-09-30 19:43:27.289764+00,B1,2360
6f53c177-1f4a-4822-8a15-863eb9cf02cd,,word,spreman,готовий,Якісний прикметник,,2026-09-30 19:37:28.32227+00,A2,2331
6f60cc61-5ae4-4908-9ab7-e99b3b4f0df3,,word,igra,гра,Іменник (жін. рід),,2026-09-30 19:07:18.68248+00,A1,1044
6f66d94b-9bd2-4887-b037-67859bc4b453,,word,rodbina,родичі,Іменник (жін. рід),,2026-09-30 19:07:18.68248+00,A2,1016
6f6afada-2268-454f-b2e5-ea618b262c1d,,word,važan,важливий,Якісний прикметник,,2026-09-30 18:50:08.476847+00,A1,152
6f8076f8-9d0f-4762-8201-7819f730a43e,00000000-0000-0000-0000-000000000007,phrase,Imamo li blokada za ovaj sprint?,Чи є у нас блокери на цей спринт?,,,2026-09-30 13:44:23.450621+00,A1,100
6f861507-429d-4896-b421-29f93453e4ee,,word,ekran,екран,Іменник (чол. рід),,2026-09-30 18:53:00.692622+00,A2,349
6f9a2c4b-35ff-4281-92e9-c8bf59c1050f,,word,standard,стандарт,Іменник (чол. рід),,2026-09-30 19:07:18.68248+00,B1,992
6f9b8c0e-814c-476b-a71f-cc1e46fa1c77,aef634c7-836d-4d7d-9ae4-41fa0012b5b3,word,boljeti,боліти,[бо́лєті],,2026-09-30 11:18:04.076329+00,A1,100
6feaa9c7-4cd9-4b5f-b109-75b3d4cebb39,,word,suh,сухий,Якісний прикметник,,2026-09-30 19:34:28.835177+00,A2,2255
6ff1d301-9a5c-4da2-b987-be0856f86890,,word,rijeka,річка,Іменник (жін. рід),,2026-09-30 19:09:45.971373+00,A2,1234
703aec98-7000-4151-8220-15836c3f9be1,,word,poslušan,слухняний,Якісний прикметник,,2026-09-30 19:43:27.289764+00,B1,2309
7046902a-49b7-4f64-bc17-5d599abdc1eb,9e3f6972-10fa-4c25-8fed-80a5148f5c44,dialogue_line,"A: I ja sam dobro, hvala.","І я добре, дякую.",,,2026-09-30 11:18:02.743916+00,A1,100
704a6f65-95b4-40fc-8663-f7cfee93ee31,,word,policajac,поліцейський,Іменник (чол. рід),,2026-09-30 19:09:45.971373+00,A2,1296
707fc306-1a1d-4381-9c2f-46b09266d029,,word,knjižničar,бібліотекар,Іменник (чол. рід),,2026-09-30 19:16:18.104507+00,A2,1897
70819cc4-09e1-49b0-84b4-42882ba6976b,,word,pomiriti se,помиритися,Зворотне дієслово,,2026-09-30 19:43:27.289764+00,B1,2618
70893687-91c7-4ebf-8ca4-ed57d1be91f5,,word,vodstvo,керівництво,Іменник (сер. рід),,2026-09-30 19:37:28.32227+00,B1,2413
709d2f06-e6b7-42b5-897b-599b7c1a170d,,word,ukras,прикраса,Іменник (чол. рід),,2026-09-30 19:16:11.208603+00,B1,1505
70aa6d51-2099-4bd9-8400-b21eeb449f93,,phrase,ekran na dodir,сенсорний екран,Вираз,,2026-09-30 19:16:18.104507+00,A2,1771
70ba9029-e8ce-49ce-a65d-285a93948d79,,word,развој -> razvoj,розвиток,Іменник (чол. рід),,2026-09-30 19:43:27.289764+00,B1,2704
70d19b4d-c3b3-4b60-b4e1-6dd03eb52e60,,word,natjecanje,змагання,Іменник (сер. рід),,2026-09-30 19:07:18.68248+00,B1,1046
70d5bee6-0d79-4830-b020-21ff0beaa3f5,,word,kazalište,театр,Іменник (сер. рід),,2026-09-30 19:16:18.104507+00,A2,1877
70db930e-6a9c-4856-9dc3-304c67adeb1c,,word,akcija,дія,Іменник (жін. рід),,2026-09-30 19:34:28.835177+00,A2,2155
70dc193d-b770-428d-9902-e41cb5fa7609,,word,fotograf,фотограф,Іменник (чол. рід),,2026-09-30 19:16:18.104507+00,A2,1892
70e34bd4-44e2-4dda-b4b1-464a5115c496,,word,pogreшка,помилка,Іменник (жін. рід),,2026-09-30 18:53:00.692622+00,A2,384
70f1f98b-452f-4584-b475-9c528669a5a6,,word,stranka,партія,Іменник (жін. рід),,2026-09-30 19:43:27.289764+00,B1,2438
710d8491-ecb3-4868-ade4-2e6e89f32e6d,,word,misterija,"містерія, таємниця",Іменник (жін. рід),,2026-09-30 19:43:27.289764+00,B1,2687
7123f7e0-b462-4ffc-ad1b-8e0f13aa04d2,,word,starost,старість,Іменник (жін. рід),,2026-09-30 19:13:58.595598+00,B1,1509
7136f15a-d2eb-464e-9e73-b3a822ac1b8f,,phrase,hitna služba,екстрена служба,Вираз,,2026-09-30 19:13:58.595598+00,A2,1646
713ca102-78fa-4306-b76c-5ca33bc8ac74,,word,vani,ззовні,Прислівник,,2026-09-30 19:43:27.289764+00,A1,2391
71501855-73c6-4190-bb6b-7ff4e5a8c24d,,word,dostaviti,доставити,Дієслово,,2026-09-30 19:07:18.68248+00,B1,916
715b1b0b-6c68-4beb-a936-a00ec9fc5c24,,word,šampon,шампунь,Іменник (чол. рід),,2026-09-30 19:11:45.674946+00,A1,1457
715bb4be-a656-4e92-87b3-8f8fd93eda0d,,word,pilot,пілот,Іменник (чол. рід),,2026-09-30 18:55:51.229682+00,A2,592
7161c13e-a549-4c52-84e4-ce908debdb86,,word,suh,сухий,Якісний прикметник,,2026-09-30 19:02:53.78951+00,A2,735
7163a31b-44d2-4cb9-bc75-674f81cdfcaa,,word,htjeti,хотіти,Модальне дієслово,,2026-09-30 18:47:44.824275+00,A1,35
7185c519-f551-4e71-b473-220982e370cf,,word,gost,гість,Іменник (чол. рід),,2026-09-30 19:46:32.987066+00,A1,2815
718d57af-fd8f-4aae-9c8a-dce725a7c0f1,,word,patiti,страждати,Дієслово,,2026-09-30 19:43:27.289764+00,B1,2500
719fccbb-f296-4891-b62d-d1849aec471a,,word,razviti se,розвинутися,Зворотне дієслово,,2026-09-30 19:07:18.68248+00,B1,938
71c3342e-7388-480d-b2a8-d3bfdf2604e8,,word,ukrasiti,прикрасити,Дієслово,,2026-09-30 19:23:19.225661+00,B1,2062
71c45e4d-5d5b-43a9-b6b6-6a9b3b590e0f,,word,sustav,система,Іменник (чол. рід),,2026-09-30 19:16:18.104507+00,B1,1756
71d38885-3ed1-48a3-b87c-836c24603ec0,,word,iznenaditi,здивувати,Дієслово,,2026-09-30 19:43:27.289764+00,B1,2491
71f78e3b-fb12-443e-8659-442bf4527f6f,,word,ispuniti,заповнити,Дієслово,,2026-09-30 19:07:18.68248+00,B1,920
71ff63f5-1245-4ab1-a356-306b9dce8695,,word,kasniti,запізнюватися,Дієслово,,2026-09-30 19:23:19.225661+00,A2,2035
720cc91c-6aee-4da0-86c1-866cee96c3f5,,word,sutra,завтра,Прислівник часу,,2026-09-30 18:47:44.824275+00,A1,100
721663ae-0910-4cf9-9a1c-bd4fbbc70e98,,word,oduševiti,захопити,Дієслово,,2026-09-30 19:43:27.289764+00,B1,2605
721ea168-4a4c-44b1-903e-75cffd6c52f7,,word,brojati,рахувати,Дієслово,,2026-09-30 19:23:19.225661+00,A2,2065
72227aab-de02-435e-a148-5035d9cf512a,,word,mir,мир,Іменник (чол. рід),,2026-09-30 19:09:45.971373+00,A2,1299
72285fdf-0311-4ba9-b402-3faf405d2061,,word,kategorija,категорія,Іменник (жін. рід),,2026-09-30 19:34:28.835177+00,B1,2141
72362398-3a21-4e9b-aadc-02d514ab6573,,word,ponašati se,поводитися,Зворотне дієслово,,2026-09-30 19:23:19.225661+00,B1,2080
72408442-6a80-4ca0-9589-d917f2514dad,,word,operacija,операція,Іменник (жін. рід),,2026-09-30 19:13:58.595598+00,B1,1516
72525e2e-ade8-434e-a48a-e9e67d1d21c6,,word,plitkoća,мілкість,Іменник (жін. рід),,2026-09-30 19:34:28.835177+00,B1,2178
725edb4b-2197-4bc2-8a1c-5762da371250,,word,projekt,проєкт,Іменник (чол. рід),,2026-09-30 19:07:18.68248+00,A2,954
72b6ebfb-493a-40e7-bfaf-c3554e410649,,word,ribar,рибалка,Іменник (чол. рід),,2026-09-30 18:55:51.229682+00,A2,590
72b95220-1d70-4470-a959-a59efe369022,,word,emocija,емоція,Іменник (жін. рід),,2026-09-30 19:46:32.987066+00,A2,2770
72bd53e3-6ca6-457b-810b-937ec120f169,,word,nož,ніж,Іменник (чол. рід),,2026-09-30 19:11:45.674946+00,A1,1446
72c0f047-26aa-44a3-9452-c16ce6a4323d,,word,iznenaditi,здивувати,Дієслово,,2026-09-30 19:37:28.32227+00,B1,2491
72cf71bb-febf-4d84-9553-9d24bb748df2,,word,napad,напад,Іменник (чол. рід),,2026-09-30 19:37:28.32227+00,B1,2429
72d2d1de-ba0c-4c75-a861-05defbd647c1,,word,kartica,картка (банківська),Іменник (жін. рід),,2026-09-30 19:13:58.595598+00,A1,1681
72d763ca-94b2-4c26-9ca6-3819e3972995,00000000-0000-0000-0000-000000000010,word,Zahtjev,Заява (запит),,,2026-09-30 13:44:24.31931+00,A1,100
72f9c164-0e82-445d-ba5c-0cd909236e1f,,word,potonuti,потонути,Дієслово,,2026-09-30 19:43:27.289764+00,B1,2475
730a7a53-655c-4204-ada9-b09678c06a4c,,word,krivnja,провина,Іменник (жін. рід),,2026-09-30 19:16:11.208603+00,B1,1613
731c51f2-ce04-43d6-8e60-9b58758569b4,,word,izjava,заява,Іменник (жін. рід),,2026-09-30 19:46:32.987066+00,B1,2838
7320acd5-8c41-4093-8c7c-babda28a173c,,word,trgovina,"торгівля, магазин",Іменник (жін. рід),,2026-09-30 19:16:11.208603+00,A1,1656
733b3eb9-bb30-4f47-b926-ab3129fa9168,,word,šansa,шанс,Іменник (жін. рід),,2026-09-30 19:02:53.78951+00,A2,793
733c3b35-1218-4c19-b482-1f6dda04faab,,word,dolje,вниз,Прислівник,,2026-09-30 19:43:27.289764+00,A1,2393
734a11fe-e796-48cb-9ffd-48af0e084a09,,word,domovnica,довідка про громадянство,Іменник (жін. рід),,2026-09-30 19:13:58.595598+00,B1,1586
73524b42-cada-4da4-a0d1-08b74c5e4422,,word,injekcija,ін'єкція,Іменник (жін. рід),,2026-09-30 19:13:58.595598+00,B1,1526
7358b471-bc1a-4025-960f-856fece05f19,,word,plakati,плакати,Дієслово,,2026-09-30 19:23:19.225661+00,A1,1980
73773071-376b-4545-8255-dc79080bcec0,,word,mir,"спокій, мир",Іменник (чол. рід),,2026-09-30 18:53:00.692622+00,B1,391
737eb976-2f2c-48af-bbc3-106cb77af013,,word,skupina,група,Іменник (жін. рід),,2026-09-30 19:34:28.835177+00,A2,2142
7381a589-0c04-40b8-a599-b5d2ec02a807,,word,smeđ,коричневий,Прикметник (колір),,2026-09-30 18:51:44.601106+00,A2,288
739153ad-1523-402a-a10a-e7e8d847288b,,word,povući,потягнути,Дієслово,,2026-09-30 18:54:20.802874+00,A2,481
739948dd-1fa7-47da-8ef7-cea4259c94f1,,word,toplina,тепло,Іменник (жін. рід),,2026-09-30 19:05:19.501424+00,A2,891
73a5cae3-9414-40d1-a37b-d98c6b9af4af,,word,povijest,історія,Іменник (жін. рід),,2026-09-30 19:16:18.104507+00,B1,1854
73bccb68-c6ef-4930-94d3-39e550be1c42,,word,posjetitelj,відвідувач,Іменник (чол. рід),,2026-09-30 19:11:45.674946+00,A2,1320
73c04a0d-9809-4cd5-814b-772c58c98fc9,,word,naći,знайти,Дієслово дії,,2026-09-30 18:50:08.476847+00,A1,162
73c52a23-05d4-4d98-8588-5462db6dcf29,,word,rasti,рости,Дієслово,,2026-09-30 19:07:18.68248+00,A2,935
73d77816-6ed9-4b8d-874b-25bcf843f3d1,,word,između,між,Прийменик,,2026-09-30 18:54:20.802874+00,A2,450
73d8792f-4581-419c-a5a7-812724ca7744,,word,promisliti,обдумати,Дієслово,,2026-09-30 19:34:28.835177+00,B1,2121
741888d9-aafc-4941-9057-a5e4c499f727,,word,sin,син,Іменник (чол. рід),,2026-09-30 19:09:45.971373+00,A1,1262
74282492-7dd5-4f62-a9df-0088726f7eeb,,word,obveza,зобов'язання,Іменник (жін. рід),,2026-09-30 19:16:11.208603+00,B1,1611
7452a628-e4c5-476f-816a-a7b57c47fe70,,word,prošetati se,прогулятися,Зворотне дієслово,,2026-09-30 19:43:27.289764+00,A2,2463
74747f52-4bd7-4426-85db-44013fdee775,,word,trošak,витрата,Іменник (чол. рід),,2026-09-30 19:09:45.971373+00,A2,1180
749bb79e-316f-4786-97d2-23590c617e9b,,word,spor,повільний,Якісний прикметник,,2026-09-30 18:50:08.476847+00,A1,139
74ab3c67-7630-4dfc-bc55-962355b287a0,,word,šef,"керівник, шеф",Іменник (чол. рід),,2026-09-30 18:53:00.692622+00,A2,341
74cfb257-57ac-4f56-8723-620e22a925eb,,word,privući,привернути,Дієслово,,2026-09-30 19:23:19.225661+00,B1,2084
74d6e846-ccc7-441c-9299-1e2fe1efdd7b,9e3f6972-10fa-4c25-8fed-80a5148f5c44,dialogue_line,"B: Dobar dan. Hvala, dobro. A vi?","Добрий день. Дякую, добре. А ви?",,,2026-09-30 11:18:02.743916+00,A1,100
74d7ab0b-73cf-4995-b5a8-3a19f818bca6,,word,stvoriti,створити,Дієслово,,2026-09-30 19:23:19.225661+00,B1,1991
74dd05d4-f954-4ab1-ba8a-3b6e1ddeebf4,,word,znati,знати,Дієслово,,2026-09-30 19:23:19.225661+00,A1,1963
74e3bb20-b511-41f9-96ab-2e226bd4c69d,,word,učenik,учень,Іменник (чол. рід),,2026-09-30 18:53:00.692622+00,A1,376
74fbe907-8adb-40f1-aaa3-4134c769cee4,,word,spoj,з'єднання,Іменник (чол. рід),,2026-09-30 19:34:28.835177+00,B1,2130
7503ac37-dc1e-4959-b387-827df65763a2,,word,izraz,вираз,Іменник (чол. рід),,2026-09-30 18:57:19.23543+00,B1,684
752cbb3d-b40d-4b0a-8f82-ed0ed2937401,,word,krevet,ліжко,Іменник (чол. рід),,2026-09-30 18:53:00.692622+00,A1,315
752ccbb2-abb4-4044-b559-95cd010968e2,,word,unaokolo,навкруги,Прислівник,,2026-09-30 19:37:28.32227+00,B1,2397
7555643b-1809-4fd1-8a80-a5d9ad680e2b,,word,kiša,дощ,Іменник (жін. рід),,2026-09-30 18:51:44.601106+00,A1,217
756b0215-6103-4be0-ace1-001f446b42ba,,word,spreman,готовий,Якісний прикметник,,2026-09-30 19:43:27.289764+00,A2,2331
758195e0-1064-4517-93dc-f998fb46275d,,word,blagajna,каса,Іменник (жін. рід),,2026-09-30 19:13:58.595598+00,A2,1696
7587f05c-a1e3-4332-b50f-f025892ef191,,word,smještaj,"проживання, житло",Іменник (чол. рід),,2026-09-30 19:46:32.987066+00,A2,2797
75a86af2-eccc-4285-8b88-d2607a754ef1,,word,kriza,криза,Іменник (жін. рід),,2026-09-30 19:34:28.835177+00,B1,2220
75bab00c-a0b5-4aff-aba3-b83fd49b5565,,word,situacija,ситуація,Іменник (жін. рід),,2026-09-30 19:46:32.987066+00,A2,2824
75d3b74b-4a14-4f2b-b892-183d17ed8347,,word,savjet,порада,Іменник (чол. рід),,2026-09-30 19:46:32.987066+00,A2,2818
75d3d3bc-05f4-4668-aedd-00cdf8cf2b96,,word,gore,вгору,Прислівник,,2026-09-30 19:43:27.289764+00,A1,2392
75e6d0dc-974a-46f5-8d57-68e6ca8a193c,,word,platiti,заплатити,Дієслово побутове,,2026-09-30 18:50:08.476847+00,A1,159
75e7bf74-3cf6-4acf-ba76-aba2dcbfcc4f,,word,karta,"квиток, карта",Іменник (жін. рід),,2026-09-30 19:11:45.674946+00,A1,1386
75fe8c06-33fc-4971-9c8c-fbaed199301c,,word,ishod,підсумок,Іменник (чол. рід),,2026-09-30 19:43:27.289764+00,B1,2706
7625cf89-c610-4085-af85-69e38d61d414,,word,insekt,комаха,Іменник (чол. рід),,2026-09-30 19:09:45.971373+00,B1,1251
762f88b1-9730-4b75-aa49-1cb7a4851559,,word,prijava,"заява, реєстрація",Іменник (жін. рід),,2026-09-30 19:05:19.501424+00,A2,810
765ac3d3-c30a-454e-839c-7c1fa48d284b,,word,govoriti,говорити,Дієслово,,2026-09-30 19:23:19.225661+00,A1,1945
76741721-e449-4dd4-96f7-d6d82738613e,,word,važnost,важливість,Іменник (жін. рід),,2026-09-30 19:34:28.835177+00,A2,2171
76935259-7cf8-4fa3-a49d-c10f32004818,,word,pas,собака,Іменник (чол. рід),,2026-09-30 19:09:45.971373+00,A1,1247
76a4999a-279d-492e-afcf-ec521f5fd879,,word,tužitelj,прокурор,Іменник (чол. рід),,2026-09-30 19:16:11.208603+00,B1,1620
76b39ac1-098c-4c93-a9ce-f6012894f428,,word,sirovina,сировина,Іменник (жін. рід),,2026-09-30 19:09:45.971373+00,B1,1205
76c338d7-bffb-40ca-b0a6-afaae7828a80,00000000-0000-0000-0000-000000000010,word,Dozvola za boravak,Посвідка на проживання,,,2026-09-30 13:44:24.31931+00,A1,100
76cad874-34f4-4944-b336-346b9591285e,,word,prekinuti,"перервати, зупинити",Дієслово,,2026-09-30 18:54:20.802874+00,B1,470
76ddc686-cb2d-49a9-9db5-8f428131183d,,word,ustati,встати,Дієслово,,2026-09-30 18:54:20.802874+00,A2,475
76e81c8e-e922-41be-a789-970e4d15d140,,word,mjera,міра,Іменник (жін. рід),,2026-09-30 19:16:18.104507+00,B1,1739
76fa853e-27e6-4f9f-befd-dc9bb9d108e4,,word,jedva,ледве,Прислівник,,2026-09-30 19:43:27.289764+00,B1,2369
7719f44f-57be-4c11-8294-5f7ca80e77cd,,word,županija,жупанія (область),Іменник (жін. рід),,2026-09-30 19:13:58.595598+00,B1,1595
7728755e-7f20-4adb-8109-27b303ce7ea6,,word,nabava,закупівля,Іменник (жін. рід),,2026-09-30 19:16:18.104507+00,B1,1716
77346434-7f9b-4fcc-b9d3-beb0863149f6,,word,gostovati,"гостювати, виступати",Дієслово,,2026-09-30 19:43:27.289764+00,B1,2455
77353bef-39a6-447f-8a81-233f0fddd4be,,word,tup,тупий,Якісний прикметник,,2026-09-30 19:34:28.835177+00,B1,2249
776b0267-e9c0-4bb8-b7f4-a78eedd373bb,,word,zajam,позика,Іменник (чол. рід),,2026-09-30 19:16:11.208603+00,B1,1691
776bbe25-54fe-45f9-af64-551cf468d093,,word,prozor,вікно,Іменник (чол. рід),,2026-09-30 18:53:00.692622+00,A1,312
77733ec2-eaa1-43b9-a834-e68aab2a86fe,,word,preuzeti,"перейняти, забрати",Дієслово,,2026-09-30 19:23:19.225661+00,B1,2094
7779d86d-5731-4f22-a31d-436a0ef0d691,,word,strojovođa,машиніст поїзда,Іменник (чол. рід),,2026-09-30 19:11:45.674946+00,B1,1326
7796b4ea-c246-4013-b3b2-1b242ca76001,,word,sklonište,укриття,Іменник (сер. рід),,2026-09-30 19:13:58.595598+00,B1,1650
77e08ab9-ba0c-43a9-863c-1098e77a4e5a,,word,dijete,дитина,Іменник (сер. рід),,2026-09-30 19:46:32.987066+00,A1,2990
77f3c0ff-022d-49c9-831f-e0e76727c3b4,,word,siguran,"безпечний, впевнений",Якісний прикметник,,2026-09-30 18:57:19.23543+00,A2,614
77fe722d-b633-48a0-8c8f-cb406c4aaa9b,,word,bijel,білий,Прикметник (колір),,2026-09-30 18:51:44.601106+00,A1,286
78014d36-e0cf-48f3-b95d-187830a3d4d4,,word,pobjednik,переможець,Іменник (чол. рід),,2026-09-30 19:46:32.987066+00,A2,2790
78161e80-8f5e-4c39-a432-234033258c48,,word,bajka,казка,Іменник (жін. рід),,2026-09-30 18:55:51.229682+00,A2,533
781f505a-3ad5-4765-b3db-252123295dd4,,word,gledati,дивитися,Дієслово сприйняття,,2026-09-30 18:47:44.824275+00,A1,51
78207826-aa55-41f1-82ac-37578bf4255c,,word,potražnja,попит,Іменник (жін. рід),,2026-09-30 19:09:45.971373+00,B1,1201
78246576-c1c7-47ef-8eea-e6fcc4cf6996,,word,napokon,врешті-решт,Прислівник,,2026-09-30 19:37:28.32227+00,B1,2366
782c0d11-8d48-49c7-a78c-e0efce267c59,,word,zapanjiti,приголомшити,Дієслово,,2026-09-30 19:37:28.32227+00,B1,2492
782f628d-69a2-4a8b-9c5a-211b16a3235e,,word,magla,туман,Іменник (жін. рід),,2026-09-30 19:05:19.501424+00,A2,884
785120e2-eff2-4515-a6bd-1c6a7c6abfd8,,word,mudar,мудрий,Якісний прикметник,,2026-09-30 19:34:28.835177+00,B1,2291
78594cb3-a0a2-4967-9f91-e7b1da6d587f,,word,obitelj,сім'я,Іменник (жін. рід),,2026-09-30 19:09:45.971373+00,A1,1258
7885e4a6-d748-4615-b5e9-3d1b93d0b41b,,word,granica,"кордон, межа",Іменник (жін. рід),,2026-09-30 18:57:19.23543+00,B1,638
788dce12-f112-4296-864e-d84851756806,,word,stan,квартира,Іменник (жін. рід),,2026-09-30 19:11:45.674946+00,A1,1399
78b432af-9e1b-46cc-b0d8-530176ba8997,,word,kiša,дощ,Іменник (жін. рід),,2026-09-30 19:05:19.501424+00,A1,879
78d30ab4-e7da-4f92-bd0d-30e86c35af08,,word,ključ,ключ,Іменник (чол. рід),,2026-09-30 18:53:00.692622+00,A1,310
78ea71c9-8c82-430c-8d05-fee253f74db1,6a50fa7b-a8d3-4cde-9039-ad17309ed1e2,word,konobar,офіціант,[ко́нобар],,2026-09-30 11:18:03.287284+00,A1,100
78f853d7-5879-459f-a2ab-b3c9d7832180,,word,pod,підлога,Іменник (чол. рід),,2026-09-30 19:34:28.835177+00,A2,2232
7900166f-e53f-470a-996a-32563cca158c,,word,gost,гість,Іменник (чол. рід),,2026-09-30 19:09:45.971373+00,A1,1277
7909b433-cbd0-4e21-b1e7-b1e2b3066349,,word,tek,"тільки-но, щойно",Прислівник / частка,,2026-09-30 18:50:08.476847+00,A1,126
790a6348-5aed-4e30-9967-23fc927cb110,,word,zemlja,земля,Іменник (жін. рід),,2026-09-30 19:09:45.971373+00,A1,1226
79223a8c-c42a-4b7e-95d4-a862be838e4e,,word,sami,"самі, одні",Займенник,,2026-09-30 18:54:20.802874+00,A2,436
79470dc5-c090-42fe-8b42-a94c3a73ed25,cdbe8d84-ac8f-4a14-850b-f3d49dab1e9a,dialogue_line,Najmodavac: Razumijem. Nazvat ću operatera i javiti vam.,Розумію. Я зателефоную оператору і повідомлю вам.,,,2026-09-30 11:18:03.738799+00,A1,100
7950038b-084b-4c38-a99f-1ab30bd86204,,word,suditi se,судитися,Зворотне дієслово,,2026-09-30 19:43:27.289764+00,B1,2662
795dbfb6-f3c0-4218-a3e2-83bff3f527d7,,word,životinja,тварина,Іменник (жін. рід),,2026-09-30 19:46:32.987066+00,A2,2976
7964e7fa-355f-463a-a60b-6008c757d276,,word,leći,лягти,Дієслово,,2026-09-30 18:54:20.802874+00,A2,476
79663598-1216-4542-92fa-fc8079d353d3,,word,svrha,"мета, призначення",Іменник (жін. рід),,2026-09-30 18:57:19.23543+00,B1,667
797fc4bd-cf59-4c15-9f75-e12edde6e537,,word,hodati,ходити,Дієслово,,2026-09-30 19:23:19.225661+00,A1,1906
79839124-4420-4052-adae-63b8391d449a,,word,zaključak,висновок,Іменник (чол. рід),,2026-09-30 19:46:32.987066+00,B1,2893
79851098-a649-4df2-9403-fb73ef07aac6,,word,energija,енергія,Іменник (жін. рід),,2026-09-30 19:05:19.501424+00,A2,889
798ae3e9-5e6e-4469-bd9c-cd377a013a57,,word,opći,загальний,Прикметник,,2026-09-30 19:02:53.78951+00,B1,752
79946e7e-6ef6-4b68-889e-86533639bc6d,,word,zamalo,ледве не,Прислівник,,2026-09-30 19:43:27.289764+00,B1,2372
79b3b2b8-0dd8-4390-8651-a1ba4636d018,,word,prihvatiti,прийняти,Дієслово,,2026-09-30 19:02:53.78951+00,A2,718
79b88581-afd4-4616-a2c3-18de0fc772c1,,word,carina,митниця,Іменник (жін. рід),,2026-09-30 19:09:45.971373+00,A2,1184
79c390d7-bd9a-4227-b891-e042205fbd5d,,word,stup,"стовп, колона",Іменник (чол. рід),,2026-09-30 19:34:28.835177+00,B1,2229
79cc9af0-93e5-47c9-a8ac-0b44a3f4929f,,word,poraz,поразка,Іменник (чол. рід),,2026-09-30 19:09:45.971373+00,B1,1155
7a043460-09c5-4dd1-8fe5-02ac8d0b4455,,word,fond,фонд,Іменник (чол. рід),,2026-09-30 19:16:11.208603+00,B1,1663
7a0c42da-fb7c-4567-b478-dd421769cd67,,word,neuspješan,безуспішний,Якісний прикметник,,2026-09-30 19:43:27.289764+00,B1,2340
7a1db58d-f620-481a-aa3d-8a9ba3d54b46,,word,sporazum,угода,Іменник (чол. рід),,2026-09-30 19:43:27.289764+00,B1,2432
7a1e042e-7ec8-4115-bcf2-108f2fff3cfa,,word,odgovornost,відповідальність,Іменник (жін. рід),,2026-09-30 19:13:58.595598+00,B1,1612
7a724d3b-0e0c-4d9b-94ce-cc55e1a6640b,,word,pokazati,показати,Дієслово,,2026-09-30 19:23:19.225661+00,A2,1939
7a77a0e4-ddae-4980-8d32-091298a7b298,,word,sestra,сестра,Іменник (жін. рід),,2026-09-30 19:46:32.987066+00,A1,3000
7a8203b6-fc32-4419-9ee4-32823af609a8,,word,pod,підлога,Іменник (чол. рід),,2026-09-30 18:53:00.692622+00,A2,320
7a84cce4-e952-4af0-a152-76bccf04c04a,,word,kašalj,кашель,Іменник (чол. рід),,2026-09-30 19:13:58.595598+00,A2,1532
7a88304f-0b02-465c-838e-b638fffbade0,,word,memorija,пам'ять,Іменник (жін. рід),,2026-09-30 19:34:28.835177+00,A2,2108
7aadbfff-eb6c-4c5d-9690-bed29754acee,,word,gramatika,граматика,Іменник (жін. рід),,2026-09-30 19:46:32.987066+00,A1,2873
7ab55006-bd39-4905-ba2e-feb7d6a45269,,word,rezati,різати,Дієслово,,2026-09-30 19:23:19.225661+00,A2,1918
7abdb4f1-1fba-4da0-b34c-a62aee9f3a0f,,word,odmor,відпустка,Іменник (чол. рід),,2026-09-30 19:07:18.68248+00,A2,1053
7ad20222-c45c-4424-be97-cc01bf056c41,,word,utjecaj,вплив,Іменник (чол. рід),,2026-09-30 19:43:27.289764+00,B1,2408
7ae30eb1-d372-4742-87ed-f926e2e27c39,,word,okoliš,довкілля,Іменник (чол. рід),,2026-09-30 19:46:32.987066+00,B1,2951
7ae4b846-5aed-40e2-83d2-a4c0b7234b22,,word,snimka,запис,Іменник (жін. рід),,2026-09-30 19:46:32.987066+00,B1,2851
7b0e469e-4624-4733-b16c-b3c1be62e819,9e3f6972-10fa-4c25-8fed-80a5148f5c44,word,hvala,дякую,[хва́ла],,2026-09-30 11:18:02.743916+00,A1,100
7b1612d7-394e-4475-be7f-b5ccf74bff67,,word,klijent,клієнт,Іменник (чол. рід),,2026-09-30 19:11:45.674946+00,A2,1317
7b335b2c-876b-46b8-af80-5a5c739f22eb,,word,obitelj,сім'я,Іменник (жін. рід),,2026-09-30 19:07:18.68248+00,A1,1015
7b484f91-a092-4530-aad7-75726e9a47be,,,posao,робота,Професійна діяльність,,2026-09-30 17:57:26.656448+00,A2,801
7b577571-b8f3-499f-aeaf-9b6cab1db164,,word,zakon,закон,Іменник (чол. рід),,2026-09-30 19:05:19.501424+00,A2,850
7b5de889-13f8-488b-b47e-25962d66f858,6a50fa7b-a8d3-4cde-9039-ad17309ed1e2,dialogue_line,"Konobar: Izvolite, što ćete popiti?","Прошу, що будете пити?",,,2026-09-30 11:18:03.287284+00,A1,100
7b6a24c6-3b09-48c3-b662-3f23b2431a76,,word,odbijenica,відмова (письмова),Іменник (жін. рід),,2026-09-30 19:16:11.208603+00,B1,1576
7b73ba22-f952-4885-9268-5a894ff76682,,word,težak,"важкий, складний",Якісний прикметник,,2026-09-30 18:50:08.476847+00,A1,142
7b830978-d64d-4571-b5d4-ac41ec15ca5d,,word,smijati se,сміятися,Зворотне дієслово,,2026-09-30 19:23:19.225661+00,A1,1979
7b9f309e-90e2-497f-ae6d-184f66d3196f,,word,putovanje,подорож,Іменник (сер. рід),,2026-09-30 19:46:32.987066+00,A2,2794
7ba47683-bca5-4977-82a9-46e0898bcaf1,,word,zamalo,ледве не,Прислівник,,2026-09-30 19:37:28.32227+00,B1,2372
7bac4139-7595-459f-821d-e5bdbbd0b661,,word,rodbina,родичі,Іменник (жін. рід),,2026-09-30 19:46:32.987066+00,A2,2759
7bb3e719-44a6-4631-bd14-9c108955dd12,,word,novinar,журналіст,Іменник (чол. рід),,2026-09-30 19:16:18.104507+00,A2,1893
7bbc07bd-2497-44e3-a48c-31169dde2b6e,,word,uvjerenje,"свідоцтво, довідка",Іменник (сер. рід),,2026-09-30 19:13:58.595598+00,B1,1591
7bf13599-20ce-4258-8ec9-388f063152b5,,word,haker,хакер,Іменник (чол. рід),,2026-09-30 19:16:18.104507+00,B1,1791
7c1a3668-575d-4e09-9cd0-a06080ab3634,,word,vrata,двері,Іменник (сер. рід),,2026-09-30 18:53:00.692622+00,A1,311
7c1cbdcd-994c-4a38-b2c4-ee4116d20f09,,word,rok,"термін, строк",Іменник (чол. рід),,2026-09-30 19:13:58.595598+00,A2,1577
7c1d37fc-0474-4909-8020-5c9d45ed8a53,,word,geometrija,геометрія,Іменник (жін. рід),,2026-09-30 19:16:18.104507+00,A2,1845
7c4aa5d9-23db-4b5d-ac0e-05adca4486b9,,word,vjerojatno,вірогідно,Прислівник,,2026-09-30 18:54:20.802874+00,A2,422
7c502ffa-58e9-4093-b76c-d2e2261a0bb8,,word,kofer,валіза,Іменник (чол. рід),,2026-09-30 19:11:45.674946+00,A2,1388
7c5bcd3d-0a15-431f-9e0c-625121346892,,word,štednja,заощадження,Іменник (жін. рід),,2026-09-30 19:05:19.501424+00,B1,832
7c9696b3-4e21-49b9-9165-b9a5955bcb27,,word,ulica,вулиця,Іменник (жін. рід),,2026-09-30 19:11:45.674946+00,A1,1368
7ca85b78-60f4-4176-b456-93e9dae22815,,word,putnik,"мандрівник, пасажир",Іменник (чол. рід),,2026-09-30 18:55:51.229682+00,A2,595
7cde8715-efda-4952-a13f-b76cf50d464d,,word,referendum,референдум,Іменник (чол. рід),,2026-09-30 19:37:28.32227+00,B1,2442
7ced913a-864a-4076-b19d-d6b6969f1745,,word,govoriti,говорити,Дієслово мовлення,,2026-09-30 18:47:44.824275+00,A1,45
7cff8909-a3b8-4c98-95ac-c50033ecaaca,,word,prehlada,застуда,Іменник (жін. рід),,2026-09-30 19:16:11.208603+00,A2,1533
7d0afbb7-785f-4e20-ac64-d0ca3d1f13a6,cdbe8d84-ac8f-4a14-850b-f3d49dab1e9a,word,stan,квартира,[стан],,2026-09-30 11:18:03.738799+00,A1,100
7d0eae5b-cf72-40cd-9719-3ee62eb09293,,word,zacijelo,"певно, напевно",Прислівник,,2026-09-30 19:37:28.32227+00,B1,2378
7d2d86f3-82a8-46fe-8b2c-f388740fea46,,word,marljiv,старанний,Якісний прикметник,,2026-09-30 19:37:28.32227+00,B1,2302
7d58bd4b-a11e-4d5c-ad48-6329d41ac11a,,word,raskrižje,перехрестя,Іменник (сер. рід),,2026-09-30 19:11:45.674946+00,A2,1374
7d6b0779-d985-4e4b-a525-735c18ea9131,,word,glatak,гладкий,Якісний прикметник,,2026-09-30 19:34:28.835177+00,B1,2246
7dc5dfd8-3cdd-44c8-a2b5-3467694cb91c,,word,brzina,швидкість,Іменник (жін. рід),,2026-09-30 19:16:18.104507+00,A2,1825
7dd3cca0-fff2-4257-8430-43224478a1b6,,word,vježba,вправа,Іменник (жін. рід),,2026-09-30 18:53:00.692622+00,A2,381
7de02bc0-45fd-4f4b-badf-cbb7492c435b,,word,poziv,дзвінок,Іменник (чол. рід),,2026-09-30 18:53:00.692622+00,A2,354
7de499b3-f829-425e-b15c-9f14686f01d6,,word,materijal,матеріал,Іменник (чол. рід),,2026-09-30 19:09:45.971373+00,A2,1204
7e0f5a45-76e1-49f4-a2c6-283dde60ff3a,,word,odlučan,рішучий,Якісний прикметник,,2026-09-30 19:43:27.289764+00,B1,2322
7e1a3d3e-36be-4b05-a1b5-7bdbfb7abce6,,word,dogovoriti se,домовитися,Зворотне дієслово,,2026-09-30 19:07:18.68248+00,A2,906
7e2a442b-15fb-47ad-b935-675c3b03d4e2,,word,primijetiti,помітити,Дієслово,,2026-09-30 19:23:19.225661+00,A2,1956
7e5265df-b99f-47aa-9338-09a7291f8691,,word,stanje,стан,Іменник (сер. рід),,2026-09-30 18:57:19.23543+00,A2,643
7e644fa4-5f75-48c2-b425-e1dad733b440,,word,sin,син,Іменник (чол. рід),,2026-09-30 19:46:32.987066+00,A1,2997
7e67957b-8e3a-4bdf-8ec2-e067c50a5b4f,,word,atom,атом,Іменник (чол. рід),,2026-09-30 19:16:18.104507+00,B1,1816
7e91760f-2b34-4fea-b0b0-4dcdae49de31,,word,prilagoditi se,адаптуватися,Зворотне дієслово,,2026-09-30 19:07:18.68248+00,B1,940
7e925f59-e0e0-4714-9ee5-cb7527c1d10b,,word,vodstvo,керівництво,Іменник (сер. рід),,2026-09-30 19:43:27.289764+00,B1,2413
7ea34121-d8f5-4c21-815f-3ac138075cc8,00000000-0000-0000-0000-000000000008,dialogue_line,Mehaničar: Koji je problem?,Механік: У чому проблема?,,,2026-09-30 13:44:23.68813+00,A1,100
7ea625eb-fc30-4265-94bf-4e1b6ca147e6,,word,mjera,"міра, захід",Іменник (жін. рід),,2026-09-30 18:57:19.23543+00,B1,635
7ea70302-a612-445a-8a0c-269ca3aa8218,,word,kiparstvo,скульптура,Іменник (сер. рід),,2026-09-30 19:16:18.104507+00,B1,1876
7eb5c0c5-69ea-4262-8fed-f1025fd0dab2,,word,sigurno,"напевно, певно",Прислівник,,2026-09-30 18:50:08.476847+00,A1,132
7eb67a98-5506-40fd-a4f9-bf50db5ad4b4,,word,sport,спорт,Іменник (чол. рід),,2026-09-30 19:16:18.104507+00,A1,1873
7ecaaec3-215b-4598-a3d1-f9c1785ec68f,,word,pojaviti se,з'являтися,Зворотне дієслово,,2026-09-30 19:23:19.225661+00,B1,2051
7ef011ca-440d-470f-a88d-6de94aced45d,,word,odgovornost,відповідальність,Іменник (жін. рід),,2026-09-30 19:16:11.208603+00,B1,1612
7ef880e3-3d06-4160-996b-ecca5b2d5605,,word,tradicija,традиція,Іменник (жін. рід),,2026-09-30 19:07:18.68248+00,A2,1004
7efdfa33-8b4c-4107-a54a-f16779c077ce,,word,ljubaznost,"любість, ввічливість",Іменник (жін. рід),,2026-09-30 19:02:53.78951+00,A2,774
7f172fcd-35ff-4122-99e6-6d28061a9b8d,,word,rasprava,"обговорення, дискусія",Іменник (жін. рід),,2026-09-30 19:07:18.68248+00,B1,1092
7f266b1b-23b5-467b-9637-5f2ca288300f,,word,ružnoća,потворність,Іменник (жін. рід),,2026-09-30 19:16:11.208603+00,B1,1507
7f378b1f-27a8-4965-8257-f6ab31e4f9d1,,word,iznenaditi,здивувати,Дієслово,,2026-09-30 19:43:27.289764+00,B1,2603
7f4262e9-df22-465d-afad-65235fda2b3b,,word,mogućnost,можливість,Іменник (жін. рід),,2026-09-30 18:55:51.229682+00,B1,509
7f7ac508-1ed0-4313-bbe7-5dbbc8dc1609,,word,stvar,річ,Іменник (жін. рід),,2026-09-30 18:47:44.824275+00,A1,69
7f8ecdbc-c337-459d-a2e7-04d15a46caa1,,word,neiskren,нещирий,Якісний прикметник,,2026-09-30 19:34:28.835177+00,B1,2298
7fa27281-b22d-48a3-9dcb-f14a1d5d9c1c,,word,ordinacija,кабінет лікаря,Іменник (жін. рід),,2026-09-30 19:13:58.595598+00,B1,1542
7fa370a1-8a56-480e-8f2b-6e7ab91ac701,,word,svjež,свіжий,Якісний прикметник,,2026-09-30 19:34:28.835177+00,A2,2279
7fa54f31-b104-4710-ab8c-78d81afb58d4,,word,moći,могти,Модальне дієслово,,2026-09-30 18:47:44.824275+00,A1,36
7fc063fd-6065-42d4-8bf0-a4a13ea19355,,word,moral,мораль,Іменник (чол. рід),,2026-09-30 19:37:28.32227+00,B1,2402
7fc1386d-c965-4da3-85c7-b5e353a9c099,,word,pjesma,пісня,Іменник (жін. рід),,2026-09-30 19:16:18.104507+00,A2,1880
7feca9fc-9990-4783-8baa-20d584d6df4d,,word,nespreman,неготовий,Якісний прикметник,,2026-09-30 19:37:28.32227+00,B1,2332
800112d3-4b6f-45ff-b7a5-a0858faf7847,,word,kirurg,хірург,Іменник (чол. рід),,2026-09-30 19:16:11.208603+00,B1,1544
80042736-8d9e-4db0-a377-917996966399,,word,carina,митниця,Іменник (жін. рід),,2026-09-30 19:46:32.987066+00,A2,2805
803966ba-f00a-4b68-b539-94f7337dce18,,word,kapa,шапка,Іменник (жін. рід),,2026-09-30 19:11:45.674946+00,A1,1486
805349ab-9510-4b58-8e1f-5448f919e7fc,,word,praksa,практика,Іменник (жін. рід),,2026-09-30 19:09:45.971373+00,A2,1149
80675d8f-1dd3-46ec-a7e1-75e2c37fac48,,word,patiti,страждати,Дієслово,,2026-09-30 19:37:28.32227+00,B1,2500
806f3d81-da95-42b0-a543-92915d1c52e8,,word,branitelj,захисник (адвокат),Іменник (чол. рід),,2026-09-30 19:16:11.208603+00,B1,1621
807001e3-a5af-4843-a07d-1d9bdbc540d0,,word,kultura,культура,Іменник (жін. рід),,2026-09-30 19:46:32.987066+00,A1,2855
8076c66a-99de-4c2f-9ee1-ce90994364f6,,word,neodlučan,нерішучий,Якісний прикметник,,2026-09-30 19:43:27.289764+00,B1,2323
8099febb-af6e-41a4-9be9-64fee7882df3,,word,razljutiti,розсердити,Дієслово,,2026-09-30 19:43:27.289764+00,B1,2599
80af989a-8eae-4660-8694-a03cff258c3d,,word,plivati,плавати,Дієслово,,2026-09-30 19:37:28.32227+00,A2,2472
80b22044-36b9-4a0e-a566-939dfb77f364,,word,katastrofa,катастрофа,Іменник (жін. рід),,2026-09-30 19:13:58.595598+00,B1,1636
80b40a28-e0d8-4a0a-aca4-c8f05c77139a,,word,podnijeti,"винести, потерпіти",Дієслово,,2026-09-30 19:43:27.289764+00,B1,2502
80b60adc-e3a0-479f-8868-3d96938b2c80,,word,natjecanje,змагання,Іменник (сер. рід),,2026-09-30 19:46:32.987066+00,B1,2899
80b8ee74-0124-4648-b7a2-a5ff3d3d8b8f,,word,stol,стіл,Іменник (чол. рід),,2026-09-30 18:53:00.692622+00,A1,313
80d1e3e2-9718-43f4-8a8e-c6cb6c7645d8,,word,riba,риба,Іменник (жін. рід),,2026-09-30 18:51:44.601106+00,A1,228
80dfb85d-4a00-4d68-9349-49074b5b3217,,word,razina,рівень,Іменник (жін. рід),,2026-09-30 19:16:18.104507+00,B1,1741
81083ab9-300e-47a2-a267-384d26b7ed02,,word,izgraditi,побудувати,Дієслово,,2026-09-30 19:43:27.289764+00,A2,2562
8159220e-7c33-4db8-af2c-eabf1f4660ee,,word,struktura,структура,Іменник (жін. рід),,2026-09-30 19:43:27.289764+00,B1,2701
8164e9b4-c121-45bd-b158-cbbc9dcd4b25,,word,otputovati,відбути,Дієслово,,2026-09-30 19:37:28.32227+00,B1,2458
817b062d-3e92-4478-9907-37e81ea3332b,,word,sir,сир,Іменник (чол. рід),,2026-09-30 18:51:44.601106+00,A1,232
817e2ed5-3c5d-401d-a476-133dcb334423,,word,spoznaja,пізнання,Іменник (жін. рід),,2026-09-30 19:34:28.835177+00,B1,2127
818178a0-1fdf-4226-93e8-69e60a905b72,,word,otežati,ускладнити,Дієслово,,2026-09-30 19:43:27.289764+00,B1,2534
81880822-b4dd-40b2-bc5b-5e564af915eb,,word,jamstvo,гарантія,Іменник (сер. рід),,2026-09-30 19:46:32.987066+00,B1,2913
8196aff7-cd45-4d00-9afb-44120c402b7e,,word,naglas,вголос,Прислівник,,2026-09-30 19:43:27.289764+00,A2,2385
81a02e30-510c-4629-b222-a76575207624,,word,istina,правда,Іменник (жін. рід),,2026-09-30 18:55:51.229682+00,A2,526
81a08df9-12eb-4129-85f3-9ba21b90305f,,word,savjet,порада,Іменник (чол. рід),,2026-09-30 19:07:18.68248+00,A2,1075
81cf3dbd-5c84-4e38-abbe-6c9e3723276f,,word,radost,радість,Іменник (жін. рід),,2026-09-30 18:55:51.229682+00,A2,519
81d94d85-5aa6-4cbd-845e-d3fde0756ba6,,word,zamišljati,уявляти,Дієслово,,2026-09-30 19:02:53.78951+00,B1,708
81fea803-3e98-400e-a716-4e17f14cc048,,word,preporučiti,рекомендувати,Дієслово,,2026-09-30 19:07:18.68248+00,A2,908
82373e8e-c813-4133-8bc9-475640363cad,,word,slab,слабкий,Якісний прикметник,,2026-09-30 19:34:28.835177+00,A1,2286
825323bf-d0cf-4927-81c2-a76a494293bc,,word,plivati,плавати,Дієслово,,2026-09-30 19:43:27.289764+00,A2,2472
82646126-c40c-4099-ad39-01980ab23008,,word,razumjeti,розуміти,Дієслово мислення,,2026-09-30 18:50:08.476847+00,A1,154
82841750-8ef5-4053-b75c-857e801846d9,,word,objekt,об'єкт,Іменник (чол. рід),,2026-09-30 19:34:28.835177+00,B1,2107
82a4f4b1-d7d9-4260-827b-21b8b8b9ca03,,word,ohrabriti,підбадьорити,Дієслово,,2026-09-30 19:43:27.289764+00,B1,2595
82b58527-77b9-4864-8798-40fa1b1ba2ab,,word,hrana,їжа,Іменник,,2026-09-30 18:47:44.824275+00,A1,78
82bac7fa-e99d-4a46-917c-f723a895fa69,,word,taj,цей,Вказівний займенник,,2026-09-30 18:47:44.824275+00,A1,17
82c58713-109a-4960-99cf-438cceed5333,,word,običaj,звичай,Іменник (чол. рід),,2026-09-30 19:07:18.68248+00,B1,1005
82d0e323-9992-4ae1-8d86-6afa058cbd50,,word,skupiti,зібрати,Дієслово,,2026-09-30 19:43:27.289764+00,A2,2547
82d4fd1a-a9e9-407e-a51c-d16741fdd850,,word,terapija,терапія,Іменник (жін. рід),,2026-09-30 19:16:11.208603+00,B1,1517
82d51d7d-f9ab-43d1-af07-e612c887c92f,,word,prebivalište,місце проживання,Іменник (сер. рід),,2026-09-30 19:16:11.208603+00,B1,1582
82ec94f1-ddae-4342-a5cf-3c28d08f21c1,,word,zbog,через (з причини),Прийменик,,2026-09-30 18:54:20.802874+00,A2,457
82f260dc-8092-4ed6-8210-f1e631bbcaa6,,word,čarape,шкарпетки,"Іменник (жін. рід, мн.)",,2026-09-30 19:11:45.674946+00,A1,1489
83266ea6-4d4a-4271-914d-8f57308671f2,,word,prodavač,продавець,Іменник (чол. рід),,2026-09-30 19:46:32.987066+00,A1,2932
8329af38-a7e0-4ac4-b239-c2ea0616101c,,word,rad,праця,Іменник (чол. рід),,2026-09-30 19:16:18.104507+00,A1,1703
8334f873-5024-48da-9547-3465e00de976,,word,zauzet,зайнятий,Якісний прикметник,,2026-09-30 18:51:44.601106+00,A2,298
833c9334-0295-4efe-b773-13422841cb00,,word,reagirati,реагувати,Дієслово,,2026-09-30 19:23:19.225661+00,A2,2081
836f142d-da5e-436e-aff7-c33fb5b6a5ec,,word,mjeriti,вимірювати,Дієслово,,2026-09-30 19:23:19.225661+00,B1,2063
836fa664-65e6-4067-bb7b-b47cc4bfc101,,word,vrt,сад,Іменник (чол. рід),,2026-09-30 19:11:45.674946+00,A2,1411
83800cce-e731-4c4a-93ab-6a8f1c2aa318,00000000-0000-0000-0000-000000000010,dialogue_line,Osoba: Izvolite. Trebam li potpisati ovdje?,Особа: Прошу. Мені потрібно підписати тут?,,,2026-09-30 13:44:24.31931+00,A1,100
83930708-f5ea-4257-9788-9225ee4d6e87,,word,izgraditi,побудувати,Дієслово,,2026-09-30 18:54:20.802874+00,A2,490
8393f4a8-6097-411a-a9df-1287c30c148e,,word,potres,землетрус,Іменник (чол. рід),,2026-09-30 19:05:19.501424+00,B1,886
8395c69a-0389-4302-b815-01f26dfd842d,00000000-0000-0000-0000-000000000007,phrase,Koji je status ovog zadatka?,Який статус цієї задачі?,,,2026-09-30 13:44:23.450621+00,A1,100
83b3c09f-2b3d-496a-b875-caadb8de235e,,word,umjetnik,"митець, художник",Іменник (чол. рід),,2026-09-30 18:55:51.229682+00,A2,538
83b46b0d-283c-4414-b987-e3c8bab4c531,,word,sjećanje,спогад,Іменник (сер. рід),,2026-09-30 18:57:19.23543+00,B1,658
83b7523f-17a1-4c11-9b08-b9be25ce9a8a,,word,vijest,новина,Іменник (жін. рід),,2026-09-30 18:55:51.229682+00,A2,529
83caf8df-5e74-4a66-8dae-59705c4b99eb,,word,prevariti,обдурити,Дієслово,,2026-09-30 19:43:27.289764+00,B1,2592
83ddcbd0-ad0a-4371-ba3d-38210a2fce3c,,word,prag,поріг,Іменник (чол. рід),,2026-09-30 19:34:28.835177+00,B1,2190
83f51553-4f4a-484b-8900-e36f892860c2,,word,iskustvo,досвід,Іменник (сер. рід),,2026-09-30 19:07:18.68248+00,B1,975
83f6a845-a028-42ca-b9f8-a49217f0f507,,word,uredba,"указ, постанова",Іменник (жін. рід),,2026-09-30 19:13:58.595598+00,B1,1608
83f759be-f6e6-48e2-ac64-3bbae18ed259,,word,predati,"здати, передати",Дієслово,,2026-09-30 18:54:20.802874+00,A2,462
8408f9af-7038-481a-a774-0592f42b0aad,,word,siv,сірий,Прикметник (колір),,2026-09-30 18:51:44.601106+00,A1,287
8414e9b8-32d4-4e7e-83ae-f018f269a810,,word,dogovor,домовленість,Іменник (чол. рід),,2026-09-30 19:16:18.104507+00,A2,1728
8441e198-1d74-47d9-9646-826fbb97c578,,word,odvjetništvo,адвокатура,Іменник (сер. рід),,2026-09-30 19:37:28.32227+00,B1,2425
8444d9c7-02d0-49d1-ac60-e842a7693ce3,,word,natjecanje,змагання,Іменник (сер. рід),,2026-09-30 19:09:45.971373+00,B1,1157
847889e2-332c-4fd1-9ef1-6644cb6f456c,,word,redak,рядок,Іменник (чол. рід),,2026-09-30 19:46:32.987066+00,B1,2865
8486aa3a-b189-4ee9-90d0-4139140a4715,6a50fa7b-a8d3-4cde-9039-ad17309ed1e2,phrase,Zadržite ostatak.,Здачі не треба (залиште решту).,[Задр́жіте оста́так],,2026-09-30 11:18:03.287284+00,A1,100
848fe42d-871c-4d9d-8ec7-af5857782f9b,,word,sposobnost,здатність,Іменник (жін. рід),,2026-09-30 19:43:27.289764+00,B1,2721
8493f43b-b00f-4f5b-9027-fa1bfa826b92,,word,kapetan,капітан,Іменник (чол. рід),,2026-09-30 18:55:51.229682+00,A2,593
84960bac-d908-4f62-83cb-8b138c14c781,,word,ugasiti,вимкнути,Дієслово,,2026-09-30 18:54:20.802874+00,A2,487
84a2e63c-551a-4dab-9058-a0b8617dfd15,,word,zanimljiv,цікавий,Якісний прикметник,,2026-09-30 18:57:19.23543+00,A1,607
84abdeb3-2b6d-4512-94f9-c273798259af,,word,hobi,хобі,Іменник (чол. рід),,2026-09-30 18:53:00.692622+00,A1,399
84b112ff-c5b7-4f13-93b3-49aa3df03016,,word,stres,стрес,Іменник (чол. рід),,2026-09-30 19:46:32.987066+00,A2,2783
84c6f688-1bf3-4bab-9760-ecb6b862a590,,word,roditelji,батьки,"Іменник (чол. рід, мн.)",,2026-09-30 19:46:32.987066+00,A1,2994
84d3f968-2600-4992-89a9-c3e27f122cef,,word,muškarac,чоловік,Іменник (чол. рід),,2026-09-30 19:09:45.971373+00,A1,1254
84efbc7f-02ce-4b03-a048-fec281b3286d,,word,gora,гора,Іменник (жін. рід),,2026-09-30 19:09:45.971373+00,A2,1231
84f2c0ed-2790-4f45-b7d2-5ff670786e2f,,word,češalj,гребінець,Іменник (чол. рід),,2026-09-30 19:11:45.674946+00,B1,1461
84f46af1-acaa-478c-a4a3-deb9de2b8a13,,word,gubitnik,невдаха,Іменник (чол. рід),,2026-09-30 18:55:51.229682+00,B1,543
8512a300-8e05-41fd-b120-bd015a19a79c,,word,poplava,повінь,Іменник (жін. рід),,2026-09-30 19:34:28.835177+00,B1,2213
851ed20c-9c87-4435-9bc8-ccfed684533a,,phrase,porezna uprava,податкова інспекція,Вираз,,2026-09-30 19:13:58.595598+00,B1,1592
852cfe08-dab9-4564-ae1a-14987241b06e,,word,plakati,плакати,Дієслово,,2026-09-30 19:43:27.289764+00,A1,2652
8544423c-aa06-41f2-b356-e9ec21748cf3,,word,arhitekt,архітектор,Іменник (чол. рід),,2026-09-30 18:55:51.229682+00,A2,575
854e4e86-2434-4938-9d9e-9ba2cf00934d,,word,domaćin,господар,Іменник (чол. рід),,2026-09-30 19:07:18.68248+00,A2,1073
8551cced-6091-408f-802c-d0c809f1c1a8,,word,kolega,колега,Іменник (чол. рід),,2026-09-30 19:09:45.971373+00,A2,1169
855c83cc-a4ca-407e-9bd0-c809fd399db1,,word,napredovati,прогресувати,Дієслово,,2026-09-30 19:43:27.289764+00,B1,2568
855c9dd4-5e4d-463f-85ac-980899b83800,,word,tisak,преса,Іменник (чол. рід),,2026-09-30 19:46:32.987066+00,B1,2844
8569ff64-f542-4518-a950-6d4c979aafaf,,word,znanost,наука,Іменник (жін. рід),,2026-09-30 19:16:18.104507+00,B1,1801
8575751d-1101-4103-916f-d08eefb0cefa,,word,skočiti,стрибнути,Дієслово,,2026-09-30 19:43:27.289764+00,A2,2573
857eeb61-1d47-4e73-bc83-6612da67b250,,word,lak,легкий,Якісний прикметник,,2026-09-30 18:50:08.476847+00,A1,143
858b3ec4-1f9a-4047-a770-355883ebb84d,,word,kamata,відсоток,Іменник (жін. рід),,2026-09-30 19:16:11.208603+00,B1,1692
858b8b90-7f97-43f5-8152-2288ba1decb4,,word,skladište,склад,Іменник (сер. рід),,2026-09-30 19:16:18.104507+00,A2,1717
859590cc-0f4a-41b4-849b-435d89983dfb,,word,izgovor,вимова,Іменник (чол. рід),,2026-09-30 18:57:19.23543+00,A2,692
85a0aba0-fcfc-4af8-bfee-281dabf2274b,,word,nepošten,нечесний,Якісний прикметник,,2026-09-30 19:34:28.835177+00,B1,2300
85c3c77b-dc5c-4952-9b15-f6898ac476cc,,word,rečenica,речення,Іменник (жін. рід),,2026-09-30 19:46:32.987066+00,A2,2867
85ce1964-9571-4afe-9e4d-8566501add97,,word,tama,темрява,Іменник (жін. рід),,2026-09-30 19:05:19.501424+00,B1,894
8609e7cb-35fe-420e-81bb-7bfa7b20255b,,word,sjajan,"блискучий, чудовий",Якісний прикметник,,2026-09-30 19:34:28.835177+00,B1,2268
860d9299-9330-457e-bfd7-f9ee0882c6bd,,word,odmoran,відпочилий,Якісний прикметник,,2026-09-30 19:37:28.32227+00,B1,2329
8615cada-3f74-4869-a668-d9b62b90c161,,word,fond,фонд,Іменник (чол. рід),,2026-09-30 19:13:58.595598+00,B1,1663
8624fd35-d9cc-403d-b25d-fbb8d6308b12,bbe9211f-51f2-4654-a98f-528ffb57e9ad,word,novac,гроші,[но́вац],,2026-09-30 11:18:03.043652+00,A1,100
8636516f-f3a6-42d9-b9b6-df20f60b0c34,,word,tugovati,сумувати,Дієслово,,2026-09-30 19:37:28.32227+00,B1,2499
864e4c62-4092-4355-a141-608b941c814e,,word,nastati,виникнути,Дієслово,,2026-09-30 19:34:28.835177+00,B1,2104
865677f7-8921-413c-9894-54f1b75c5e18,,word,umjetan,штучний,Якісний прикметник,,2026-09-30 18:57:19.23543+00,B1,626
866103fa-4c76-4ef0-9a81-50c9a5a14658,,word,tlo,ґрунт,Іменник (сер. рід),,2026-09-30 19:46:32.987066+00,A2,2962
8679b0f8-e177-4aff-96d6-a1d130a92522,,word,zaborav,забуття,Іменник (чол. рід),,2026-09-30 19:34:28.835177+00,B1,2110
8680ad1a-900a-47a4-9000-b4b6cc92c6d7,,word,mlad,молодий,Якісний прикметник,,2026-09-30 18:50:08.476847+00,A1,148
86817868-630c-45b3-bd9e-58403dd26afc,,word,račun,рахунок,Іменник (чол. рід),,2026-09-30 19:13:58.595598+00,A1,1682
86860b79-f4ee-4e64-a829-6ee3536500aa,,word,registar,реєстр,Іменник (чол. рід),,2026-09-30 19:16:11.208603+00,B1,1562
86d843da-7313-4c0a-af29-b67e1d2facbb,,word,daleko,далеко,Прислівник,,2026-09-30 19:37:28.32227+00,A1,2395
86efd329-57df-4fc7-bdcd-1869095324eb,,word,stomatolog,стоматолог,Іменник (чол. рід),,2026-09-30 19:13:58.595598+00,A2,1545
86f1dc14-3d44-45a3-b427-ca1a9d05c8eb,,word,ptica,птах,Іменник (жін. рід),,2026-09-30 19:09:45.971373+00,A2,1249
87049074-7c26-47fd-ac02-74ec85c61dbb,,word,pravilo,правило,Іменник (сер. рід),,2026-09-30 19:37:28.32227+00,A2,2420
87078f11-f692-497a-8675-7625b7886923,,word,uredba,"указ, постанова",Іменник (жін. рід),,2026-09-30 19:16:11.208603+00,B1,1608
87623eb5-a289-440e-8ede-e6301dbea96e,,word,voljeti,"кохати, любити",Дієслово,,2026-09-30 19:23:19.225661+00,A1,1981
877ad9a9-ca90-4b79-999f-5fbdc2cf3e6a,,word,slomiti,зламати,Дієслово,,2026-09-30 18:54:20.802874+00,A2,489
877fc9ef-702d-4961-a432-82131443a51d,,word,moderan,сучасний,Якісний прикметник,,2026-09-30 18:57:19.23543+00,A2,622
879b6f56-5f9f-40d1-87ba-2044f75e964a,,word,prezirati,зневажати,Дієслово,,2026-09-30 19:43:27.289764+00,B1,2610
87acbf91-bc9e-482e-8308-54897f9260b2,,word,gladak,гладкий,Якісний прикметник,,2026-09-30 19:02:53.78951+00,B1,737
87bec7f8-75df-40e2-bf91-bf13e81c83c4,,word,dionica,акція,Іменник (жін. рід),,2026-09-30 19:16:11.208603+00,B1,1662
87cc29e1-dce7-48f8-b0d3-954d902b5a4a,,word,frekvencija,частота,Іменник (жін. рід),,2026-09-30 19:16:18.104507+00,B1,1835
87fd6d6f-0923-49d1-abd8-23b3a3bd07dd,,word,iskrenost,щирість,Іменник (жін. рід),,2026-09-30 19:02:53.78951+00,B1,773
87ffe13d-3b34-4928-949e-0c8e80b3ddc1,,word,kreativan,креативний,Якісний прикметник,,2026-09-30 19:37:28.32227+00,A2,2348
8840c3bc-aba2-405a-909c-0037afce421d,,word,olovka,"олівець, ручка",Іменник (жін. рід),,2026-09-30 18:53:00.692622+00,A2,347
884b1ce1-515a-4147-b5e6-8dee34629023,aef634c7-836d-4d7d-9ae4-41fa0012b5b3,word,ruka,рука,[ру́ка],,2026-09-30 11:18:04.076329+00,A1,100
884f217f-5545-4cdb-83ff-8de503b27477,,word,žalba,скарга,Іменник (жін. рід),,2026-09-30 19:16:11.208603+00,B1,1572
8860ee85-8809-4dac-892f-fa8ca365f9c1,,word,jednostavan,простий,Якісний прикметник,,2026-09-30 18:57:19.23543+00,A2,621
886181b5-38a8-4272-b7db-da8d1f6f2d26,,word,filozofija,філософія,Іменник (жін. рід),,2026-09-30 19:16:18.104507+00,B1,1849
888d366d-66d6-4338-9c11-b10372b0163f,,word,valjda,мабуть,Прислівник,,2026-09-30 19:43:27.289764+00,B1,2380
889d0c80-cba4-4ed9-8c2e-21bcba41bf78,aef634c7-836d-4d7d-9ae4-41fa0012b5b3,word,ljekarna,аптека,[лєка́рна],,2026-09-30 11:18:04.076329+00,A1,100
88a99fa3-8590-495b-ab63-6ecf160a3880,,word,predomisliti se,передумати,Зворотне дієслово,,2026-09-30 19:43:27.289764+00,B1,2578
88b15476-9572-40da-b94a-1bf76785c391,,word,nesreća,нещасний випадок,Іменник (жін. рід),,2026-09-30 19:13:58.595598+00,A2,1637
88b1f353-53f3-4eb2-b797-7b281fa530b4,cdbe8d84-ac8f-4a14-850b-f3d49dab1e9a,phrase,Možete li mi pomoći s ugovorom?,Можете допомогти мені з договором?,[Мо́жете лі мі помо́чі с у́говором],,2026-09-30 11:18:03.738799+00,A1,100
88b9d3a3-2307-4df9-ba2c-6cc9f640c4d5,,word,dostojanstvo,гідність,Іменник (сер. рід),,2026-09-30 19:43:27.289764+00,B1,2405
88df02db-3599-4777-9aa0-438c322149b5,,word,uzeti,взяти,Дієслово,,2026-09-30 19:23:19.225661+00,A1,1928
88fa0af7-709d-4a2e-9a1a-e4b910ba1489,,word,vrijednost,цінність,Іменник (жін. рід),,2026-09-30 18:57:19.23543+00,B1,670
89024dc1-fb8c-4b98-bae3-8c25c5fbdce1,,word,katkad,інколи,Прислівник,,2026-09-30 18:54:20.802874+00,A2,430
89045413-0c0c-49d8-a1dc-817734194588,,word,majka,мати,Іменник (жін. рід),,2026-09-30 19:46:32.987066+00,A1,2995
890d308e-7348-4d99-836f-e29c6ec05b8d,,word,cilj,мета,Іменник (чол. рід),,2026-09-30 19:07:18.68248+00,A2,952
8916ddc5-a5ee-4631-bc40-5b7531ae8ec9,,word,reciklaža,переробка,Іменник (жін. рід),,2026-09-30 19:16:18.104507+00,B1,1750
89172ff0-41da-42e9-96ac-a722705f5674,,word,mačka,кішка,Іменник (жін. рід),,2026-09-30 18:51:44.601106+00,A1,225
8919c3fb-7dee-4850-b5b4-da0b403850fe,,word,ulaganje,"інвестиція, вкладення",Іменник (сер. рід),,2026-09-30 19:05:19.501424+00,B1,833
892a1ce6-41a5-43b3-9a58-4dbf27032b34,,word,heroj,герой,Іменник (чол. рід),,2026-09-30 19:11:45.674946+00,B1,1350
89593caa-70bb-487f-9094-39b5dec89165,,word,olakšati,полегшити,Дієслово,,2026-09-30 19:43:27.289764+00,B1,2533
895f9d39-d977-4ee6-bade-c71f5a6d1e40,,word,netko,хтось,Неозначений займенник,,2026-09-30 18:50:08.476847+00,A1,111
8962449a-01f2-4e82-93d6-c758f0101c33,,word,sudionik,учасник,Іменник (чол. рід),,2026-09-30 19:46:32.987066+00,B1,2902
89668485-0d22-4179-a248-7796fbc37c1e,,word,dio,частина,Іменник (чол. рід),,2026-09-30 18:57:19.23543+00,A2,632
897c17c8-61a0-49ea-ba96-5382f98b9f10,,word,perilica,пральна машина,Іменник (жін. рід),,2026-09-30 19:11:45.674946+00,A2,1438
897dd3f6-f18b-4cd1-a8f9-eed0da195d88,,word,pregovori,переговори,"Іменник (чол. рід, мн.)",,2026-09-30 19:05:19.501424+00,B1,844
89aa5951-2e53-4239-8b28-4a28ca0736cc,,word,kampanja,кампанія,Іменник (жін. рід),,2026-09-30 19:43:27.289764+00,B1,2443
89ac71b6-2cd1-4c09-932c-6db5f2313e8f,,word,sletjeti,приземлитися,Дієслово,,2026-09-30 19:43:27.289764+00,B1,2471
89b57144-e424-4eb1-9652-64122d0f3ee0,9e3f6972-10fa-4c25-8fed-80a5148f5c44,phrase,Možete li ponoviti?,Можете повторити?,[Мо́жете лі поно́віті],,2026-09-30 11:18:02.743916+00,A1,100
89ebf81c-4ee6-4a5f-8269-5dc91c37aecb,,word,glup,дурний,Якісний прикметник,,2026-09-30 19:34:28.835177+00,A2,2294
8a09ef4e-0571-46ac-996a-a2add71b2d40,,word,visina,висота,Іменник (жін. рід),,2026-09-30 19:34:28.835177+00,A2,2181
8a10bf6a-87fe-4bf0-b948-fe0122f9cebd,,word,mirovina,пенсія,Іменник (жін. рід),,2026-09-30 19:16:11.208603+00,A2,1552
8a1dc41d-ef0f-4350-ae73-4c03fa3bff9c,,word,vilica,виделка,Іменник (жін. рід),,2026-09-30 19:11:45.674946+00,A1,1445
8a1f8f01-b2ac-4b98-bc74-2bd35c602197,,word,zakon,закон (науковий),Іменник (чол. рід),,2026-09-30 19:16:18.104507+00,A2,1812
8a237556-884a-481d-aa24-1f8d795d2eed,,word,trčati,бігти,Дієслово,,2026-09-30 19:37:28.32227+00,A1,2464
8a2d3544-5c6a-49db-a478-3d2123a3d0d8,,word,raznolikost,різнобарвність,Іменник (жін. рід),,2026-09-30 19:34:28.835177+00,B1,2138
8a2d45bd-c4e6-4b93-801e-bd51351e5e84,,word,kupiti,купити,Дієслово,,2026-09-30 19:23:19.225661+00,A1,1921
8a73276b-4a5b-46ae-b28d-0a7762a85127,,word,zvučnik,динамік,Іменник (чол. рід),,2026-09-30 19:16:18.104507+00,B1,1765
8a87994a-5a77-4415-ad90-d711208cb11c,,word,tiho,тихо,Прислівник,,2026-09-30 18:54:20.802874+00,A1,415
8a9b6168-9fd1-49ed-badd-f37539379b75,,word,rukovodstvo,керівництво,Іменник (сер. рід),,2026-09-30 19:43:27.289764+00,B1,2414
8a9d4813-55b2-4e09-b81e-05028b6ab10b,9ff8ccfd-58f7-457d-9025-a5f1ee9d75df,phrase,Imam mali auto.,У мене маленьке авто.,[І́мам ма́лі а́уто],,2026-09-30 11:18:03.517183+00,A1,100
8aa47e49-8576-4a95-ad87-102e7d988f22,,word,doći,прийти,Дієслово руху,,2026-09-30 18:47:44.824275+00,A1,40
8ab475fe-c812-4d0c-994b-cfede5d5159b,9e3f6972-10fa-4c25-8fed-80a5148f5c44,word,biti,бути,[бі́ті],,2026-09-30 11:18:02.743916+00,A1,100
8ab7e052-5f6d-4770-a2c9-d6acdb3d7085,,word,list,лист,Іменник (чол. рід),,2026-09-30 19:46:32.987066+00,A2,2980
8aba0aa2-af55-49e6-a9ad-9f04cecd4212,,word,obožavati,обожнювати,Дієслово,,2026-09-30 19:43:27.289764+00,A2,2613
8ac4b8f7-8ad5-4050-831d-a289ed27f743,,word,sklad,гармонія,Іменник (чол. рід),,2026-09-30 19:05:19.501424+00,B1,899
8ac7f90d-d62d-4a87-9b7d-58ffc7281d4b,,word,skitati se,вештатися,Зворотне дієслово,,2026-09-30 19:37:28.32227+00,B1,2461
8ade973d-c191-4955-95e7-a00ce2882002,,word,dionica,акція,Іменник (жін. рід),,2026-09-30 19:13:58.595598+00,B1,1662
8b29610c-c864-4a6f-8f5f-2bcce6d4dc78,,word,dobit,прибуток,Іменник (жін. рід),,2026-09-30 19:02:53.78951+00,B1,795
8b2d4fe3-142b-4549-9626-89e33fb66589,,word,sadržavati,містити,Дієслово,,2026-09-30 19:23:19.225661+00,B1,2075
8b60ada5-820d-4f6b-b57e-91a051855a39,,word,financirati,фінансувати,Дієслово,,2026-09-30 19:07:18.68248+00,B1,925
8b67a2ee-a83f-4350-8ae8-ebf5fcbdf956,,word,povijest,історія,Іменник (жін. рід),,2026-09-30 18:53:00.692622+00,B1,372
8b8a02b9-4051-476a-a81c-8842e0a03049,,word,patiti,страждати,Дієслово,,2026-09-30 19:43:27.289764+00,B1,2625
8b8d5889-04b4-48b5-b9f1-352ec2223775,,word,postojati,існувати,Дієслово,,2026-09-30 19:23:19.225661+00,B1,2100
8b93d490-e242-4196-be78-9509160fb5c8,,word,uvjerenje,переконання,Іменник (сер. рід),,2026-09-30 19:07:18.68248+00,B1,986
8b9d0aae-e243-4600-8aa3-879688dda351,,word,stručnjak,фахівець,Іменник (чол. рід),,2026-09-30 19:46:32.987066+00,B1,2910
8ba3494e-d38b-423c-bdb7-975f0ba407f3,00000000-0000-0000-0000-000000000017,word,Oblak,Хмара (Cloud),,,2026-09-30 13:49:13.68368+00,A1,100
8bd192fd-1b22-447c-86b0-59904267294d,,word,razlog,причина,Іменник (чол. рід),,2026-09-30 19:34:28.835177+00,A2,2162
8bee1e1b-addb-40ae-9d4d-8c5e459e0242,,word,prazan,порожній,Якісний прикметник,,2026-09-30 18:57:19.23543+00,A2,630
8bfcb0b4-dd5d-4b82-9d0d-c9b1d673d6e0,,word,bilo tko,будь-хто,Вираз,,2026-09-30 19:37:28.32227+00,B1,2359
8c07fed1-296b-412c-a1c9-6a229111a421,,word,pomoći,допомогти,Дієслово,,2026-09-30 19:07:18.68248+00,A1,948
8c170032-8431-4478-8000-f66cd26f0148,,word,predsjednik,президент,Іменник (чол. рід),,2026-09-30 19:11:45.674946+00,A2,1337
8c36afa1-6018-40e8-9578-f43549b85294,,word,kvaliteta,якість,Іменник (жін. рід),,2026-09-30 19:16:18.104507+00,A2,1737
8c719f59-4ab3-4ec8-9c83-d41ab4062b02,,word,poduzeće,підприємство,Іменник (сер. рід),,2026-09-30 18:55:51.229682+00,A2,557
8c8f047a-da9e-406c-9c80-7ff8229d0669,,word,nesiguran,невпевнений,Якісний прикметник,,2026-09-30 19:43:27.289764+00,B1,2325
8c93893b-8313-4ca9-a914-d9042d9139c7,,word,apartman,апартаменти,Іменник (чол. рід),,2026-09-30 19:11:45.674946+00,A1,1397
8caaf5c2-3610-428c-8888-0d73fe5b4ac4,,word,natjecanje,змагання,Іменник (сер. рід),,2026-09-30 18:57:19.23543+00,B1,678
8cbcb94f-8898-4b1b-992a-d27db5555b7a,,word,ambiciozan,амбітний,Якісний прикметник,,2026-09-30 19:37:28.32227+00,B1,2305
8cf1b879-960c-4b02-9549-a2718d3526b5,,word,princip,принцип,Іменник (чол. рід),,2026-09-30 19:43:27.289764+00,B1,2732
8d0c057c-c53d-4158-bdab-ce0019e276fc,bbe9211f-51f2-4654-a98f-528ffb57e9ad,phrase,Imate li sitnog?,Чи маєте дрібні?,[І́мате лі сі́тног],,2026-09-30 11:18:03.043652+00,A1,100
8d31c19c-2db9-470a-9f82-71c392f128da,,word,geografija,географія,Іменник (жін. рід),,2026-09-30 19:16:18.104507+00,A2,1855
8d468d76-dfb8-4cc0-9b42-07faabf9ef10,,word,slušati,слухати,Дієслово,,2026-09-30 19:23:19.225661+00,A1,1952
8d8382b7-7f6c-40af-847a-7aa97ebfac74,,word,poraz,поразка,Іменник (чол. рід),,2026-09-30 19:46:32.987066+00,B1,2897
8dadfa5d-9df4-4364-a285-93c42fe10e91,,word,odšteta,компенсація,Іменник (жін. рід),,2026-09-30 19:13:58.595598+00,B1,1557
8dbf6509-f971-4765-9e7c-02c641c0d16e,,word,ocean,океан,Іменник (чол. рід),,2026-09-30 19:09:45.971373+00,A2,1237
8dce57e1-574f-402d-8aec-5ea40870757a,,word,funkcija,функція,Іменник (жін. рід),,2026-09-30 19:34:28.835177+00,B1,2168
8dd9d672-43df-4337-9f7d-c90deb5603d2,,word,plač,плач,Іменник (чол. рід),,2026-09-30 18:57:19.23543+00,A2,681
8ddd5781-7019-4e16-afe2-f86f6bc59585,,word,kupaonica,ванна кімната,Іменник (жін. рід),,2026-09-30 18:53:00.692622+00,A1,317
8ddd8b35-92cb-43b5-9f59-fc6fbc672922,,word,taoc,заручник,Іменник (чол. рід),,2026-09-30 19:11:45.674946+00,B1,1348
8de12c8f-881d-413b-bdb1-d87e206db58a,,word,bolest,хвороба,Іменник (жін. рід),,2026-09-30 19:16:11.208603+00,A2,1512
8de8ba20-d4c5-45e7-8787-c69ec221bae8,,word,poljoprivreda,сільське господарство,Іменник (жін. рід),,2026-09-30 19:16:18.104507+00,B1,1865
8e09603e-380c-4537-923c-09089ac302d6,,word,kišobran,парасолька,Іменник (чол. рід),,2026-09-30 19:11:45.674946+00,A1,1497
8e09ac76-3fa8-4e24-8f6f-33ce7c27493d,,word,nalijevo,ліворуч,Прислівник,,2026-09-30 19:37:28.32227+00,A2,2387
8e27c99c-f2c2-4722-9529-d9e940dcf1c1,bbe9211f-51f2-4654-a98f-528ffb57e9ad,phrase,Dajte mi jednu vrećicu.,Дайте мені один пакетик.,[Да́йте мі є́дну вре́чіцу],,2026-09-30 11:18:03.043652+00,A1,100
8e335b81-2ff5-4518-b909-1a63a77ead6a,,word,zajednica,спільнота,Іменник (жін. рід),,2026-09-30 19:07:18.68248+00,B1,1002
8e34ab70-87b1-49ca-bfe7-6607cb084367,,word,slikarstvo,живопис,Іменник (сер. рід),,2026-09-30 19:16:18.104507+00,B1,1875
8e4e817d-fc8b-4b55-9009-71da58801ac3,,word,zacijelo,"певно, напевно",Прислівник,,2026-09-30 19:43:27.289764+00,B1,2378
8e6ffa3d-6ef8-47b3-9d3a-22ae5ddbdc0a,,word,osmisliti,"розробити, осмислити",Дієслово,,2026-09-30 19:34:28.835177+00,B1,2120
8e75b61f-0c6c-4d48-9236-ab81d38dbfbd,,word,skroman,скромний,Якісний прикметник,,2026-09-30 19:43:27.289764+00,B1,2306
8e83dd0b-6106-4435-874f-56070f070867,,word,dug,борг,Іменник (чол. рід),,2026-09-30 19:13:58.595598+00,A2,1693
8e9e2880-1f8c-497c-a791-ab93068cb172,,word,zaštita,захист,Іменник (жін. рід),,2026-09-30 19:16:18.104507+00,A2,1788
8ec6d2a0-e4cf-486f-ab73-4e12d5a24626,,word,glazbenik,музикант,Іменник (чол. рід),,2026-09-30 18:55:51.229682+00,A2,540
8efc1e07-ab44-4755-a95f-79a4dc1348a7,,word,informacija,інформація,Іменник (жін. рід),,2026-09-30 19:43:27.289764+00,A2,2716
8f215bd0-8b78-4fff-9a2d-c80a5fc0844a,,word,tradicija,традиція,Іменник (жін. рід),,2026-09-30 19:43:27.289764+00,A2,2748
8f2d397d-1ed1-4ab5-945a-5aa0cbf1771c,,word,zamijeniti,замінити,Дієслово,,2026-09-30 19:43:27.289764+00,A2,2540
8f432e67-dedb-40b4-be1c-48f5feb68028,,word,ustanova,установа,Іменник (жін. рід),,2026-09-30 19:43:27.289764+00,A2,2450
8f55016c-3484-401f-b484-4588b07b60d9,,word,studeni,листопад,Іменник (чол. рід),,2026-09-30 18:51:44.601106+00,A2,264
8f569397-38df-4f5c-9ec8-9ee1973b3002,,word,građanin,громадянин,Іменник (чол. рід),,2026-09-30 18:55:51.229682+00,A2,550
8f71b6dd-19c5-4c90-8870-77338cee2731,bbe9211f-51f2-4654-a98f-528ffb57e9ad,phrase,Mogu li platiti karticom?,Чи можу я оплатити карткою?,[Мо́гу лі пла́тіті ка́ртіцом],,2026-09-30 11:18:03.043652+00,A1,100
8f87ee5c-f8ac-4370-962a-5ee6534f8e24,,word,nezreo,незрілий,Якісний прикметник,,2026-09-30 19:34:28.835177+00,B1,2278
8f94ef7b-3d2f-4622-80c8-311595cc4148,,word,umjetnost,мистецтво,Іменник (жін. рід),,2026-09-30 19:09:45.971373+00,B1,1112
8fa298bb-a2e9-4146-98dc-43e1e8774d78,,word,odlučiti,вирішити,Дієслово,,2026-09-30 19:43:27.289764+00,A2,2577
8fa334f4-1b1b-498d-9dc2-fccb2eecf853,,word,autobus,автобус,Іменник (чол. рід),,2026-09-30 19:11:45.674946+00,A1,1355
8fa52280-98aa-4f16-b010-fff9c3f06caf,,word,boravište,місце перебування,Іменник (сер. рід),,2026-09-30 19:13:58.595598+00,A2,1581
8fadf531-59e7-4a58-ac3f-574036e59550,,word,učinkovit,ефективний,Якісний прикметник,,2026-09-30 18:57:19.23543+00,B1,612
8fb33480-35b2-4adb-bd84-b05159b70e4b,,word,ukras,прикраса,Іменник (чол. рід),,2026-09-30 19:13:58.595598+00,B1,1505
8fb5063a-fc60-4afe-8485-fb4ab8068f35,,word,neuredan,неохайний,Якісний прикметник,,2026-09-30 19:34:28.835177+00,B1,2273
8fc87c49-e61f-4295-9b43-e094dc843448,,word,zajednica,спільнота,Іменник (жін. рід),,2026-09-30 19:43:27.289764+00,B1,2746
8fd85c9f-4221-41c6-a097-4e07c733c9e3,,word,to,це,Вказівний займенник,,2026-09-30 18:47:44.824275+00,A1,8
8fdc6398-2142-4fb2-977c-de922971bd53,,word,katastrofa,катастрофа,Іменник (жін. рід),,2026-09-30 19:34:28.835177+00,B1,2219
8fddb2f3-798d-4c99-8438-7669511bb1a2,,word,čaj,чай,Іменник (чол. рід),,2026-09-30 18:51:44.601106+00,A1,236
8ffb16cb-b939-4398-8197-4edbbf9f0c7e,,word,kći,дочка,Іменник (жін. рід),,2026-09-30 19:09:45.971373+00,A1,1263
900934f7-f789-4b00-9666-ee2b3f61229c,,word,rezervacija,бронювання,Іменник (жін. рід),,2026-09-30 19:07:18.68248+00,A2,1055
900cd4bc-0168-40b6-b2fc-c1033f271126,,word,daleko,далеко,Прислівник,,2026-09-30 18:54:20.802874+00,A1,438
9018f431-8577-4945-bbec-a10957fe57da,cdbe8d84-ac8f-4a14-850b-f3d49dab1e9a,word,problem,проблема,[пробле́ма],,2026-09-30 11:18:03.738799+00,A1,100
9027dfba-3a71-4b58-8fcb-7638f535fafc,,word,nerazuman,нерозумний,Якісний прикметник,,2026-09-30 19:37:28.32227+00,B1,2344
90305ed7-8264-4aa7-9ebf-5d5cb2a79915,,word,trebati,потребувати,Дієслово,,2026-09-30 19:23:19.225661+00,A1,1987
903570f6-038b-4062-8539-9dba3fcf47bc,00000000-0000-0000-0000-000000000009,word,Cjepivo,Щеплення (вакцина),,,2026-09-30 13:44:23.927236+00,A1,100
904d3cf2-dbe9-45f2-80b8-f58846a2c114,,word,novac,гроші,Іменник,,2026-09-30 18:47:44.824275+00,A1,80
905a17da-1b76-4a4d-8d35-adc50156a146,,word,novi,новий,Якісний прикметник,,2026-09-30 18:47:44.824275+00,A1,61
90776f7b-8d15-4967-9058-ca4806427418,,word,trgovina,магазин,Іменник (жін. рід),,2026-09-30 18:51:44.601106+00,A1,207
907ffa87-0bd0-4539-ad90-5c7e34e3cac6,,word,veseliti se,радіти,Зворотне дієслово,,2026-09-30 19:23:19.225661+00,A2,1976
908664f8-06f2-4010-a0fd-df0d41efe7a1,,word,razviti,розвинути,Дієслово,,2026-09-30 18:54:20.802874+00,B1,492
90b3c441-e350-4d12-8694-5836e4cee074,00000000-0000-0000-0000-000000000009,word,Australski ovčar,Австралійська вівчарка,,,2026-09-30 13:44:23.927236+00,A1,100
90c58ddc-2f30-4d75-ae86-a0e8fb5e0f2e,,word,zaklada,"фонд, фундація",Іменник (жін. рід),,2026-09-30 19:43:27.289764+00,B1,2449
90cc9635-479d-4552-9e57-8ce86b5f27b9,,word,pravilo,правило,Іменник (сер. рід),,2026-09-30 18:57:19.23543+00,A2,646
90cf7035-e74d-4189-a99d-668d1c33f98e,,word,sastojati se,складатися,Зворотне дієслово,,2026-09-30 19:23:19.225661+00,B1,2076
90d9c96b-12a4-4638-ac98-cb32dcd17a1f,,word,cijena,ціна,Іменник (жін. рід),,2026-09-30 19:05:19.501424+00,A1,836
90ee4e9d-7f4c-4213-9b60-6334119d7004,,word,zračenje,випромінювання,Іменник (сер. рід),,2026-09-30 19:16:18.104507+00,B1,1833
90ef997d-03d6-4106-881a-c7dcc6a1a028,,word,pošta,пошта,Іменник (жін. рід),,2026-09-30 18:51:44.601106+00,A1,209
910de70e-e088-419f-a2db-5e4d2941464b,,word,tvar,речовина,Іменник (жін. рід),,2026-09-30 19:16:18.104507+00,B1,1814
9111e2da-ccbd-4164-bb1d-5aa5ff7f0c4c,,word,prigovor,скарга,Іменник (чол. рід),,2026-09-30 19:46:32.987066+00,B1,2820
9113dd4c-b67c-4c6d-bf55-3c91cf8ff4dc,,word,rezultat,результат,Іменник (чол. рід),,2026-09-30 18:55:51.229682+00,A2,504
9139087b-8670-4c03-87d1-b01616020d31,,word,hrapav,шорсткий,Якісний прикметник,,2026-09-30 19:34:28.835177+00,B1,2247
9140d6a4-be6e-42c5-ad84-cffcb0be539b,,word,drugi,другий,Порядковий числівник,,2026-09-30 18:51:44.601106+00,A1,279
9148920f-682f-453e-885b-45bf1bcc02ad,00000000-0000-0000-0000-000000000017,phrase,Imamo li problem s memorijom na poslužitelju?,Чи є у нас проблеми з пам'яттю на сервері?,,,2026-09-30 13:49:13.68368+00,A1,100
916b7fd4-8202-46e0-bd1b-6527f067c3c3,,word,prilagoditi,адаптувати,Дієслово,,2026-09-30 19:43:27.289764+00,B1,2541
916cfb75-7ac5-41cc-9f44-34a7a6ef3f0c,,word,zid,стіна,Іменник (чол. рід),,2026-09-30 19:11:45.674946+00,A2,1403
916e2e7b-25f0-4de8-8e5c-3813f3a5ea69,,word,tableta,таблетка,Іменник (жін. рід),,2026-09-30 19:13:58.595598+00,A2,1519
916ecac7-8527-4717-8931-3779a91bd9da,,word,temperatura,температура,Іменник (жін. рід),,2026-09-30 19:16:11.208603+00,A2,1530
917a3286-1585-413d-b025-955942119bd1,,word,bolnica,лікарня,Іменник (жін. рід),,2026-09-30 19:16:11.208603+00,A1,1539
917ac60d-6ddc-4743-bb15-aefb43692e02,9ff8ccfd-58f7-457d-9025-a5f1ee9d75df,word,lijevo,ліворуч,[ліє́во],,2026-09-30 11:18:03.517183+00,A1,100
917eeac1-cb74-456d-8f1e-e0a3904af685,,word,turist,турист,Іменник (чол. рід),,2026-09-30 18:55:51.229682+00,A1,596
91aaa78b-3b1d-4d06-842a-13e3dcd478a3,,word,umrijeti,померти,Дієслово,,2026-09-30 19:23:19.225661+00,B1,2046
91b7216d-2529-41e2-bb9b-327e17c9189e,9e3f6972-10fa-4c25-8fed-80a5148f5c44,word,dan,день,[дан],,2026-09-30 11:18:02.743916+00,A1,100
91c6c1aa-5a52-42d1-8f34-4e8be12f93d9,,word,poznanik,знайомий,Іменник (чол. рід),,2026-09-30 19:09:45.971373+00,A2,1273
91deb771-b982-4a0b-98d6-314be45a4701,,word,izdati,"видати, зрадити",Дієслово,,2026-09-30 19:23:19.225661+00,B1,2088
91ee164c-d0f5-4240-a882-2aa05629bfa0,,word,izvršenje,виконання (вироку),Іменник (сер. рід),,2026-09-30 19:16:11.208603+00,B1,1626
91f7131b-9a7e-49f4-a119-50778b0e4fed,,word,knjiga,книга,Іменник,,2026-09-30 18:47:44.824275+00,A1,85
9213e198-d364-4302-9eed-135f3df52595,,word,biologija,біологія,Іменник (жін. рід),,2026-09-30 19:16:18.104507+00,A2,1842
92327636-ca33-421a-ae1b-fb10c02b270e,,word,doživljaj,"переживання, досвід",Іменник (чол. рід),,2026-09-30 18:57:19.23543+00,B1,660
92378e1c-0827-442d-8c42-e66819c58f46,,word,tlak,тиск,Іменник (чол. рід),,2026-09-30 19:16:18.104507+00,B1,1828
923f79da-4d24-49fd-9fc0-530ff4fbf8f0,,word,zamrzivač,морозилка,Іменник (чол. рід),,2026-09-30 19:11:45.674946+00,B1,1435
927111f9-73b2-4256-aa36-941408448a77,,word,zatvoriti,"ув'язнити, закрити",Дієслово,,2026-09-30 19:37:28.32227+00,A2,2482
928934f0-b641-4942-a6ec-8c8661059101,,word,prodati,продати,Дієслово,,2026-09-30 19:23:19.225661+00,A2,1923
929d03dd-cca8-40a2-9db1-3d8eb7ab4a7c,,word,uglavnom,переважно,Прислівник,,2026-09-30 18:54:20.802874+00,A2,425
929d2b1b-2435-4538-82fc-4ebce0c07cd4,,word,kriza,криза,Іменник (жін. рід),,2026-09-30 19:02:53.78951+00,B1,791
92ae5a99-175a-4f5b-b0f9-3a2c6fbd3f6d,,word,inflacija,інфляція,Іменник (жін. рід),,2026-09-30 19:13:58.595598+00,B1,1673
92e38889-e549-4272-987c-71d37b9528d1,,word,ugostiteljstvo,готельно-ресторанна справа,Іменник (сер. рід),,2026-09-30 19:13:58.595598+00,B1,1655
92e67c1e-24c2-4890-b723-b259f7b1b419,,word,matematika,математика,Іменник (жін. рід),,2026-09-30 19:16:18.104507+00,A1,1844
92e713e8-57ed-4809-9d30-4cc669cf49d5,,word,sapun,мило,Іменник (чол. рід),,2026-09-30 19:11:45.674946+00,A1,1456
92f82396-24a2-4bf0-a66d-4299d1f19c1e,,word,ljepota,краса,Іменник (жін. рід),,2026-09-30 19:13:58.595598+00,A2,1506
930cb505-fdbf-452c-b211-8fc249a9bcd6,,word,izbori,вибори,"Іменник (чол. рід, мн.)",,2026-09-30 19:43:27.289764+00,B1,2440
9315293c-fe6e-46a0-bc8c-91ff60214d70,,word,posvađati se,посваритися,Зворотне дієслово,,2026-09-30 19:43:27.289764+00,A2,2617
93205957-09af-4f20-97de-a6fa9e3e4f9d,,word,jezik,мова,Іменник (чол. рід),,2026-09-30 19:46:32.987066+00,A1,2856
93227863-11c1-4890-b657-f3d102ed3f12,,word,službenik,"службовець, чиновник",Іменник (чол. рід),,2026-09-30 19:05:19.501424+00,A2,803
933984e8-eef9-43a9-9bbf-e2640d3ad978,,word,lukav,хитрий,Якісний прикметник,,2026-09-30 19:34:28.835177+00,B1,2295
934bb4e8-8c78-4b3b-b016-7524e8d0276a,,word,odredba,постанова,Іменник (жін. рід),,2026-09-30 19:43:27.289764+00,B1,2419
934ebb3e-3a68-4809-8f6d-e43ec562783b,,word,probati,спробувати,Дієслово дії,,2026-09-30 18:50:08.476847+00,A1,198
9352a538-5fb8-4216-a0b6-3447ac967607,,word,izlet,"екскурсія, поїздка",Іменник (чол. рід),,2026-09-30 19:07:18.68248+00,A2,1052
935f9250-c993-4240-9ed0-2e20bc10f3a4,,phrase,osobna iskaznica,посвідчення особи,Вираз,,2026-09-30 19:13:58.595598+00,A2,1585
936c0cb3-dba7-4d6b-810b-b29d5446ae76,,word,ples,танець,Іменник (чол. рід),,2026-09-30 19:16:18.104507+00,A2,1879
936c215b-e117-44d0-8d87-d83e556bfb32,,word,premijer,прем'єр-міністр,Іменник (чол. рід),,2026-09-30 19:11:45.674946+00,B1,1338
937b932f-4c41-4f34-90f4-ed27883bdc3d,,word,epoha,епоха,Іменник (жін. рід),,2026-09-30 19:07:18.68248+00,B1,1013
93905896-1205-4776-a85f-114c13367b20,,word,oštar,гострий,Якісний прикметник,,2026-09-30 19:34:28.835177+00,A2,2248
93cb5bf3-1aed-4334-8b19-bea556a13100,,word,analiza,аналіз,Іменник (жін. рід),,2026-09-30 19:16:18.104507+00,B1,1808
93e7f44c-89ad-4a8c-a3b0-2b0ab360e13e,9e3f6972-10fa-4c25-8fed-80a5148f5c44,word,tko,хто,[тко],,2026-09-30 11:18:02.743916+00,A1,100
93ec4ea6-355b-42c5-a957-7d99c68a700b,,word,dežurstvo,чергування,Іменник (сер. рід),,2026-09-30 19:16:11.208603+00,B1,1647
93f1c9f3-d6b3-4095-94b9-1dda0e41db00,,word,tvrd,твердий,Якісний прикметник,,2026-09-30 19:02:53.78951+00,A2,740
9430b943-240c-427a-b101-3f47c32ccb1d,,word,istraživač,дослідник,Іменник (чол. рід),,2026-09-30 18:55:51.229682+00,B1,577
944a3c79-aa9a-4d80-9c0e-e09ac427ab1c,,word,neuspjeh,невдача,Іменник (чол. рід),,2026-09-30 19:02:53.78951+00,B1,784
944e17cb-0284-4552-aa9d-c60d6494d23b,,word,zatvor,в'язниця,Іменник (чол. рід),,2026-09-30 19:16:11.208603+00,A2,1600
9451bb70-dfc1-4a7b-98c1-b1eef23b18e3,,word,proces,процес,Іменник (чол. рід),,2026-09-30 19:07:18.68248+00,A2,959
94587c0a-48e7-41af-82b5-0d65a16cb5ef,,word,sloboda,свобода,Іменник (жін. рід),,2026-09-30 19:13:58.595598+00,B1,1601
945a5128-33df-4f51-a655-d7db0b3f1b6b,9ff8ccfd-58f7-457d-9025-a5f1ee9d75df,phrase,Skrenite desno na semaforu.,Поверніть праворуч на світлофорі.,[Скре́ніте де́сно на се́мафору],,2026-09-30 11:18:03.517183+00,A1,100
9487e5fb-07bb-4908-90e6-cf3f04074a2e,,word,neuspjeh,невдача,Іменник (чол. рід),,2026-09-30 19:09:45.971373+00,B1,1153
94a43975-1d84-446e-9060-48613598e987,,word,plod,плід,Іменник (чол. рід),,2026-09-30 19:46:32.987066+00,B1,2981
94a55b8d-43de-415c-85a3-ee197e3a67e0,,word,izabrati,обрати,Дієслово,,2026-09-30 18:54:20.802874+00,A2,465
94c03ff0-b845-4b95-8bf5-2ff473077530,,word,pobjeda,перемога,Іменник (жін. рід),,2026-09-30 18:57:19.23543+00,A2,675
94e697a9-40f4-4c78-b114-25ef010be230,,word,dijete,дитина,Іменник (сер. рід),,2026-09-30 19:09:45.971373+00,A1,1255
94faa6bb-1292-4524-9851-649c1fe5d711,,word,rat,війна,Іменник (чол. рід),,2026-09-30 19:43:27.289764+00,B1,2430
94fffa3e-683b-41d5-ad4b-86b259a9ef2c,,word,industrija,промисловість,Іменник (жін. рід),,2026-09-30 19:13:58.595598+00,B1,1652
9561fa9d-13b0-4cfd-94a0-390820d39620,,word,lipanj,червень,Іменник (чол. рід),,2026-09-30 18:51:44.601106+00,A2,259
9569e4d1-a9aa-45b8-8d1b-030fb02bbd08,,word,priroda,природа,Іменник (жін. рід),,2026-09-30 19:16:18.104507+00,A1,1746
956c7995-6f5b-4034-9c25-b10ec9502501,00000000-0000-0000-0000-000000000008,word,Kvačilo,Зчеплення,,,2026-09-30 13:44:23.68813+00,A1,100
9570f2c0-da14-4299-81d9-9ad01121ee0a,,word,promijeniti,змінити,Дієслово,,2026-09-30 19:23:19.225661+00,A2,2052
957ded18-7e25-406f-bbf0-f32367915f8a,,word,odvjetnik,адвокат,Іменник (чол. рід),,2026-09-30 19:09:45.971373+00,B1,1294
957e70af-ea20-4180-a7a9-26664540e867,,word,zatajiti,приховати,Дієслово,,2026-09-30 19:43:27.289764+00,B1,2586
959cecf3-838f-417f-bf71-c8b3c934c421,,word,teorija,теорія,Іменник (жін. рід),,2026-09-30 19:16:18.104507+00,B1,1805
95a38866-c3c4-4313-9138-3d8c25af2fcd,,word,žena,жінка,Іменник (жін. рід),,2026-09-30 18:47:44.824275+00,A1,64
95a64602-5126-48d3-a582-4b58f2cfc291,,word,kada,ванна,Іменник (жін. рід),,2026-09-30 19:11:45.674946+00,A1,1452
95a752b9-7ad8-412a-9466-eda9e144185c,,word,putnik,"мандрівник, пасажир",Іменник (чол. рід),,2026-09-30 19:11:45.674946+00,A2,1321
95d5b910-4c07-44fa-808e-98a144b93a87,,word,televizor,телевізор,Іменник (чол. рід),,2026-09-30 19:46:32.987066+00,A1,2845
961abe26-32c0-4872-b513-48c594e0408f,,word,prošlost,минуле,Іменник (жін. рід),,2026-09-30 19:07:18.68248+00,A2,1008
9620ce99-f4f4-4891-b6a4-6f8b5460d6c4,,word,suša,посуха,Іменник (жін. рід),,2026-09-30 19:34:28.835177+00,B1,2214
96218539-0258-442b-bf86-6cc6a933ad18,,word,pravomoćnost,набрання чинності,Іменник (жін. рід),,2026-09-30 19:16:11.208603+00,B1,1625
962fe599-2aa6-45d2-9114-52e651e76bbc,,word,ozdraviti,одужати,Дієслово,,2026-09-30 19:43:27.289764+00,B1,2629
963a87b4-f446-4285-a545-4466bbdb3e32,,word,sestra,сестра,Іменник (жін. рід),,2026-09-30 19:09:45.971373+00,A1,1265
964fde7c-c63e-4682-a9ce-2f7688073629,00000000-0000-0000-0000-000000000007,word,Isporuka,Доставка (Delivery),,,2026-09-30 13:44:23.450621+00,A1,100
9652f4c6-1e49-4632-9aa5-2d4a237a539e,,word,tako,"так, таким чином",Прислівник способу,,2026-09-30 18:50:08.476847+00,A1,117
967c4e5c-4c72-48f0-8d33-34523ad0cc86,,word,razdvojiti,розділити,Дієслово,,2026-09-30 19:43:27.289764+00,B1,2544
968fca05-ebb6-41ab-85d9-40326054cf2f,,word,element,елемент,Іменник (чол. рід),,2026-09-30 19:16:18.104507+00,B1,1813
96944e0d-9e94-434b-83bb-5d4dd9472100,,word,stajati,"коштувати, стояти",Дієслово,,2026-09-30 18:50:08.476847+00,A1,165
969ef943-bf59-4a1b-a908-4d3b599a57f4,,word,zapanjiti,приголомшити,Дієслово,,2026-09-30 19:43:27.289764+00,B1,2492
96bcac44-7323-4141-a0b3-4f4a68986ac5,,word,povezati,зв'язати,Дієслово,,2026-09-30 19:23:19.225661+00,B1,2055
96dd86de-a108-4ecb-bb0d-1856cd56e9aa,,word,pregled,"огляд, обстеження",Іменник (чол. рід),,2026-09-30 19:13:58.595598+00,A2,1515
96deb71b-4607-4751-80e6-1eedbc092a1f,,word,biti,бути,Допоміжне/основне дієслово,,2026-09-30 18:47:44.824275+00,A1,1
970f6698-c250-4eea-b221-3a178cb205c1,,word,odgovoriti,відповісти,Дієслово комунікації,,2026-09-30 18:50:08.476847+00,A1,163
97137628-609c-4323-ba6a-b1900e2b9bc1,,word,brat,брат,Іменник (чол. рід),,2026-09-30 19:09:45.971373+00,A1,1264
97294310-a89d-459b-a12e-2c03137b6a7e,,word,glas,голос,Іменник (чол. рід),,2026-09-30 19:46:32.987066+00,A2,2850
9730d400-82eb-4472-b61d-aa979e7cf398,,word,svojeglav,впертий,Якісний прикметник,,2026-09-30 19:37:28.32227+00,B1,2310
97362ea2-73b0-413d-881a-571696ed3a76,,word,blagajnik,касир,Іменник (чол. рід),,2026-09-30 19:13:58.595598+00,A2,1697
974d08e2-d747-435b-83b3-27bf672d46df,,word,tvrdoglav,впертий,Якісний прикметник,,2026-09-30 19:37:28.32227+00,B1,2311
9750ffe4-fde4-44dc-a955-2073afa4d7c4,,word,pobjednik,переможець,Іменник (чол. рід),,2026-09-30 19:07:18.68248+00,A2,1047
975fee24-d2b4-4160-892e-5ff40c639183,,word,naprijed,вперед,Прислівник,,2026-09-30 19:37:28.32227+00,A1,2388
976655a3-12a1-4696-be23-53883edf13d9,,word,uspjeh,успіх,Іменник (чол. рід),,2026-09-30 18:53:00.692622+00,B1,383
97696fb0-66e1-4b08-9770-446de1d0f9b6,,word,vrijednost,цінність,Іменник (жін. рід),,2026-09-30 19:43:27.289764+00,B1,2731
97994335-d2ab-407f-9d47-716c13621dd8,,word,sat,годинник,Іменник (чол. рід),,2026-09-30 19:11:45.674946+00,A1,1430
97aff18b-526e-4229-94c4-21cff4bd5d09,,word,novčanik,гаманець,Іменник (чол. рід),,2026-09-30 19:11:45.674946+00,A2,1496
97c7c141-e1c4-42e2-b6f2-fcabc51d9436,,word,dati,дати,Дієслово передачі,,2026-09-30 18:47:44.824275+00,A1,42
97d576e7-ec06-403d-914e-fcbda3b2275d,,word,osoblje,персонал,Іменник (сер. рід),,2026-09-30 19:46:32.987066+00,B1,2817
98007ad0-b0f8-4790-ad0c-c62d6f59f61f,,word,narod,народ,Іменник (чол. рід),,2026-09-30 19:09:45.971373+00,A2,1281
98423aab-dcc9-4b5e-961f-57cb74e7db7b,,word,visina,висота,Іменник (жін. рід),,2026-09-30 18:54:20.802874+00,A2,407
98543e95-6e40-4b4d-8c1d-e258bb243138,,word,poricati,заперечувати,Дієслово,,2026-09-30 19:43:27.289764+00,B1,2523
9856198a-4455-42a8-925a-8700a7a5bb49,,word,suživot,співжиття,Іменник (чол. рід),,2026-09-30 19:34:28.835177+00,B1,2153
98718214-e602-4803-aef2-5ee079d97269,,word,okoliš,довкілля,Іменник (чол. рід),,2026-09-30 19:09:45.971373+00,B1,1216
98a69274-d54d-4d2f-843d-dc4fc6fc33d1,,word,trgovina,торгівля,Іменник (жін. рід),,2026-09-30 19:16:18.104507+00,A1,1870
98bfe453-9bea-4ef6-96cc-59598570994e,,phrase,pravilo igre,правило гри,Вираз,,2026-09-30 19:09:45.971373+00,A2,1159
9912a45f-1a40-452f-b62d-e44223465f50,,word,prijateljica,подруга,Іменник (жін. рід),,2026-09-30 19:09:45.971373+00,A1,1272
991eccdd-3e71-4500-830c-dd442bb845ee,,word,škola,школа,Іменник (жін. рід),,2026-09-30 19:09:45.971373+00,A1,1138
99216666-2a6c-4f42-bdd3-d3473b03ad12,,word,suvlasnik,співвласник,Іменник (чол. рід),,2026-09-30 19:11:45.674946+00,B1,1313
993a5c0d-5972-45d7-8119-8c6930da8340,,word,nepažljiv,неуважний,Якісний прикметник,,2026-09-30 19:43:27.289764+00,B1,2316
993c6f74-25bb-4e45-953a-63e107384701,,word,okolo,навколо,Прислівник,,2026-09-30 19:37:28.32227+00,A2,2396
99aadfd5-ce1e-4dc7-8255-4a7c5b0997d4,,word,čamac,човен,Іменник (чол. рід),,2026-09-30 19:11:45.674946+00,A2,1363
99b4d2f7-31bb-4279-a203-97f8a64846be,,word,ići,йти,Дієслово руху,,2026-09-30 18:47:44.824275+00,A1,43
99dd8314-2747-4d55-8416-5005c7f2f09e,,word,ljutnja,злість,Іменник (жін. рід),,2026-09-30 18:55:51.229682+00,B1,521
9a138f31-0175-4cac-93fd-b0c9b7c37f05,,word,razgovarati,розмовляти,Дієслово комунікації,,2026-09-30 18:50:08.476847+00,A1,196
9a258725-b54e-4ddb-b2a9-58ec75200f92,,word,građevinarstvo,будівництво,Іменник (сер. рід),,2026-09-30 19:16:18.104507+00,B1,1864
9a39ab4c-31ad-4db7-a048-fb374a9419d5,,word,razina,рівень,Іменник (жін. рід),,2026-09-30 19:34:28.835177+00,B1,2189
9a59235c-2a60-4165-9419-a709973254c2,,word,vrijeme,погода,Іменник (сер. рід),,2026-09-30 19:34:28.835177+00,A1,2203
9aa76599-4ab6-436f-b85f-262eea218e7b,,word,kvaliteta,якість,Іменник (жін. рід),,2026-09-30 19:43:27.289764+00,A2,2737
9ab39a19-dd6e-4501-b55b-9bd4e6b38e6d,,word,konzulat,консульство,Іменник (чол. рід),,2026-09-30 19:16:11.208603+00,B1,1598
9ad1fd54-86eb-4132-b674-0d3c6d0d47fb,,word,inflacija,інфляція,Іменник (жін. рід),,2026-09-30 19:16:11.208603+00,B1,1673
9b18f970-07a0-4d4f-b177-132d21b52afc,aef634c7-836d-4d7d-9ae4-41fa0012b5b3,word,hitna,швидка допомога,[хі́тна],,2026-09-30 11:18:04.076329+00,A1,100
9b19171e-964f-43c2-9787-56c3d66e2d54,,word,uplašiti se,злякатися,Зворотне дієслово,,2026-09-30 19:37:28.32227+00,A2,2494
9b1bdf30-8b7b-443b-bfe1-cf80db606dce,,word,dar,"дар, подарунок",Іменник (чол. рід),,2026-09-30 19:43:27.289764+00,A2,2723
9b236da2-d379-4368-bef0-e76527686bdb,,word,majstor,майстер,Іменник (чол. рід),,2026-09-30 19:46:32.987066+00,A2,2911
9b2ee317-56bd-4753-ae4d-5ccc03d0ce0b,,word,pijesok,пісок,Іменник (чол. рід),,2026-09-30 19:46:32.987066+00,A2,2964
9b659d51-cdfd-4aac-bc43-752d895b0c64,,word,uzbuna,тривога,Іменник (жін. рід),,2026-09-30 19:13:58.595598+00,B1,1648
9b987305-48d5-4e08-9026-91b522468356,,word,običan,звичайний,Якісний прикметник,,2026-09-30 19:02:53.78951+00,A2,749
9bab53f6-993b-42b9-baca-da669e639b5d,,word,uporan,наполегливий,Якісний прикметник,,2026-09-30 19:37:28.32227+00,B1,2312
9bce2e80-9534-47db-aed5-ed260d88d506,,word,smjer,напрямок,Іменник (чол. рід),,2026-09-30 18:57:19.23543+00,A2,666
9c253a25-1a12-4f56-a3bd-99c1b218cc88,,word,držati,тримати,Дієслово стану,,2026-09-30 18:47:44.824275+00,A1,49
9c3807ea-48e3-4344-a936-49e9b1e2fcc5,,word,vozilo,транспортний засіб,Іменник (сер. рід),,2026-09-30 19:11:45.674946+00,A2,1352
9c4090be-ecc5-45cc-9deb-a50f597b0552,,word,mokar,мокрий,Якісний прикметник,,2026-09-30 19:34:28.835177+00,A2,2256
9c49a347-2608-41a9-83ac-0074fdb12ed5,,word,urediti,"прибрати, упорядкувати",Дієслово,,2026-09-30 19:43:27.289764+00,A2,2553
9c4bae99-6a15-426c-8344-29036bcd2e9b,,word,kašalj,кашель,Іменник (чол. рід),,2026-09-30 19:16:11.208603+00,A2,1532
9c5807b9-ed43-428b-9800-3a4916da47b1,,word,topao,теплий,Якісний прикметник,,2026-09-30 19:34:28.835177+00,A1,2258
9c7e7130-8cd4-49fb-bd59-3e0ebddc191d,,word,obitelj,сім'я,Іменник (жін. рід),,2026-09-30 19:46:32.987066+00,A1,2993
9c7ebd14-d87a-4881-bbb5-37dcafa18560,,word,stranac,іноземець,Іменник (чол. рід),,2026-09-30 18:55:51.229682+00,A2,546
9c91f7ef-528e-419d-9f48-866f2975c45c,,word,pržiti,смажити,Дієслово,,2026-09-30 19:23:19.225661+00,A2,1917
9c92204a-a23d-4f69-8d32-ccf5531be896,,word,valjanost,дійсність (документа),Іменник (жін. рід),,2026-09-30 19:13:58.595598+00,B1,1580
9cb64599-8399-4347-b934-27c4f1e08282,,word,torbica,сумочка,Іменник (жін. рід),,2026-09-30 19:11:45.674946+00,A1,1495
9cbaabe5-7367-4185-bd20-50014995362b,,word,kriminalac,злочинець,Іменник (чол. рід),,2026-09-30 19:11:45.674946+00,B1,1345
9ccd2bfa-8595-4ca7-995b-cf9ef66c05be,,word,cilj,мета,Іменник (чол. рід),,2026-09-30 19:43:27.289764+00,A2,2694
9ce4987b-f46d-41ac-9c5d-87be8a94cc53,,word,država,держава,Іменник (жін. рід),,2026-09-30 18:53:00.692622+00,A2,337
9ceb78e0-6d91-45de-9c5f-db55d49e1c1f,,word,kustos,куратор,Іменник (чол. рід),,2026-09-30 19:16:18.104507+00,B1,1898
9cebb92b-db36-4f85-821e-58bc4a65e3ad,,word,uskladiti,узгодити,Дієслово,,2026-09-30 19:23:19.225661+00,B1,2054
9d28b08a-87b0-4b06-aadd-f2ed4e8e6cb4,,word,logika,логіка,Іменник (жін. рід),,2026-09-30 19:16:18.104507+00,B1,1848
9d35460b-3d48-4df1-9261-29d95e0673fa,,word,znati,знати,Дієслово,,2026-09-30 19:43:27.289764+00,A1,2581
9d3ed9cb-69e2-43ee-b092-3792f2e769d8,,word,kako,як,Питальний прислівник образу дії,,2026-09-30 18:47:44.824275+00,A1,33
9d664629-d19d-4064-9f43-0e521d19160f,,word,bitka,битва,Іменник (жін. рід),,2026-09-30 19:02:53.78951+00,B1,783
9d6700f4-eea4-41bc-beab-0d79225560d5,,word,osjetiti bol,відчути біль,Вираз,,2026-09-30 19:43:27.289764+00,A2,2643
9d6b9d66-01d4-4192-9fa5-44281366c45a,,word,razmisliti,роздумати,Дієслово,,2026-09-30 19:34:28.835177+00,A2,2122
9da4faca-9356-48d1-8ec0-ef74dc54aa85,,word,vijest,новина,Іменник (жін. рід),,2026-09-30 19:07:18.68248+00,A2,971
9db367fb-b509-4db2-b3c8-c1d5777901a6,,word,konačno,нарешті,Прислівник,,2026-09-30 18:54:20.802874+00,A2,426
9dd845cc-f204-4325-a542-637023ebd779,,word,mokar,мокрий,Якісний прикметник,,2026-09-30 19:02:53.78951+00,A2,736
9dfb496b-9955-446d-8d35-92580d5f9e5f,,word,uživati,насолоджуватися,Дієслово,,2026-09-30 19:23:19.225661+00,A2,2040
9e13d977-1e56-45fa-9731-1173d5b043ed,,word,uplata,"платіж, внесок",Іменник (жін. рід),,2026-09-30 19:16:11.208603+00,A2,1683
9e441c05-67a6-407c-8071-047b344485a8,,word,čist,чистий,Якісний прикметник,,2026-09-30 18:50:08.476847+00,A1,144
9e54e1ce-b4e0-436b-acd4-9c4868f73466,,word,iskustvo,досвід,Іменник (сер. рід),,2026-09-30 19:43:27.289764+00,B1,2719
9e591e9b-dee9-481b-be61-9334aafbd7ee,,word,развој,розвиток,Іменник (чол. рід),,2026-09-30 19:07:18.68248+00,B1,960
9e66c4b4-d6b8-4c7e-a5e3-0e189a034d47,,word,dug,борг,Іменник (чол. рід),,2026-09-30 19:09:45.971373+00,A2,1189
9e7bafdb-cf1f-4145-bfaa-b38d98df8b97,,word,rudarstvo,гірництво,Іменник (сер. рід),,2026-09-30 19:16:18.104507+00,B1,1868
9ead350a-c27b-4c2d-86b1-963c083763ba,,word,odbijenica,відмова (письмова),Іменник (жін. рід),,2026-09-30 19:13:58.595598+00,B1,1576
9eb1152b-ab77-4641-8471-94243f7149b3,,word,dva,два,Числівник,,2026-09-30 18:51:44.601106+00,A1,267
9eefaad6-6185-4cf8-96ab-2e17b9f0e699,,word,ubrzanje,прискорення,Іменник (сер. рід),,2026-09-30 19:16:18.104507+00,B1,1826
9ef2a5cf-5d60-4c0b-afe5-c4da444d2114,,word,jezero,озеро,Іменник (сер. рід),,2026-09-30 19:09:45.971373+00,A2,1235
9ef470f0-114f-49d6-8917-b84148a02d59,,word,sloboda,свобода,Іменник (жін. рід),,2026-09-30 19:43:27.289764+00,B1,2669
9f18a2f2-f9bc-4a43-a286-f192d94d8609,,word,konobar,офіціант,Іменник (чол. рід),,2026-09-30 18:55:51.229682+00,A1,584
9f2f2826-0739-4f6b-b9e6-37323e838423,,word,natrag,назад,Прислівник,,2026-09-30 19:37:28.32227+00,A1,2389
9f47692b-3200-4821-a0a0-4830b25dae6f,,word,stupanj,ступінь,Іменник (чол. рід),,2026-09-30 19:07:18.68248+00,B1,996
9f7e5164-3fed-47a3-92ab-a60571c667b4,,word,gost,гість,Іменник (чол. рід),,2026-09-30 19:07:18.68248+00,A1,1072
9f928fb4-5b07-4f23-a3bf-01a06d93d8b4,,word,preživjeti,пережити,Дієслово,,2026-09-30 19:34:28.835177+00,B1,2106
9faf5bf0-7743-455a-abec-c76be8151fc7,,word,sudstvo,судова система,Іменник (сер. рід),,2026-09-30 19:43:27.289764+00,B1,2423
9fbdb5e0-d44b-4e96-8b81-d3a6233dd5f7,,word,napad,напад,Іменник (чол. рід),,2026-09-30 19:43:27.289764+00,B1,2429
9fc0c018-165b-4501-9740-ceb3afbcee38,,word,narukvica,браслет,Іменник (жін. рід),,2026-09-30 19:16:11.208603+00,A2,1502
9fc8cd80-a4e7-476a-807f-3bb210974d2b,,word,ubrzati,прискорити,Дієслово,,2026-09-30 19:43:27.289764+00,B1,2535
9ff00866-a53c-4fcb-9a9d-e9bde2960a73,,word,zatvoren,закритий,Якісний прикметник,,2026-09-30 18:57:19.23543+00,A2,628
a001f704-587c-441b-bbcc-3d1f06a9f66d,,word,kompleksnost,комплексність,Іменник (жін. рід),,2026-09-30 19:34:28.835177+00,B1,2176
a0286ea3-9d34-4ae6-b15a-d3f18afa70fd,,word,tlak,тиск,Іменник (чол. рід),,2026-09-30 19:34:28.835177+00,B1,2209
a0362825-ce84-4496-b2ab-f537b28e7d73,,word,priča,розповідь,Іменник (жін. рід),,2026-09-30 19:16:18.104507+00,A1,1882
a044ee3c-698b-4378-87f3-7c92120641b9,,word,nazočiti,бути присутнім,Дієслово,,2026-09-30 19:43:27.289764+00,B1,2453
a05ee4ec-232f-48a3-8519-17e37dca6467,,word,roman,роман,Іменник (чол. рід),,2026-09-30 19:16:18.104507+00,B1,1881
a0a7f365-41dd-42d2-b870-2425246c21ec,,word,spisi,"документи, справи","Іменник (чол. рід, мн.)",,2026-09-30 19:13:58.595598+00,B1,1563
a0c3ebd3-30c2-455d-885f-e7b629be671e,,word,koalicija,коаліція,Іменник (жін. рід),,2026-09-30 19:43:27.289764+00,B1,2436
a0c7c879-abc9-4334-8516-c8a3f6212313,,word,štednjak,плита (кухонна),Іменник (чол. рід),,2026-09-30 19:11:45.674946+00,A2,1433
a0ce20af-d7f8-4326-acbd-f80354dc5915,,word,život,життя,Іменник,,2026-09-30 18:47:44.824275+00,A1,71
a0da6121-ac33-46f1-b658-4741410d1068,,word,pametan,розумний,Якісний прикметник,,2026-09-30 19:37:28.32227+00,A2,2345
a0e66a70-9b01-4bc8-a8c7-ee8c5f52d131,,word,sol,сіль,Іменник (жін. рід),,2026-09-30 18:51:44.601106+00,A2,239
a0eeff9e-eb4b-445e-8208-5110b79ba63e,,word,živjeti,жити,Дієслово стану,,2026-09-30 18:47:44.824275+00,A1,44
a0f3d7cf-a154-4e50-8b49-c5f6ef5fe1ab,,word,obavijest,повідомлення,Іменник (жін. рід),,2026-09-30 19:46:32.987066+00,B1,2839
a0f768a9-f737-49f5-8721-f7fa8c8d28dd,,word,hotel,готель,Іменник (чол. рід),,2026-09-30 18:51:44.601106+00,A1,205
a104dc3d-ab47-49fe-aff7-15c0a0795896,,word,zadatak,завдання,Іменник (чол. рід),,2026-09-30 19:43:27.289764+00,A2,2693
a10f1b6a-f9b9-48ae-92d3-6581d6f8dd09,,word,međutim,"проте, однак",Сполучник,,2026-09-30 19:37:28.32227+00,B1,2355
a1266496-5cb0-4ba3-9227-90b76007018c,,word,birokracija,бюрократія,Іменник (жін. рід),,2026-09-30 19:37:28.32227+00,B1,2416
a12ff6cf-1ebf-476b-a8a2-459c768b9bd2,,word,manifestacija,маніфестація,Іменник (жін. рід),,2026-09-30 19:43:27.289764+00,B1,2444
a1559a5d-e285-494b-a060-a5620a215784,,word,županija,жупанія (область),Іменник (жін. рід),,2026-09-30 19:16:11.208603+00,B1,1595
a161a089-f202-4aa6-8763-bfc130a08e93,9e3f6972-10fa-4c25-8fed-80a5148f5c44,word,što,що,[што],,2026-09-30 11:18:02.743916+00,A1,100
a18425b3-381e-40f9-82dc-ffffc6105ea5,,word,studij,навчання в університеті,Іменник (чол. рід),,2026-09-30 19:09:45.971373+00,A2,1142
a18e32c0-8cef-4f83-9e45-e70245b415f6,,word,sportaš,спортсмен,Іменник (чол. рід),,2026-09-30 18:55:51.229682+00,A2,541
a19e4d26-4a67-41f0-96ff-db05b822adce,,word,odmor,відпочинок,Іменник (чол. рід),,2026-09-30 19:07:18.68248+00,A2,1041
a1a0e2e9-7861-4892-ad0b-d427e0848216,,word,organizirati,організувати,Дієслово,,2026-09-30 19:43:27.289764+00,A2,2556
a1b88881-65fa-4a23-98da-b5f0ec0809eb,,word,soba,кімната,Іменник (жін. рід),,2026-09-30 18:53:00.692622+00,A1,316
a1b8e26c-5a67-460a-8b1f-b9fa465d8250,,word,plivati,плавати,Дієслово,,2026-09-30 19:23:19.225661+00,A2,1904
a1e379c5-a091-4993-be70-5a0419fd50f6,,word,gibak,гнучкий,Якісний прикметник,,2026-09-30 19:34:28.835177+00,B1,2243
a20aecf1-ff85-4ec6-a0ab-93218bc24cf5,,word,tužiteljstvo,прокуратура,Іменник (сер. рід),,2026-09-30 19:43:27.289764+00,B1,2424
a20b87eb-37c0-4269-9c05-0d9a613b0a24,,word,šok,шок,Іменник (чол. рід),,2026-09-30 19:07:18.68248+00,A2,1039
a2155a31-df51-4795-a166-8f9b756a8c91,,word,jak,сильний,Якісний прикметник,,2026-09-30 19:34:28.835177+00,A1,2285
a216df0d-ecdc-430b-8527-33904de230dd,,word,praznik,"свято, вихідний",Іменник (чол. рід),,2026-09-30 18:53:00.692622+00,A2,363
a2194a93-22f7-4e60-a9a2-e24f28e71179,,word,kupiti,купити,Дієслово побутове,,2026-09-30 18:50:08.476847+00,A1,160
a21a1983-894c-4846-9bdc-b91775df10cc,,word,također,також,Прислівник,,2026-09-30 18:50:08.476847+00,A1,129
a22aa2c8-e84e-4b66-8c4c-8e97987789be,,word,konačno,нарешті,Прислівник,,2026-09-30 19:43:27.289764+00,A2,2365
a22fbf74-5d18-49d4-b18b-6c7d825e22ca,,word,kukavan,боягузливий,Якісний прикметник,,2026-09-30 18:57:19.23543+00,B1,602
a289c139-045f-41ad-85f5-248c63d2e495,,word,snage,сили (військові/поліцейські),"Іменник (жін. рід, мн.)",,2026-09-30 19:13:58.595598+00,B1,1642
a2989d52-c725-405f-8995-678026c691df,,word,nebo,небо,Іменник (сер. рід),,2026-09-30 19:46:32.987066+00,A1,2960
a2af4505-3d6c-46d2-aa97-994ed94d66b8,,word,dubok,глибокий,Якісний прикметник,,2026-09-30 19:02:53.78951+00,A2,729
a2b153cd-6855-4680-918e-9c804191488f,,word,more,море,Іменник (сер. рід),,2026-09-30 19:46:32.987066+00,A1,2971
a2bb0e1e-24f5-4d9d-890d-f6b448137388,,word,kvantiteta,кількість,Іменник (жін. рід),,2026-09-30 19:16:18.104507+00,B1,1738
a2efff11-b721-4eec-a3ce-0076ef12171d,,word,značaj,значення,Іменник (чол. рід),,2026-09-30 19:34:28.835177+00,B1,2170
a2fd7afd-d31d-467f-ae6f-77a3d44b44f0,,word,cijeli,цілий,Означальний прикметник,,2026-09-30 18:57:19.23543+00,A2,631
a30e2dd7-63eb-4df7-9eec-6fe2758c0585,,word,otrčati,побігти,Дієслово,,2026-09-30 19:37:28.32227+00,B1,2465
a317f28f-655d-48ca-b2b0-ec6879caf6b2,,word,pomilovanje,помилування,Іменник (сер. рід),,2026-09-30 19:16:11.208603+00,B1,1627
a31f4860-a646-4383-aac9-64be5968154b,,word,investitor,інвестор,Іменник (чол. рід),,2026-09-30 19:11:45.674946+00,B1,1308
a32e65a4-c09a-4821-8fcb-ddd1eb2d2d31,,word,mir,мир,Іменник (чол. рід),,2026-09-30 19:13:58.595598+00,A2,1629
a3447396-dbb2-4f09-a1ef-943c665ad183,,word,prtljaga,багаж,Іменник (жін. рід),,2026-09-30 19:46:32.987066+00,A2,2802
a3514a43-826a-49ba-87a6-230b33a5e9af,,word,ugovor,договір,Іменник (чол. рід),,2026-09-30 19:13:58.595598+00,A2,1558
a387a825-f471-4f53-844b-384ae56696ff,,word,šetati,гуляти,Дієслово руху,,2026-09-30 18:50:08.476847+00,A1,171
a387abfe-7140-4078-b3ce-62dc79182779,cdbe8d84-ac8f-4a14-850b-f3d49dab1e9a,phrase,Izgubio sam ključ.,Я загубив ключ.,[Ізгу́біо сам клю́ч],,2026-09-30 11:18:03.738799+00,A1,100
a3a4391a-e239-4aed-879f-79046cce956b,,word,leći,лягти,Дієслово,,2026-09-30 19:23:19.225661+00,A2,1910
a3a9018b-e755-4f89-a838-b33ffcd404f1,,word,skriti se,сховатися,Зворотне дієслово,,2026-09-30 19:43:27.289764+00,B1,2487
a3b57b38-0088-4f69-97ab-fc1ff38bcc66,,word,savjetovati,радити,Дієслово,,2026-09-30 19:07:18.68248+00,B1,907
a3ba56d2-9bd9-4302-bfb4-fe64ffedfcf7,,word,šal,шарф,Іменник (чол. рід),,2026-09-30 19:11:45.674946+00,A2,1485
a3c0eccd-0c8f-4dfb-80ac-3817f07f2a1e,,word,pasta,зубна паста,Іменник (жін. рід),,2026-09-30 19:11:45.674946+00,A1,1460
a3c5adbb-2af3-4f89-bf5b-69451751e9c3,,word,razumjeti,розуміти,Дієслово,,2026-09-30 19:34:28.835177+00,A1,2125
a3c8a133-6819-4d26-aa77-38221b273ec8,,word,direktor,директор,Іменник (чол. рід),,2026-09-30 19:11:45.674946+00,A2,1309
a3d42cf4-2b42-46a5-a25e-2e89eef8992a,,word,momak,хлопець,Іменник (чол. рід),,2026-09-30 19:09:45.971373+00,A2,1256
a3dfc2f3-c772-4581-a577-e82a666b5813,,word,smeće,сміття,Іменник (сер. рід),,2026-09-30 19:11:45.674946+00,A2,1468
a3e909c9-1b39-4a26-b843-cc9393ea24cd,,word,rastaviti,"розібрати, розлучити",Дієслово,,2026-09-30 19:43:27.289764+00,B1,2545
a3f37e93-160d-4362-b521-8e503b36e745,,word,možda,можливо,Прислівник,,2026-09-30 19:37:28.32227+00,A1,2379
a3f4bda9-de45-45ac-a277-191514d1fa4f,6a50fa7b-a8d3-4cde-9039-ad17309ed1e2,word,sok,сік,[сок],,2026-09-30 11:18:03.287284+00,A1,100
a3f768e9-3e83-4f63-98c4-129dc3f19959,,word,vječnost,вічність,Іменник (жін. рід),,2026-09-30 19:46:32.987066+00,B1,2754
a3f7edeb-5cb2-4847-a493-c8b62dc6b40e,,word,vijest,новина,Іменник (жін. рід),,2026-09-30 19:07:18.68248+00,A2,1098
a411abb1-2f9c-4cd2-b920-6505ec542584,,word,java,"ява, дійсність",Іменник (жін. рід),,2026-09-30 18:55:51.229682+00,B1,525
a4186403-3a5e-480b-84a5-2e4cdbcdddd6,,word,tvrdoglav,впертий,Якісний прикметник,,2026-09-30 19:43:27.289764+00,B1,2311
a41e5391-dc13-4d47-9098-3040bbf4b864,,word,spašavanje,порятунок,Іменник (сер. рід),,2026-09-30 19:13:58.595598+00,B1,1639
a41e5860-3526-4863-9518-8f01765c83a6,,word,slobodno vrijeme,віільний час,Вираз / Іменник,,2026-09-30 18:53:00.692622+00,A2,398
a4296fe0-19d8-42d9-8d82-d9fb00460a44,6a50fa7b-a8d3-4cde-9039-ad17309ed1e2,dialogue_line,"Gost: Ne, hvala. Samo račun poslije.","Ні, дякую. Тільки рахунок потім.",,,2026-09-30 11:18:03.287284+00,A1,100
a43c8a5c-0d64-40fc-8470-f439424e868c,,word,sjediti,сидіти,Дієслово стану,,2026-09-30 18:50:08.476847+00,A1,166
a4432986-9090-4f6d-b756-a9ab6bd554f6,,,stan,квартира,Житлові умови,,2026-09-30 17:57:26.656448+00,A2,802
a4830169-5657-4c36-8c55-a0938715e7cd,,word,uvjerenje,"свідоцтво, довідка",Іменник (сер. рід),,2026-09-30 19:16:11.208603+00,B1,1591
a49088c2-f3b0-4597-a37d-cde30ef5b24e,,word,tržište,ринок,Іменник (сер. рід),,2026-09-30 18:55:51.229682+00,B1,559
a4aaec4f-978b-49f2-a5c5-48f29a82743b,,word,koristan,корисний,Якісний прикметник,,2026-09-30 19:43:27.289764+00,A2,2335
a4ad77f2-0157-42a5-b161-0b337450d0d6,,word,porez,податок,Іменник (чол. рід),,2026-09-30 19:46:32.987066+00,A2,2919
a4b69108-3ac6-465d-a9fd-a58c242d7cce,,word,veljača,лютий,Іменник (жін. рід),,2026-09-30 18:51:44.601106+00,A2,255
a4ca0b23-283d-4e55-a428-32952a5d20b6,,word,putovnica,паспорт,Іменник (жін. рід),,2026-09-30 19:46:32.987066+00,A2,2806
a4da1000-8ae7-45bd-b093-e025c6eb8410,,word,cvijet,квітка,Іменник (чол. рід),,2026-09-30 18:51:44.601106+00,A2,222
a4e22d06-58f2-4b73-9330-7950cfd579f2,,word,poduzetnik,підприємець,Іменник (чол. рід),,2026-09-30 19:11:45.674946+00,A2,1307
a4ea02d0-af2c-4042-a72e-6c011ef493cd,,word,trošiti,витрачати,Дієслово,,2026-09-30 19:23:19.225661+00,A2,1924
a4f28cf7-eff0-4c68-8c4f-1f0dc6c94722,,word,radišan,трудолюбний,Якісний прикметник,,2026-09-30 19:43:27.289764+00,B1,2304
a523e163-1fcd-40a7-b6b0-fee77676034f,,word,Ustav,Конституція,Іменник (чол. рід),,2026-09-30 19:13:58.595598+00,B1,1605
a52859dd-cdb6-4731-ad4b-4d2f5b0c486b,,word,proračun,бюджет,Іменник (чол. рід),,2026-09-30 19:09:45.971373+00,B1,1182
a530ba9c-e3d0-4e25-94ed-61e99f03881b,,word,sretan,щасливий,Якісний прикметник,,2026-09-30 18:50:08.476847+00,A1,149
a56554f9-b2b1-4b76-874d-43a59e4d5ccc,,word,zasigurno,безперечно,Прислівник,,2026-09-30 19:43:27.289764+00,B1,2377
a566f59b-ebf5-4343-9ea0-6d33004f0215,,word,vozač,водій,Іменник (чол. рід),,2026-09-30 19:11:45.674946+00,A2,1322
a5743f54-47b8-4fac-a80b-7925bae748cc,,word,odgovor,відповідь,Іменник,,2026-09-30 18:47:44.824275+00,A1,89
a584b687-1c99-4de7-ac3f-bddf70e5c97b,cdbe8d84-ac8f-4a14-850b-f3d49dab1e9a,dialogue_line,Stanar: Dobar dan. Imamo problem u stanu. Internet uopće ne radi.,Добрий день. У нас проблема у квартирі. Інтернет зовсім не працює.,,,2026-09-30 11:18:03.738799+00,A1,100
a586e5f8-af8f-4574-a73a-5eec7b9090d5,,word,značenje,значення,Іменник (сер. рід),,2026-09-30 19:46:32.987066+00,B1,2869
a5a6293c-ca00-486b-93f4-36c077bc7c79,,word,propis,"правило, припис",Іменник (чол. рід),,2026-09-30 19:16:11.208603+00,B1,1610
a5d0bab7-5c09-446c-9bc9-45ad66caec00,,word,djevojka,дівчина,Іменник (жін. рід),,2026-09-30 19:46:32.987066+00,A1,2992
a5dfc8f4-5d62-4692-ae11-bf35cabb2435,,word,ljekarna,аптека,Іменник (жін. рід),,2026-09-30 18:51:44.601106+00,A1,211
a604ebe1-7c34-4365-b147-e17a701dcc49,,word,toplina,тепло,Іменник (жін. рід),,2026-09-30 19:34:28.835177+00,A2,2205
a612ba2b-aa37-4c05-b3ae-6c177939462e,,word,planirati,планувати,Дієслово,,2026-09-30 19:43:27.289764+00,A2,2557
a631bad9-8e56-499b-9555-68754e3619b6,,word,program,програма,Іменник (чол. рід),,2026-09-30 19:07:18.68248+00,A2,955
a6332cfb-5823-4306-8f30-9e3faeb0e8c9,,word,dubina,глибина,Іменник (жін. рід),,2026-09-30 18:54:20.802874+00,A2,408
a63c283e-3c57-4249-95b3-9cb9e8499ff3,,word,večer,вечір,Іменник (жін. рід),,2026-09-30 18:51:44.601106+00,A1,242
a65bfbbe-6f8d-4fc5-98f0-f9c1ff8fffc3,,word,dogovor,домовленість,Іменник (чол. рід),,2026-09-30 19:05:19.501424+00,A2,845
a6676b4f-b5f6-4510-87dd-c63d11adf154,,word,pacijent,пацієнт,Іменник (чол. рід),,2026-09-30 19:13:58.595598+00,A2,1549
a6742f56-ca43-4b5a-8a1b-f3f8756c2552,,word,kamen,камінь,Іменник (чол. рід),,2026-09-30 19:46:32.987066+00,A2,2963
a68d3638-1ea8-4884-b2e8-29e662a9cded,,word,stav,"ставлення, позиція",Іменник (чол. рід),,2026-09-30 19:43:27.289764+00,B1,2728
a68db11c-9cf7-444c-b368-349a9022374f,,word,nestabilan,нестабільний,Прикметник,,2026-09-30 19:34:28.835177+00,B1,2236
a694ff30-8808-41b5-baf4-f85d75d50db7,,word,imati,мати,Дієслово володіння,,2026-09-30 18:47:44.824275+00,A1,6
a69c4286-7c51-4acf-a687-6bd674477f70,,word,dati,дати,Дієслово,,2026-09-30 19:23:19.225661+00,A1,1929
a6adcafc-0d0a-4fdc-bf4f-ee7f03e44f2d,,word,pjevati,співати,Дієслово,,2026-09-30 19:23:19.225661+00,A1,1950
a6b4c694-b24f-4376-9077-f9220dd890cd,,word,lakoća,легкість,Іменник (жін. рід),,2026-09-30 19:34:28.835177+00,B1,2173
a6c14a64-2bac-441a-aacc-25eedd7980e2,,word,jesti,їсти,Дієслово побутове,,2026-09-30 18:47:44.824275+00,A1,54
a6c4846e-7b15-4aaa-a117-b2d2358b1581,,word,reći,сказати,Дієслово,,2026-09-30 19:23:19.225661+00,A1,1943
a6e7de94-878d-4386-a6fb-a5e1c0ecb303,,word,porota,присяжні,Іменник (жін. рід),,2026-09-30 19:16:11.208603+00,B1,1618
a6f13c21-e472-4099-bb96-fe2872143068,aef634c7-836d-4d7d-9ae4-41fa0012b5b3,word,trbuh,живіт,[тр́бух],,2026-09-30 11:18:04.076329+00,A1,100
a71b5763-b317-408f-b209-542f4bca4aae,,word,nepoznat,невідомий,Якісний прикметник,,2026-09-30 19:02:53.78951+00,A2,747
a7247ab5-01d6-4dfa-837d-1c8127b7884e,,word,hladnoća,холод,Іменник (жін. рід),,2026-09-30 19:34:28.835177+00,A2,2206
a725f05d-6cd4-4a80-86d8-ea6b6a2ff841,,word,isporučiti,доставити,Дієслово,,2026-09-30 19:23:19.225661+00,B1,2092
a74afa8d-7b48-4622-a588-aa5125771f65,,word,turizam,туризм,Іменник (чол. рід),,2026-09-30 19:13:58.595598+00,A2,1654
a756782b-1445-4dd3-8a96-2521376a91ce,,word,rukavice,рукавички,"Іменник (жін. рід, мн.)",,2026-09-30 19:11:45.674946+00,A2,1488
a75e28df-bbe5-4221-a3da-7f4a11545b6b,,word,optika,оптика,Іменник (жін. рід),,2026-09-30 19:16:18.104507+00,B1,1837
a76ba97d-f25e-4884-9363-1c96bbc454a1,,word,haljina,сукня,Іменник (жін. рід),,2026-09-30 18:53:00.692622+00,A1,303
a785dfa5-1ea1-42d0-8518-26153f77332e,,word,krivnja,провина,Іменник (жін. рід),,2026-09-30 19:13:58.595598+00,B1,1613
a79753ae-27e2-444a-9319-4705a3e92410,,word,šapat,шепіт,Іменник (чол. рід),,2026-09-30 18:57:19.23543+00,B1,687
a7a89d3c-0bef-4592-b3b8-fc1413c59acd,,word,tugovati,сумувати,Дієслово,,2026-09-30 19:43:27.289764+00,B1,2624
a7b92826-5b47-441e-9320-a66eb79c49a6,,word,mastan,"масний, жирний",Якісний прикметник,,2026-09-30 19:34:28.835177+00,B1,2254
a7c1ea84-92c4-47cc-beec-e1a09c240b33,9e3f6972-10fa-4c25-8fed-80a5148f5c44,word,molim,будь ласка,[мо́лім],,2026-09-30 11:18:02.743916+00,A1,100
a7ce33b3-7134-4057-abc1-9761784b4f0c,,word,kolodvor,вокзал,Іменник (чол. рід),,2026-09-30 19:11:45.674946+00,A2,1379
a7d50c64-bbfb-4152-8902-3ae2fef3db79,,word,kroz,"через, крізь",Прийменик,,2026-09-30 18:54:20.802874+00,A2,460
a7dd9ab7-a901-4a0c-ae17-5071c115575c,,word,blizu,близько,Прийменик / прислівник,,2026-09-30 18:54:20.802874+00,A1,437
a7f74726-82e7-4c23-810c-eee752cbcc55,,word,očigledan,очевидний,Прикметник,,2026-09-30 19:02:53.78951+00,B1,744
a7fa3e13-f2bd-4f9c-8204-eb76263ff834,,word,uspjeh,успіх,Іменник (чол. рід),,2026-09-30 19:46:32.987066+00,A2,2793
a7fa69bb-6251-4d24-a234-9c2e27932986,,word,promet,трафік,Іменник (чол. рід),,2026-09-30 19:16:18.104507+00,B1,1786
a86862f4-ac6d-4c86-8cb6-62396b83d21d,cdbe8d84-ac8f-4a14-850b-f3d49dab1e9a,word,režije,комунальні послуги,[ре́жіє],,2026-09-30 11:18:03.738799+00,A1,100
a8822f40-8a11-4487-8fb4-54a4c984b59b,,word,stupanj,"градус, ступінь",Іменник (чол. рід),,2026-09-30 19:05:19.501424+00,A2,878
a882db12-6911-40f2-9ab7-22445cbc7feb,,word,odletjeti,відлетіти,Дієслово,,2026-09-30 19:37:28.32227+00,B1,2469
a8955e31-6aa9-4624-bd57-71b9922ed7fc,,word,uštedjeti,заощадити,Дієслово,,2026-09-30 19:23:19.225661+00,B1,1925
a8959822-e806-406e-b590-65eb834a477a,,word,pečat,печатка,Іменник (чол. рід),,2026-09-30 19:13:58.595598+00,B1,1560
a8c0dc3e-c02f-4130-b72e-c0def31b6435,,word,siguran,"певний, впевнений",Якісний прикметник,,2026-09-30 19:37:28.32227+00,A2,2324
a8c8be2a-0533-440a-973f-7186a8c43aa5,,word,gora,гора,Іменник (жін. рід),,2026-09-30 19:46:32.987066+00,A2,2966
a8cd7814-65fe-4963-82b3-75ae4c6d5efc,,word,spašavanje,порятунок,Іменник (сер. рід),,2026-09-30 19:16:11.208603+00,B1,1639
a8e79512-8126-4894-b1f6-945a0bd57295,,word,problem,проблема,Іменник,,2026-09-30 18:47:44.824275+00,A1,90
a8fcee65-25c4-400b-b9d0-bf4aebbfede9,,word,tisak,преса,Іменник (чол. рід),,2026-09-30 19:09:45.971373+00,B1,1102
a9189215-a609-4cae-8e69-e58858e82123,,word,borba,боротьба,Іменник (жін. рід),,2026-09-30 19:09:45.971373+00,A2,1156
a91b25a2-2303-4dd0-b9f0-584faab263f4,,word,struja,електрика,Іменник (жін. рід),,2026-09-30 19:09:45.971373+00,A2,1210
a942f77d-ce83-4e3d-9817-1da4a6995b0a,cdbe8d84-ac8f-4a14-850b-f3d49dab1e9a,word,najmodavac,орендодавець,[на́ймодавац],,2026-09-30 11:18:03.738799+00,A1,100
a96e867e-e142-4447-98cb-f6c2323c8118,,word,malo,мало,Прислівник кількості,,2026-09-30 18:50:08.476847+00,A1,114
a991ea53-632f-4c3b-ae31-7b951de440d6,,word,leden,крижаний,Якісний прикметник,,2026-09-30 19:34:28.835177+00,A2,2261
a9a53a4c-843c-4858-a0aa-958da7b3e137,,word,osjećati,відчувати,Дієслово почуттів,,2026-09-30 18:50:08.476847+00,A2,192
a9ab5937-76ce-43bf-b81e-18cc6de2a0bb,,word,kazna,"штраф, покарання",Іменник (жін. рід),,2026-09-30 19:05:19.501424+00,A2,853
a9b9d236-4854-4e10-8497-a0339d9dd33e,,word,letjeti,летіти,Дієслово,,2026-09-30 19:43:27.289764+00,A2,2468
a9dd680f-658d-4481-be1c-89191439a9a5,,word,medij,"медіа, засіб масової інформації",Іменник (чол. рід),,2026-09-30 19:09:45.971373+00,A2,1101
aa31c352-68c5-4404-9fde-aef7661eb38e,,word,ovaj,цей,Вказівний займенник,,2026-09-30 18:47:44.824275+00,A1,29
aa3b55b7-087d-4873-8804-bf2a89946f02,,word,istrčati,вибігти,Дієслово,,2026-09-30 19:43:27.289764+00,B1,2466
aa5f33ad-617a-4a95-a7be-5f4ffbe11115,,word,umalo,ледве не,Прислівник,,2026-09-30 19:37:28.32227+00,B1,2371
aa637583-0e4b-4cd4-9442-b5a177079b3c,,word,upravljati,керувати,Дієслово,,2026-09-30 19:07:18.68248+00,B1,901
aa81f62b-dd59-4df7-88c2-d3d3cad7b121,,word,tužitelj,прокурор,Іменник (чол. рід),,2026-09-30 19:13:58.595598+00,B1,1620
aa8879fe-10d3-4b1a-8e6c-44a551ff6457,,word,naušnice,сережки,"Іменник (жін. рід, мн.)",,2026-09-30 19:16:11.208603+00,A2,1503
aa9bf1a2-e76a-4f85-8332-995735453ba9,cdbe8d84-ac8f-4a14-850b-f3d49dab1e9a,dialogue_line,"Stanar: Jesam, ali ne pomaže. Radim od kuće pa mi hitno treba.","Так, але не допомагає. Я працюю з дому, тому мені потрібно терміново.",,,2026-09-30 11:18:03.738799+00,A1,100
aaa36517-9e64-4570-bc3d-58e0cf274fb0,,word,podsvijest,підсвідомість,Іменник (жін. рід),,2026-09-30 19:34:28.835177+00,B1,2113
aaa9044a-3cf4-497e-9645-dbd29b88bb4a,,word,plin,газ,Іменник (чол. рід),,2026-09-30 19:46:32.987066+00,A2,2944
aab56624-529c-4603-9a1e-13e822ffad85,9ff8ccfd-58f7-457d-9025-a5f1ee9d75df,word,karta,квиток / карта,[ка́рта],,2026-09-30 11:18:03.517183+00,A1,100
aacc92a8-4ad0-4514-8bc8-b8a83de6cdd3,,word,nagraditi,нагородити,Дієслово,,2026-09-30 19:43:27.289764+00,B1,2515
aae3de69-8090-42f4-b7af-1c5e791666b5,,word,uspjeh,успіх,Іменник (чол. рід),,2026-09-30 19:46:32.987066+00,A2,2894
aafcc8c5-7ea9-4ea3-86b6-012e798c70bd,,word,crn,чорний,Прикметник (колір),,2026-09-30 18:51:44.601106+00,A1,285
ab3752e1-66d7-4871-ba89-3ec1a2220b81,,word,pravilo,правило,Іменник (сер. рід),,2026-09-30 19:43:27.289764+00,A2,2733
ab40cfe5-8feb-4910-a852-a4225a8cfee4,,word,neučinkovit,неефективний,Якісний прикметник,,2026-09-30 19:43:27.289764+00,B1,2338
ab492587-c4fa-4d7a-badd-17d628acfc32,,word,napredak,прогрес,Іменник (чол. рід),,2026-09-30 19:07:18.68248+00,B1,961
ab5258cd-b920-424b-972f-eff275a929ed,,word,objasniti,пояснити,Дієслово комунікації,,2026-09-30 18:50:08.476847+00,A2,197
ab526ae9-a844-43ea-83ae-36db73b181b3,,word,zahvaliti,подякувати,Дієслово,,2026-09-30 19:43:27.289764+00,A2,2620
ab6c951d-5860-4d23-a9c0-a49c263dcf52,,word,ugovor,договір,Іменник (чол. рід),,2026-09-30 19:43:27.289764+00,A2,2433
ab859947-f3d6-4017-bf79-0e442eaa5aeb,,word,uloga,роль,Іменник (жін. рід),,2026-09-30 19:34:28.835177+00,A2,2169
ab91365f-91bb-4cf0-a397-c6289edac523,,word,samo,"лише, тільки",Частка,,2026-09-30 18:50:08.476847+00,A1,127
abdcdaca-6c78-4708-a9b6-4654dd9b3d6d,,word,vlada,уряд,Іменник (жін. рід),,2026-09-30 18:55:51.229682+00,B1,562
abea163d-1511-4466-84d5-74249f4d574c,,word,neuspjeh,невдача,Іменник (чол. рід),,2026-09-30 19:46:32.987066+00,B1,2895
abef4ad4-c8e0-4d96-9522-1e70e084d01e,,word,nakon,після,Прийменик,,2026-09-30 18:54:20.802874+00,A2,459
abf2dee0-6bd4-4aa2-8244-2fe559ef34cd,,word,mir,спокій,Іменник (чол. рід),,2026-09-30 19:05:19.501424+00,A2,898
ac22bb03-a736-4263-9676-32b3c423149c,,word,okolo,навколо,Прислівник,,2026-09-30 19:43:27.289764+00,A2,2396
ac530a7e-b531-4d11-b1a3-a8a9a5c720ae,,word,razgovor,розмова,Іменник (чол. рід),,2026-09-30 19:46:32.987066+00,A2,2835
ac796c8e-cbe0-4d25-9ca8-8d12c9544a7b,,word,film,фільм,Іменник (чол. рід),,2026-09-30 18:53:00.692622+00,A1,367
ac79b3a3-f2d8-4af7-bbc3-5d12202f13e1,cdbe8d84-ac8f-4a14-850b-f3d49dab1e9a,word,ključ,ключ,[клю́ч],,2026-09-30 11:18:03.738799+00,A1,100
ac7d1100-6791-4316-9f35-102dceed36ff,,word,pregledati,оглянути (лікарем),Дієслово,,2026-09-30 19:43:27.289764+00,A2,2634
ac8ad90c-ec62-43bb-8425-b46e9a50c216,00000000-0000-0000-0000-000000000010,phrase,Predao sam zahtjev online.,Я подав заяву онлайн.,,,2026-09-30 13:44:24.31931+00,A1,100
ac93aaa2-cb3b-4606-acb9-ae78885d1a62,,word,razina,рівень,Іменник (жін. рід),,2026-09-30 19:43:27.289764+00,B1,2741
ac9be28d-9f2c-46a9-b0b9-1c97ed5f31ee,,word,prozor,вікно,Іменник (чол. рід),,2026-09-30 19:11:45.674946+00,A1,1407
acc62a4a-df90-4665-87ae-3b2af652c772,9ff8ccfd-58f7-457d-9025-a5f1ee9d75df,word,voziti,водити,[во́зіті],,2026-09-30 11:18:03.517183+00,A1,100
acc9f6ec-31ac-442e-9101-442d8996cf2c,,word,skroman,скромний,Якісний прикметник,,2026-09-30 19:37:28.32227+00,B1,2306
acd0ee43-f672-493b-b9d5-4085ba41a886,,word,umalo,ледве не,Прислівник,,2026-09-30 19:43:27.289764+00,B1,2371
ad2d613a-4930-4ae9-98bd-85710ac03bbe,9ff8ccfd-58f7-457d-9025-a5f1ee9d75df,word,kolodvor,вокзал,[ко́лодвор],,2026-09-30 11:18:03.517183+00,A1,100
ad36292e-d5ee-4f4f-abc9-e435672b9f83,,word,ljutiti se,сердитися,Зворотне дієслово,,2026-09-30 19:23:19.225661+00,A2,1978
ad374037-7197-4e0f-b11a-1bba926f11bd,,word,vratiti se,повернутися,Зворотне дієслово,,2026-09-30 18:54:20.802874+00,A2,473
ad5a5fdb-4ebe-4f21-8857-533493519ec3,,word,пожар,пожежа,Іменник (чол. рід),,2026-09-30 19:05:19.501424+00,B1,888
ad6af0e8-dc18-4e52-9182-d79c6845c15c,,word,glasovanje,голосування,Іменник (сер. рід),,2026-09-30 19:43:27.289764+00,B1,2441
adbde3e7-2ec8-4c28-92d6-10751b19ff56,,word,interakcija,взаємодія,Іменник (жін. рід),,2026-09-30 19:34:28.835177+00,B1,2154
ae11f44a-d629-4bd8-9523-774d2f4972c7,bbe9211f-51f2-4654-a98f-528ffb57e9ad,word,povrće,овочі,[по́врче],,2026-09-30 11:18:03.043652+00,A1,100
ae224390-f61f-4769-bce4-9c2a6abdda1c,,word,odvjetnik,адвокат,Іменник (чол. рід),,2026-09-30 18:55:51.229682+00,B1,568
ae2a0b68-6f17-4ce1-bbe3-00c610a9acdf,,word,smiješan,"кумедний, смішний",Якісний прикметник,,2026-09-30 18:57:19.23543+00,A2,606
ae5c4322-d168-49e2-ba95-81d3653f834d,,word,promijeniti se,змінитися,Зворотне дієслово,,2026-09-30 19:07:18.68248+00,A2,939
ae5eafff-6791-4f13-a82b-eaeec5b1ca1f,,word,bankomat,банкомат,Іменник (чол. рід),,2026-09-30 19:13:58.595598+00,A1,1687
ae5fe342-9628-413c-b77d-409635a9c5bb,,word,posvuda,усюди,Прислівник,,2026-09-30 19:43:27.289764+00,B1,2398
ae661db7-ad58-4a56-ac4b-1a36aa773313,,word,patiti,страждати,Дієслово,,2026-09-30 19:23:19.225661+00,B1,2041
ae8cd71d-0896-4c17-896c-724bc4339c2d,,word,spektar,спектр,Іменник (чол. рід),,2026-09-30 19:16:18.104507+00,B1,1836
aea70038-ae39-4812-8c23-6e5f1ce29690,,word,krov,дах,Іменник (чол. рід),,2026-09-30 19:34:28.835177+00,A2,2230
aeb30139-ee3f-4abb-931c-f6e27a177aff,,word,zaljubiti se,закохатися,Зворотне дієслово,,2026-09-30 19:43:27.289764+00,A2,2615
aec3389a-82be-4258-bc96-d50395719382,,word,blagajna,каса,Іменник (жін. рід),,2026-09-30 19:46:32.987066+00,A2,2929
aed89adb-59c6-45c2-a1b9-4de943d83766,,word,smijati se,сміятися,Зворотне дієслово,,2026-09-30 18:50:08.476847+00,A1,188
aedd3cff-53b8-4f83-9c72-a0f9949fc85d,,word,mudar,мудрий,Якісний прикметник,,2026-09-30 19:43:27.289764+00,B1,2343
aee5a38e-2b2a-488f-b086-27e31fe496e0,,word,ne,ні,Заперечна частка,,2026-09-30 18:47:44.824275+00,A1,5
aef40269-79b7-4a77-a574-f7a3cb88341d,,word,mušterija,"клієнт, покупець",Іменник (жін. рід),,2026-09-30 19:11:45.674946+00,A2,1318
aef5bd37-86aa-494b-8667-ab58f3731820,,word,kazati,сказати,Дієслово мовлення,,2026-09-30 18:50:08.476847+00,A1,164
af072fd8-5385-40a6-9b89-e9ffc1e81e23,,word,pa,"а, і, отже",Сполучник зв'язку,,2026-09-30 18:47:44.824275+00,A1,3
af0790e7-c258-4cd0-9a9e-d2116ac25e50,,word,kazna,"покарання, штраф",Іменник (жін. рід),,2026-09-30 19:16:11.208603+00,A2,1614
af24f625-fb20-4a40-9871-1eb87c97c449,,word,roba,товар,Іменник (жін. рід),,2026-09-30 19:09:45.971373+00,A2,1203
af268fec-f5a0-489e-bc6a-654ca15b1c69,,word,prilagoditi,адаптувати,Дієслово,,2026-09-30 19:23:19.225661+00,B1,2053
af3d6eaf-9619-4b15-a847-994757d60170,,word,tugovati,сумувати,Дієслово,,2026-09-30 19:23:19.225661+00,B1,1977
af427d9a-d1c2-4e60-b544-860d5149314f,,word,psihologija,психологія,Іменник (жін. рід),,2026-09-30 19:16:18.104507+00,A2,1850
af6b6dd4-7807-4782-8cd3-0bd76ef3d23c,,word,opušten,розслаблений,Якісний прикметник,,2026-09-30 19:43:27.289764+00,A2,2326
af847d5a-9364-4532-b012-b4583b63309d,00000000-0000-0000-0000-000000000008,word,Motor,Двигун,,,2026-09-30 13:44:23.68813+00,A1,100
af98c909-9606-476b-997b-2b38bdcaea48,,word,financirati,фінансувати,Дієслово,,2026-09-30 19:43:27.289764+00,B1,2511
af99c9f6-2f83-4086-a112-1316cfe3fc24,,word,sigurno,напевно,Прислівник,,2026-09-30 19:43:27.289764+00,A2,2376
afa4f0c6-63f7-4235-83e5-e80619b23242,,word,odluka,рішення,Іменник (жін. рід),,2026-09-30 19:13:58.595598+00,A2,1609
afc318b8-5a42-4795-8e9a-b598512705b9,,word,carina,"мито, митниця",Іменник (жін. рід),,2026-09-30 19:13:58.595598+00,A2,1672
afebd343-56d8-4ba8-a24d-2258c4e1d70e,,word,plin,газ,Іменник (чол. рід),,2026-09-30 19:09:45.971373+00,A2,1209
afec62b3-931d-450e-8806-9380ea5c198f,,word,policija,поліція,Іменник (жін. рід),,2026-09-30 19:09:45.971373+00,A1,1295
affa67df-ed42-4184-aabe-86122b943ad3,,word,učinkovit,ефективний,Якісний прикметник,,2026-09-30 19:43:27.289764+00,B1,2337
b0070672-152c-43b0-ac6d-fac2d5f754bc,,word,žalba,"апеляція, скарга",Іменник (жін. рід),,2026-09-30 19:13:58.595598+00,B1,1624
b0218333-00cf-4257-924c-e1046a1e5465,,word,vlak,поїзд,Іменник (чол. рід),,2026-09-30 19:11:45.674946+00,A1,1357
b02ceb2d-dcbe-4d16-bad8-2f37cfee4bdd,,word,zaklada,"фонд, фундація",Іменник (жін. рід),,2026-09-30 19:37:28.32227+00,B1,2449
b03592ca-208b-4568-990f-a8e836b29d7c,,word,plan,план,Іменник (чол. рід),,2026-09-30 18:55:51.229682+00,A1,503
b0630125-b5fa-4960-9c23-dcd95be0e94d,aef634c7-836d-4d7d-9ae4-41fa0012b5b3,phrase,Imam visoku temperaturu.,У мене висока температура.,[І́мам ві́соку температу́ру],,2026-09-30 11:18:04.076329+00,A1,100
b064a6c3-daf9-4c21-aca6-0c11a542326e,,word,voda,вода,Іменник (жін. рід),,2026-09-30 19:46:32.987066+00,A1,2946
b087f06c-69ad-45b7-9296-868a767d686d,,word,hrapav,шорсткий,Якісний прикметник,,2026-09-30 19:02:53.78951+00,B1,738
b09dab3e-e04d-4355-af46-341edbb467d3,bbe9211f-51f2-4654-a98f-528ffb57e9ad,dialogue_line,A: Dobar dan. Mogu li dobiti pola kile jabuka?,Добрий день. Можна мені півкіло яблук?,,,2026-09-30 11:18:03.043652+00,A1,100
b0aab782-b9a5-4a00-a734-1c21a1765d77,,word,pravopis,правопис,Іменник (чол. рід),,2026-09-30 18:57:19.23543+00,B1,694
b0ab3c4a-7856-4f44-abff-49011abf0003,,word,svjetiljka,лампа,Іменник (жін. рід),,2026-09-30 19:11:45.674946+00,A2,1427
b0c0ee5f-c9e0-4cd3-831c-751c5d14ad54,,word,sletjeti,приземлитися,Дієслово,,2026-09-30 19:37:28.32227+00,B1,2471
b0d10a4d-005d-4746-b6f8-e769d3477b2e,cdbe8d84-ac8f-4a14-850b-f3d49dab1e9a,phrase,Internet je jako spor.,Інтернет дуже повільний.,[І́нтернет є я́ко спор],,2026-09-30 11:18:03.738799+00,A1,100
b0d39005-6f0c-4138-9735-536a11695395,,word,žalovati,скорбіти,Дієслово,,2026-09-30 19:43:27.289764+00,B1,2651
b0d3d331-2ce2-4855-b504-9e38b4839aa7,,word,tepih,килим,Іменник (чол. рід),,2026-09-30 19:11:45.674946+00,A2,1424
b0d91b0d-ae96-4234-9473-8d5b8be145bd,,word,riječ,слово,Іменник,,2026-09-30 18:47:44.824275+00,A1,87
b0ed87d7-fbb2-4f57-bed6-fa5ee2d94bcc,,word,izdržati,витримати,Дієслово,,2026-09-30 19:43:27.289764+00,B1,2501
b108b06a-9806-41ed-9f5f-6bf44b8cd5d9,,word,skočiti,стрибнути,Дієслово,,2026-09-30 19:23:19.225661+00,A2,1907
b14586b9-7a3f-4bca-a52f-5df205b400ac,,word,tradicionalan,традиційний,Якісний прикметник,,2026-09-30 18:57:19.23543+00,B1,624
b1477f4c-522f-4af9-a09b-feb1ae0a88ea,,word,vruć,гарячий,Якісний прикметник,,2026-09-30 18:50:08.476847+00,A1,136
b15e537f-8c8d-4f78-8c09-0ba6382fc765,,word,natjecati se,змагатися,Зворотне дієслово,,2026-09-30 19:23:19.225661+00,B1,2013
b187db72-2035-44fd-820a-3fb911d6f82e,,word,prostor,простір,Іменник (чол. рід),,2026-09-30 19:07:18.68248+00,A2,999
b1bef9a5-ff8e-4b76-a273-f1764e29ac19,,word,zrak,повітря,Іменник (чол. рід),,2026-09-30 19:46:32.987066+00,A2,2949
b1da3593-f8a3-42f3-a87e-a4742a366fe7,,word,slikati,"писати картину, фотографувати",Дієслово,,2026-09-30 19:23:19.225661+00,A2,2004
b1f58b20-f509-49a0-86c9-ee213f8ac63a,,word,putovanje,подорож,Іменник (сер. рід),,2026-09-30 19:07:18.68248+00,A2,1051
b1f771ae-6fe4-45ca-b6d8-2a1da1e90310,,word,putovnica,паспорт,Іменник (жін. рід),,2026-09-30 19:16:11.208603+00,A2,1584
b2106306-4132-4f7a-9d66-c720a904f74f,,word,svugdje,всюди,Прислівник,,2026-09-30 19:43:27.289764+00,A2,2399
b23ac4e2-d656-45cf-984b-f0f70877994c,,word,skočiti,стрибнути,Дієслово,,2026-09-30 18:54:20.802874+00,A2,478
b25278de-24b6-42a5-a956-30ce5a2c39a6,,word,vrijediti,"коштувати, мати цінність",Дієслово,,2026-09-30 19:23:19.225661+00,A2,2068
b2544638-73e1-479a-8e85-af9ce9349598,,word,okolina,довкілля,Іменник (жін. рід),,2026-09-30 19:34:28.835177+00,B1,2198
b28d1325-8fef-4615-bab9-c0a843c0f277,,word,vjetar,вітер,Іменник (чол. рід),,2026-09-30 19:05:19.501424+00,A2,881
b2a2239b-ce50-4811-9070-1640e9755be7,,word,arhiva,архів,Іменник (жін. рід),,2026-09-30 19:16:11.208603+00,B1,1561
b2a62898-c0b3-4d1f-915d-e07602b112ee,,word,nalijevo,ліворуч,Прислівник,,2026-09-30 19:43:27.289764+00,A2,2387
b2bbb417-a2af-4417-b7b5-fc0e589f1108,,word,broš,брошка,Іменник (чол. рід),,2026-09-30 19:16:11.208603+00,B1,1504
b2d45cb6-7c13-4dcd-98f8-6ed7e7a4b2ca,,word,snijeg,сніг,Іменник (чол. рід),,2026-09-30 18:51:44.601106+00,A2,218
b2d9414b-b353-4ca6-82be-e04720cf4940,,word,ispričati se,вибачитися,Зворотне дієслово,,2026-09-30 19:07:18.68248+00,A2,911
b2e3ea51-c939-4381-9e8a-119148f2ef9e,,word,autor,автор,Іменник (чол. рід),,2026-09-30 19:09:45.971373+00,A2,1117
b2f23fdb-4edb-4fcd-8ce1-bd46a57183a4,00000000-0000-0000-0000-000000000010,word,Šalter,Віконце (каса/прийомне),,,2026-09-30 13:44:24.31931+00,A1,100
b2f67129-bc4b-4566-80cd-e3c3d9625581,,word,zatvor,в'язниця,Іменник (чол. рід),,2026-09-30 19:13:58.595598+00,A2,1600
b2f868ab-4faf-41d3-9937-a9e2c9498ed6,,word,cijena,ціна,Іменник (жін. рід),,2026-09-30 19:13:58.595598+00,A1,1676
b30f1b51-dfdf-4f15-a5bf-7a5aa189b4d2,,word,metoda,метод,Іменник (жін. рід),,2026-09-30 19:43:27.289764+00,B1,2699
b3315b3a-5aad-47e8-aff1-28ecf9202dd2,,phrase,osobna iskaznica,посвідчення особи,Вираз,,2026-09-30 19:16:11.208603+00,A2,1585
b344b337-9fe6-48cf-8603-aa0dce34b807,,word,mudar,мудрий,Якісний прикметник,,2026-09-30 19:37:28.32227+00,B1,2343
b3483b29-7186-413b-b3e2-64c08c70d35d,6a50fa7b-a8d3-4cde-9039-ad17309ed1e2,word,šalica,чашка,[ша́ліца],,2026-09-30 11:18:03.287284+00,A1,100
b3599f84-572b-46de-955d-6121bfff75d5,,word,ministarstvo,міністерство,Іменник (сер. рід),,2026-09-30 19:13:58.595598+00,B1,1596
b389fc72-21bf-483a-b540-aeebbdd8a15c,,word,krenuti,"рушити, почати рух",Дієслово,,2026-09-30 18:54:20.802874+00,A2,471
b38bf061-49e2-479d-a236-3ab406219ad7,,word,nada,надія,Іменник (жін. рід),,2026-09-30 19:46:32.987066+00,A2,2778
b38f6752-7acf-4400-b910-b31cab260571,,word,miješati,перемішувати,Дієслово,,2026-09-30 19:43:27.289764+00,A2,2550
b3939400-c741-47da-bcb2-3adb693bad09,,word,automobil,автомобіль,Іменник (чол. рід),,2026-09-30 19:11:45.674946+00,A1,1353
b3a56a88-15db-4969-9f2a-9da8af34fdc7,,word,sunce,сонце,Іменник (сер. рід),,2026-09-30 19:46:32.987066+00,A1,2959
b3ae870e-4279-414d-804d-c3fe8ac098d3,,word,viza,віза,Іменник (жін. рід),,2026-09-30 19:07:18.68248+00,A2,1064
b3b59f18-bf22-4219-bf18-dabf29cb6152,,word,ponosan,гордий,Якісний прикметник,,2026-09-30 19:43:27.289764+00,A2,2308
b3bfea83-c33d-4446-89a9-cb985c5a65b5,,word,ma tko,хто завгодно,Вираз,,2026-09-30 19:43:27.289764+00,B1,2358
b3c13629-e926-4bab-915b-40f7bc7aa4b5,,word,kihati,чхати,Дієслово,,2026-09-30 19:43:27.289764+00,A2,2639
b3c1b5f6-6db0-4e19-9dc0-f67f5e585c5b,,word,inventura,інвентаризація,Іменник (жін. рід),,2026-09-30 19:16:18.104507+00,B1,1719
b3d19492-1cab-4d26-b150-479dbec39d29,,word,koji,який,Відносний займенник,,2026-09-30 18:47:44.824275+00,A1,19
b3d78e82-5735-4114-8f0a-a7885edf80bb,6a50fa7b-a8d3-4cde-9039-ad17309ed1e2,word,piće,напої,[пі́че],,2026-09-30 11:18:03.287284+00,A1,100
b3de4072-ed9b-4c28-97d0-685218c9244e,,word,vrijeme,"час, погода",Іменник,,2026-09-30 18:47:44.824275+00,A1,68
b3e0a57f-0d58-4745-a5d9-41c4521c3a79,,word,vika,"крик, галас",Іменник (жін. рід),,2026-09-30 18:57:19.23543+00,A2,688
b3e570da-5f02-4f11-9060-49ba6d526502,,word,energija,енергія,Іменник (жін. рід),,2026-09-30 18:54:20.802874+00,A2,403
b40182f9-973f-4e8f-a05e-5aed9bbeb362,,word,prestrašiti,налякати,Дієслово,,2026-09-30 19:37:28.32227+00,B1,2493
b40444f1-7667-4916-9bff-756de606968c,,word,uvjerenje,переконання,Іменник (сер. рід),,2026-09-30 19:43:27.289764+00,B1,2730
b423ddd0-d430-4add-8838-a11d397b1d0b,,word,zahtjev,заява,Іменник (чол. рід),,2026-09-30 19:16:11.208603+00,A2,1570
b42c4be3-0cd0-44ad-bc10-16bf9637419c,,word,borba,боротьба,Іменник (жін. рід),,2026-09-30 18:57:19.23543+00,A2,677
b459f76f-f73f-4f01-b021-7e2b963fbbd4,,word,jeftin,дешевий,Якісний прикметник,,2026-09-30 18:50:08.476847+00,A1,147
b47612af-4766-42f1-acdc-d11ce3235ccb,,word,gripa,грип,Іменник (жін. рід),,2026-09-30 19:16:11.208603+00,A2,1534
b476662b-4431-427b-a792-95add1a6a807,,word,odvjetništvo,адвокатура,Іменник (сер. рід),,2026-09-30 19:43:27.289764+00,B1,2425
b47a992e-e59a-4300-a729-0c4d6051f09f,,word,pod,підлога,Іменник (чол. рід),,2026-09-30 19:11:45.674946+00,A2,1404
b48377bf-b0ec-4960-bd44-c80e3c088366,,word,sposoban,здатний,Якісний прикметник,,2026-09-30 19:34:28.835177+00,B1,2289
b49c2af4-5bb0-49c9-a0f1-abb8181f4196,,word,htjeti,хотіти,Дієслово,,2026-09-30 19:23:19.225661+00,A1,1984
b4ad0a75-c4ef-40e7-8609-3a01828935d8,,word,smještaj,"проживання, житло",Іменник (чол. рід),,2026-09-30 19:07:18.68248+00,A2,1054
b4ad91d7-9962-4409-b4e6-c134cd0e61b0,,word,ribarstvo,рибальство,Іменник (сер. рід),,2026-09-30 19:16:18.104507+00,B1,1867
b4b3a16f-8b18-438e-95f0-ac69fd777c8a,bbe9211f-51f2-4654-a98f-528ffb57e9ad,phrase,Plaćam gotovinom.,Оплачую готівкою.,[Пла́чам готові́ном],,2026-09-30 11:18:03.043652+00,A1,100
b4b8f3e6-1d79-4d23-a712-18a0f493b664,,word,prije,"перед, раніше",Прийменик / прислівник,,2026-09-30 18:50:08.476847+00,A1,122
b4c69d15-95df-4e12-8b6b-643d6c232799,cdbe8d84-ac8f-4a14-850b-f3d49dab1e9a,phrase,Trebam platiti račune za režije.,Мені потрібно оплатити комунальні рахунки.,[Тре́бам пла́тіті рачу́не за ре́жіє],,2026-09-30 11:18:03.738799+00,A1,100
b4d9d135-377a-467e-b4ce-f5227ca93b87,,word,ubojica,вбивця,Іменник (чол. рід/жін.),,2026-09-30 19:11:45.674946+00,B1,1347
b4e59243-80e0-4ebb-8976-6fec41004c72,,word,rok,"термін, строк",Іменник (чол. рід),,2026-09-30 19:16:11.208603+00,A2,1577
b4f8c6c8-ab31-4b2b-9067-ebbef54145c5,,word,smanjenje,зменшення,Іменник (сер. рід),,2026-09-30 19:02:53.78951+00,B1,788
b5175f71-2028-4a26-b43f-1c37bc4ef966,,word,ispričati se,вибачитися,Зворотне дієслово,,2026-09-30 19:43:27.289764+00,A2,2621
b51b44cf-1999-4f8a-ad1e-f4089264d411,,word,uplašiti se,злякатися,Зворотне дієслово,,2026-09-30 19:43:27.289764+00,A2,2494
b52250e9-f948-4e4d-aee0-d36b25ef5b1d,,word,vaš,ваш,Присвійний займенник,,2026-09-30 18:47:44.824275+00,A1,26
b5375250-105c-43d4-95f0-5cfd8cd5e1dc,,word,pripremiti,підготувати,Дієслово,,2026-09-30 19:43:27.289764+00,A2,2555
b53d134f-c2bd-4daa-9f56-6653296273ce,,word,pas,собака,Іменник (чол. рід),,2026-09-30 19:46:32.987066+00,A1,2982
b54cc289-e061-429d-a57f-48a60e1ad540,,word,kraj,"кінець, край",Іменник (чол. рід),,2026-09-30 19:34:28.835177+00,A1,2193
b551de52-1646-4b9e-9a72-63429233ca16,,word,gust,густий,Якісний прикметник,,2026-09-30 19:34:28.835177+00,B1,2252
b56c3199-2afc-4a85-b48a-2f9404f52301,aef634c7-836d-4d7d-9ae4-41fa0012b5b3,phrase,Boli me glava.,У мене болить голова.,[Бо́лі ме гла́ва],,2026-09-30 11:18:04.076329+00,A1,100
b580e788-886b-457a-a24e-c696d4e981c4,,word,partnerstvo,партнерство,Іменник (сер. рід),,2026-09-30 19:34:28.835177+00,B1,2151
b59396d4-6729-4f53-82d5-99dbe6de4d17,,word,sposoban,здатний,Якісний прикметник,,2026-09-30 19:37:28.32227+00,B1,2333
b5afed43-5641-40d3-a8fd-8c053f865a03,,word,tečaj,курс,Іменник (чол. рід),,2026-09-30 19:46:32.987066+00,A2,2879
b5e55019-2b69-4aba-ac2b-38bc18fb8e1a,00000000-0000-0000-0000-000000000007,word,Procjena,Оцінка (естімація),,,2026-09-30 13:44:23.450621+00,A1,100
b5ee9e03-c2dc-4c95-be93-347e912f4f5d,,word,brzina,швидкість,Іменник (жін. рід),,2026-09-30 19:16:18.104507+00,A2,1784
b60eeeaf-bbe8-4e0e-b627-e19eed201133,,word,osloboditi,звільнити,Дієслово,,2026-09-30 19:37:28.32227+00,B1,2479
b64d923b-fef3-4483-8404-f5fb95270df5,,word,popravak,ремонт,Іменник (чол. рід),,2026-09-30 19:46:32.987066+00,A2,2912
b6545047-adaf-49ee-8771-897be6712ebb,,word,kupac,покупець,Іменник (чол. рід),,2026-09-30 19:13:58.595598+00,A2,1698
b658f43e-315d-489c-916b-9dd89e1b22e0,,word,voziti,"керувати, везти",Дієслово руху,,2026-09-30 18:50:08.476847+00,A2,184
b65abfa4-bd2e-4719-958b-c7ca7ac7904d,,word,tup,тупий,Якісний прикметник,,2026-09-30 19:02:53.78951+00,B1,742
b67268dd-ba3b-4edd-bda2-c69503cce6a4,,word,sporo,повільно,Прислівник,,2026-09-30 18:54:20.802874+00,A1,417
b6899d17-4a4e-409c-8856-66e6414d8db7,,word,podrška,підтримка,Іменник (жін. рід),,2026-09-30 19:16:18.104507+00,A2,1795
b6908024-3b3f-45b0-8daa-9a821de0a89d,,word,evakuacija,евакуація,Іменник (жін. рід),,2026-09-30 19:13:58.595598+00,B1,1649
b6afec43-887f-4d1b-8cfd-54093e01b94e,,word,koristiti,використовувати,Дієслово,,2026-09-30 19:07:18.68248+00,A2,950
b6b959f6-35e6-4f24-a424-5895ae778b11,,word,umoran,втомлений,Якісний прикметник,,2026-09-30 19:43:27.289764+00,A2,2328
b6be3d04-b414-4f1d-af6b-6a04e0f74d25,,word,šešir,капелюх,Іменник (чол. рід),,2026-09-30 19:11:45.674946+00,A2,1487
b6c567eb-ef37-4e6b-85d1-80a0f118029b,,word,prijevod,переклад,Іменник (чол. рід),,2026-09-30 19:46:32.987066+00,A2,2870
b6c936dc-936c-42a4-84cc-05928446d8dd,,word,pomoć,допомога,Іменник (жін. рід),,2026-09-30 19:13:58.595598+00,A1,1640
b6e35de7-5fa6-4e06-903b-384c36c74f55,,word,tava,сковорідка,Іменник (жін. рід),,2026-09-30 19:11:45.674946+00,A2,1449
b6e41417-1fb2-4abf-93e9-9a79326ba414,,word,terasa,тераса,Іменник (жін. рід),,2026-09-30 19:11:45.674946+00,A2,1409
b71d116c-bff8-4591-91b9-5a320f4187f2,,word,zakon,закон,Іменник (чол. рід),,2026-09-30 19:09:45.971373+00,A2,1291
b732ffc3-286a-484e-b8d7-6814ef8dd711,,word,različitost,різноманітність,Іменник (жін. рід),,2026-09-30 19:34:28.835177+00,B1,2137
b73c5e2d-8cf2-492d-ad5a-e4230054dd0d,,word,računati,обчислювати,Дієслово,,2026-09-30 19:23:19.225661+00,A2,2066
b74174a5-3db3-4ca7-884f-1db68a837cd5,,word,povod,привід,Іменник (чол. рід),,2026-09-30 19:43:27.289764+00,B1,2709
b7433fab-e311-4c71-ba75-a8cc9737361f,,word,ružan,"поганий, гидкий",Якісний прикметник,,2026-09-30 18:50:08.476847+00,A1,135
b7481bf3-96be-46bf-8a08-a82eb5e68fd5,,word,napamet,напам'ять,Прислівник,,2026-09-30 19:43:27.289764+00,A2,2384
b75ba0bb-722c-4553-af20-1d0c1c96b5ac,,word,šivati,шити,Дієслово,,2026-09-30 19:23:19.225661+00,B1,1999
b77fd103-5c24-4f96-a7f3-90e401bfcec9,,word,aktivnost,активність,Іменник (жін. рід),,2026-09-30 19:16:18.104507+00,A2,1705
b788264c-a47c-4442-95f8-cda482e96602,9e3f6972-10fa-4c25-8fed-80a5148f5c44,word,bok,привіт / бувай (неформально),[бок],,2026-09-30 11:18:02.743916+00,A1,100
b78cbf85-0bea-4378-8cf4-e8a629ddd2fb,,word,pravilo,правило,Іменник (сер. рід),,2026-09-30 19:09:45.971373+00,A2,1132
b7918fa3-a845-452b-8fbd-5982cc4e3e78,,word,kuća,"дім, хата",Іменник,,2026-09-30 18:47:44.824275+00,A1,74
b7984763-efea-446e-a59c-809a7edd699b,,word,trčati,бігти,Дієслово,,2026-09-30 19:43:27.289764+00,A1,2464
b79aff4d-e010-4501-97c1-9bb77c8a0fbd,,word,sin,син,Іменник (чол. рід),,2026-09-30 18:47:44.824275+00,A1,97
b79e5d7d-de1a-418f-bedf-033198917a08,,word,liječnik,лікар,Іменник (чол. рід),,2026-09-30 19:13:58.595598+00,A2,1543
b7a716ac-d44b-4bf7-a2e9-0f3b5ba76b7b,,word,hotel,готель,Іменник (чол. рід),,2026-09-30 19:11:45.674946+00,A1,1392
b7ba219b-7908-4c86-aef5-75cba28959e1,,word,medij,медіа,Іменник (чол. рід),,2026-09-30 19:46:32.987066+00,A2,2843
b7f2992e-20d5-4bd1-895b-87d38171c52d,,word,primiti,отримати,Дієслово,,2026-09-30 19:23:19.225661+00,A2,2087
b809a3d8-0df9-4ec5-ba08-f60d80fd6b5d,,word,pravo,право,Іменник (сер. рід),,2026-09-30 19:16:18.104507+00,A2,1731
b8185cba-4da1-4240-9a6b-ede4a46b377e,,word,učionica,аудиторія,Іменник (жін. рід),,2026-09-30 19:46:32.987066+00,A2,2881
b81c0c68-1996-4319-b288-d45c563b7c73,,word,pet,п'ять,Числівник,,2026-09-30 18:51:44.601106+00,A1,270
b877ca5e-93c3-40ad-bb24-287489f632b0,,word,rješenje,рішення,Іменник (сер. рід),,2026-09-30 19:05:19.501424+00,A2,807
b87dd6c7-a5bf-41b9-ab66-d14645ebf995,,word,prekinuti,перервати,Дієслово,,2026-09-30 19:23:19.225661+00,B1,2032
b882c061-42ca-41ae-9e7e-4b187d2d64ba,,word,uznemiriti se,тривожитися,Зворотне дієслово,,2026-09-30 19:37:28.32227+00,B1,2496
b884b3cd-a4d9-4ed3-a656-27fa3cd6c711,9ff8ccfd-58f7-457d-9025-a5f1ee9d75df,word,ulica,вулиця,[у́ліца],,2026-09-30 11:18:03.517183+00,A1,100
b893685a-5611-4248-9521-8d2e7f55de8a,,word,roman,роман,Іменник (чол. рід),,2026-09-30 18:55:51.229682+00,B1,535
b8c2c811-aaae-46e6-bf6a-1cb17ae549a5,,word,voće,фрукти,Іменник (сер. рід),,2026-09-30 18:51:44.601106+00,A1,229
b8ccb561-a3e9-4291-938a-f9ce4788723c,,word,banka,банк,Іменник (жін. рід),,2026-09-30 19:46:32.987066+00,A1,2921
b8ea9eb5-2ec6-4549-803d-5f8df30f6bb9,,word,odobriti,схвалити,Дієслово,,2026-09-30 19:43:27.289764+00,B1,2527
b9048c47-847b-4fd8-b486-5c4b9ad11982,,word,pravednost,справедливість,Іменник (жін. рід),,2026-09-30 19:43:27.289764+00,B1,2663
b91b93d7-e90c-42e6-9574-f27d963b74fa,,word,šteta,збиток,Іменник (жін. рід),,2026-09-30 19:13:58.595598+00,A2,1556
b93d5fb1-8a6d-406e-b6d5-6718c27ef1f4,,word,ostaviti,залишити,Дієслово,,2026-09-30 18:54:20.802874+00,A2,467
b95d3200-9bd7-4062-a4c7-876bc73ea06a,,word,prvi,перший,Порядковий числівник,,2026-09-30 18:51:44.601106+00,A1,278
b9640f67-423f-400e-b132-dcece7fe8ebc,00000000-0000-0000-0000-000000000010,dialogue_line,Osoba: Dobar dan. Došao sam po novu dozvolu za boravak.,Особа: Добрий день. Я прийшов за новою посвідкою на проживання.,,,2026-09-30 13:44:24.31931+00,A1,100
b99a4844-6551-4cc7-a582-7a04b7ef15d0,,word,slobodan,вільний,Якісний прикметник,,2026-09-30 18:51:44.601106+00,A2,297
b9a1890f-bae8-41f8-a7c6-9366925bdecb,,word,cilj,мета,Іменник (чол. рід),,2026-09-30 18:55:51.229682+00,A2,502
b9da8d5e-81cd-48a6-b0b0-b1629cafab4d,,word,zadatak,завдання,Іменник (чол. рід),,2026-09-30 19:07:18.68248+00,A2,953
b9e44325-7c01-4641-a074-115dce79b3e1,,word,natjecatelj,учасник змагання,Іменник (чол. рід),,2026-09-30 19:09:45.971373+00,B1,1161
b9ff4bdc-d360-462b-8693-8574ae896297,,word,cipele,"туфлі, взуття","Іменник (жін. рід, мн.)",,2026-09-30 19:11:45.674946+00,A1,1490
ba28d882-9278-4970-8902-54abd2e23d29,,word,buditi se,прокидатися,Зворотне дієслово,,2026-09-30 19:23:19.225661+00,A2,1912
ba30ee2f-101b-442e-bdcd-0eab499c1bcb,,word,rasprava,обговорення,Іменник (жін. рід),,2026-09-30 19:46:32.987066+00,B1,2834
ba43554b-7b1b-4925-9346-af28a5ca3bff,9e3f6972-10fa-4c25-8fed-80a5148f5c44,word,ne,ні,[не],,2026-09-30 11:18:02.743916+00,A1,100
ba4c13d2-874b-4527-b042-6a4225d55f13,,word,isplata,виплата,Іменник (жін. рід),,2026-09-30 19:13:58.595598+00,B1,1684
ba4cd127-810b-4bad-94ee-819632fbd9bb,,word,mrtav,мертвий,Якісний прикметник,,2026-09-30 19:34:28.835177+00,A2,2284
ba542e32-be0c-4798-af7b-0976c8394c53,,word,priroda,природа,Іменник (жін. рід),,2026-09-30 19:05:19.501424+00,A1,874
ba57d6f8-076d-4d0b-af76-95e9b1844837,,word,rješenje,рішення,Іменник (сер. рід),,2026-09-30 19:13:58.595598+00,A2,1574
ba580f74-a761-4d20-8576-a530c897ffb7,,word,očaj,розпач,Іменник (чол. рід),,2026-09-30 19:46:32.987066+00,B1,2779
ba5ffafe-e84c-48cb-931e-bb33cb83e54a,,word,strah,страх,Іменник (чол. рід),,2026-09-30 19:46:32.987066+00,A2,2777
ba854e49-e5ff-4133-928a-e575dfb5ffe8,,word,bankomat,банкомат,Іменник (чол. рід),,2026-09-30 19:16:11.208603+00,A1,1687
ba8b2d89-2ec7-4048-b53b-b69a43919a7a,,word,snaga,сила,Іменник (жін. рід),,2026-09-30 19:09:45.971373+00,A2,1207
bab83b4a-deec-4f77-a9aa-edde7bf4a5a9,,word,slaviti,святкувати,Дієслово,,2026-09-30 19:23:19.225661+00,A2,2025
bad70e1a-2f10-494a-b0f2-d33b9dd47054,,word,okolina,"довкілля, середовище",Іменник (жін. рід),,2026-09-30 19:07:18.68248+00,B1,1000
bae69c00-4b42-4344-93f9-e22bc4cd8bfb,,word,književnost,література,Іменник (жін. рід),,2026-09-30 19:16:18.104507+00,B1,1860
baf30ed7-626d-4ac8-9dd6-110d34d249fd,,word,arhiva,архів,Іменник (жін. рід),,2026-09-30 19:13:58.595598+00,B1,1561
baf42a3d-d37b-4637-a6b0-7105f10a92d1,,word,službenik,службовець,Іменник (чол. рід),,2026-09-30 19:11:45.674946+00,A2,1304
bafcbc06-b68b-40ce-a6fe-8caa6a27b848,,word,sve,все,Означальний займенник,,2026-09-30 18:50:08.476847+00,A1,108
bafe84a9-75f8-4fd9-839d-ff0ec9865126,,word,potomak,нащадок,Іменник (чол. рід),,2026-09-30 19:46:32.987066+00,B1,2761
baffccad-1519-4464-898b-1c9afc70c335,9ff8ccfd-58f7-457d-9025-a5f1ee9d75df,word,desno,праворуч,[де́сно],,2026-09-30 11:18:03.517183+00,A1,100
bb01fb2d-a5d3-4abb-92c5-cfe0b6a7b7e4,,word,donijeti,принести,Дієслово руху,,2026-09-30 18:50:08.476847+00,A1,179
bb097e65-92d6-4b47-bd7c-58007f07f2cb,,word,fotelja,крісло,Іменник (жін. рід),,2026-09-30 19:11:45.674946+00,A2,1419
bb1b4618-d6fe-4fda-b16d-e6ddb746c7db,,word,kolebati se,вагатися,Зворотне дієслово,,2026-09-30 19:43:27.289764+00,B1,2575
bb20d2f8-bc36-402c-9440-45f2a71d2adc,,word,odgovor,відповідь,Іменник (чол. рід),,2026-09-30 19:43:27.289764+00,A1,2689
bb25b716-856d-4b7e-b537-6d603f71ddea,,word,oštar,гострий,Якісний прикметник,,2026-09-30 19:02:53.78951+00,A2,741
bb2f4a2e-10af-4527-897e-20fa241ab59e,,word,preboljeti,"перехворіти, пережити (біль)",Дієслово,,2026-09-30 19:43:27.289764+00,B1,2627
bb32a6b3-d703-4fdc-b623-89e202204eeb,,word,unaokolo,навкруги,Прислівник,,2026-09-30 19:43:27.289764+00,B1,2397
bb3a4480-23d5-4a9e-8a9c-a9714eba9847,,word,trajekt,пором,Іменник (чол. рід),,2026-09-30 19:11:45.674946+00,A2,1362
bb3bc9e6-c108-43ef-aeab-3501c1e13925,aef634c7-836d-4d7d-9ae4-41fa0012b5b3,phrase,Koliko puta dnevno?,Скільки разів на день?,[Колі́ко пу́та дне́вно],,2026-09-30 11:18:04.076329+00,A1,100
bb422b14-a893-4af4-afe9-ad15dc802c80,,word,šef,керівник,Іменник (чол. рід),,2026-09-30 19:09:45.971373+00,A2,1165
bb5a242a-4614-4da6-816a-6f2dcebe2115,,word,primiti,отримати,Дієслово,,2026-09-30 18:54:20.802874+00,A2,461
bb604cc8-42e7-4d4e-95e5-dc6d8f0a97b7,,word,vjetar,вітер,Іменник (чол. рід),,2026-09-30 18:51:44.601106+00,A2,219
bb62342d-08a7-4ffa-8313-15e523e0c769,,word,zavoj,бинт,Іменник (чол. рід),,2026-09-30 19:16:11.208603+00,A2,1522
bb6c9c7c-cd37-440f-a316-aba49bade2d6,,word,završiti,закінчити,Дієслово,,2026-09-30 19:23:19.225661+00,A1,2030
bba22542-fb71-4350-a52b-426700906be4,,word,talenat,талант,Іменник (чол. рід),,2026-09-30 19:07:18.68248+00,A2,978
bba856ac-6e86-4710-8019-36c5d81959ce,,word,financije,фінанси,"Іменник (жін. рід, мн.)",,2026-09-30 19:13:58.595598+00,B1,1659
bba9bb4f-c80f-4151-945e-0b49ea270d3c,,word,auto,автомобіль,Іменник (чол. рід),,2026-09-30 18:51:44.601106+00,A1,201
bbb6289b-600e-41b1-9c2c-66b2e02c2dcc,,word,balkon,балкон,Іменник (чол. рід),,2026-09-30 19:11:45.674946+00,A2,1408
bbcc97f9-a07b-457b-a8cf-6acad9043273,6a50fa7b-a8d3-4cde-9039-ad17309ed1e2,dialogue_line,Gost: Molim vas jednu kavu s mlijekom i čaj.,"Будь ласка, одну каву з молоком та чай.",,,2026-09-30 11:18:03.287284+00,A1,100
bc04992f-c99e-4bb1-8998-2a887b893dfe,,word,nesvjestica,непритомність,Іменник (жін. рід),,2026-09-30 19:16:11.208603+00,B1,1537
bc2d9bce-1aaf-4432-994d-5cfbd08fca0d,,word,otkriti,відкрити,Дієслово,,2026-09-30 19:43:27.289764+00,B1,2584
bc31d747-7508-43fe-aef5-2774b4752c97,,word,bilo što,будь-що,Вираз,,2026-09-30 19:37:28.32227+00,B1,2360
bc394b2d-5ad3-4ca7-9282-72573033acd3,,word,ohol,"зухвалий, гордовитий",Якісний прикметник,,2026-09-30 19:43:27.289764+00,B1,2307
bc47d735-eda4-4e84-b563-95860ae598ee,,word,napet,напружений,Якісний прикметник,,2026-09-30 19:37:28.32227+00,B1,2327
bc544bb3-a510-4cbc-a88a-72d82f022aec,00000000-0000-0000-0000-000000000008,word,Ulje u mjenjaču,Мастило в коробці передач,,,2026-09-30 13:44:23.68813+00,A1,100
bc74b136-5c32-4980-a32a-30d3bfb6b156,,word,liječiti,лікувати,Дієслово,,2026-09-30 19:43:27.289764+00,A2,2633
bc7c3d13-3689-4630-9d31-ae0be4675213,,word,šala,жарт,Іменник (жін. рід),,2026-09-30 18:55:51.229682+00,A2,531
bc8065f7-4294-4fbb-a5cc-799e004490be,,word,direktor,директор,Іменник (чол. рід),,2026-09-30 18:53:00.692622+00,A2,342
bc882e5b-9e3c-4205-8248-894c902a2196,,word,odbiti,відмовити,Дієслово,,2026-09-30 19:02:53.78951+00,B1,717
bc91d052-d2d5-44f0-9759-5931fc656a26,,word,proputovati,подорожувати всюди,Дієслово,,2026-09-30 19:37:28.32227+00,B1,2459
bca8d499-8d5a-44d6-a17e-a1b83e88755d,,word,naprijed,вперед,Прислівник,,2026-09-30 19:43:27.289764+00,A1,2388
bcbbb09a-b6dd-414d-83f3-78ec8dd8d30b,aef634c7-836d-4d7d-9ae4-41fa0012b5b3,dialogue_line,Ljekarnik: Imate li visoku temperaturu?,У вас є висока температура?,,,2026-09-30 11:18:04.076329+00,A1,100
bcc34e7f-5818-4a1f-87c0-2b26b8865829,,word,pristojnost,чемність,Іменник (жін. рід),,2026-09-30 19:02:53.78951+00,B1,775
bcd0cf82-3734-43be-8ef5-90dddf60dd76,,word,unuk,онук,Іменник (чол. рід),,2026-09-30 19:09:45.971373+00,B1,1268
bcfaa594-d1cf-47ee-b3e7-b2b859b5e59b,,word,daleko,далеко,Прислівник,,2026-09-30 19:43:27.289764+00,A1,2395
bcfd212a-a0b0-4e92-a7ea-27b8c24e02c3,,word,trovanje,отруєння,Іменник (сер. рід),,2026-09-30 19:16:11.208603+00,B1,1536
bd0194dd-24e5-4c3a-9dea-d04231d86dad,,word,studij,навчання,Іменник (чол. рід),,2026-09-30 19:46:32.987066+00,A2,2884
bd066f06-70fa-4f5a-9788-8b548a2f4962,,word,državljanstvo,громадянство,Іменник (сер. рід),,2026-09-30 19:13:58.595598+00,B1,1583
bd1b1794-5bed-40c9-b8ad-4768a5b510a5,,word,soba,кімната,Іменник (жін. рід),,2026-09-30 19:07:18.68248+00,A1,1068
bd1bad02-2594-4b68-969e-bd244dc394b0,,word,vjerovati,вірити,Дієслово,,2026-09-30 19:23:19.225661+00,A2,1971
bd308811-5044-4c50-9554-d4ac320928af,,word,bez,без,Прийменик,,2026-09-30 18:54:20.802874+00,A1,453
bd38e2df-4d2e-4a50-b88b-59582666250d,cdbe8d84-ac8f-4a14-850b-f3d49dab1e9a,phrase,Nema tople vode.,Немає гарячої води.,[Не́ма то́пле во́де],,2026-09-30 11:18:03.738799+00,A1,100
bd4a1bac-4665-4dec-8812-70863e9c283e,,word,užina,перекус,Іменник (жін. рід),,2026-09-30 19:34:28.835177+00,A2,2180
bd5fdce8-27e5-4189-ae1b-a061a7ee765b,,word,emocija,емоція,Іменник (жін. рід),,2026-09-30 19:07:18.68248+00,A2,1027
bd698833-78fb-4b58-93f9-4384cbbb51f4,,word,tužba,позов,Іменник (жін. рід),,2026-09-30 19:05:19.501424+00,B1,852
bd923033-1377-4d08-87e4-c7cae4f9b91a,cdbe8d84-ac8f-4a14-850b-f3d49dab1e9a,phrase,Kada možete doći popraviti?,Коли можете прийти полагодити?,[Ка́да мо́жете до́чі попра́віті],,2026-09-30 11:18:03.738799+00,A1,100
bdaed66a-f9b8-4178-a466-06bf5a8e6046,,word,okruglo,приблизно (про ціну),Прислівник,,2026-09-30 19:43:27.289764+00,B1,2363
bdb75767-5f2d-4d08-b055-e925d6f94166,,word,zavoj,бинт,Іменник (чол. рід),,2026-09-30 19:13:58.595598+00,A2,1522
bdbf1ee3-d49a-44e6-a63a-c7e278c16a92,,word,ministar,міністр,Іменник (чол. рід),,2026-09-30 18:55:51.229682+00,B1,566
bde8659c-8a97-4e0f-94ce-ef1ad603025f,,word,razvod,розлучення,Іменник (чол. рід),,2026-09-30 19:46:32.987066+00,B1,2764
bdf10469-9de2-4f48-a474-09dec0dcd38d,,word,surađivati,співпрацювати,Дієслово,,2026-09-30 19:23:19.225661+00,B1,2015
bdfabe9b-b31c-4c1f-85e7-5d682a684316,cdbe8d84-ac8f-4a14-850b-f3d49dab1e9a,phrase,Gdje je prekidač za struju?,Де щиток/вимикач струму?,[Ґдє є прекі́дач за стру́ю],,2026-09-30 11:18:03.738799+00,A1,100
be1aa4a1-67f7-4a6a-b213-6f93c84d9530,,word,ništa,нічого,Заперечний займенник,,2026-09-30 18:50:08.476847+00,A1,109
be2dfb0d-efca-45ae-8bdd-6be2b5234a8c,,word,mir,мир,Іменник (чол. рід),,2026-09-30 19:16:11.208603+00,A2,1629
be31f5fd-2498-40e1-a1eb-892de80d3cf5,,word,opasnost,небезпека,Іменник (жін. рід),,2026-09-30 19:34:28.835177+00,A2,2221
be732a1f-d80d-47be-91a8-bc5c25b19f51,,word,sirovina,сировина,Іменник (жін. рід),,2026-09-30 19:46:32.987066+00,B1,2940
be8457ec-cf6f-4102-98b1-45887751b16c,,word,pivo,пиво,Іменник (сер. рід),,2026-09-30 18:51:44.601106+00,A1,238
be93ee09-abd4-4f4f-944e-23e5a8b1a875,9e3f6972-10fa-4c25-8fed-80a5148f5c44,phrase,Trebam pomoć.,Мені потрібна допомога.,[Тре́бам по́моч],,2026-09-30 11:18:02.743916+00,A1,100
be97f583-1b2a-44ed-bf58-6a9e9ab4c55e,,phrase,zlonamjerni softver,шкідливе ПЗ,Вираз,,2026-09-30 19:16:18.104507+00,B1,1789
bea34a83-dfa6-484a-87e0-fac80939d8a1,,word,članak,стаття,Іменник (чол. рід),,2026-09-30 19:07:18.68248+00,A2,1099
becdcd82-2f92-453d-8c52-0038ec143ea4,,word,dopustiti,дозволити,Дієслово,,2026-09-30 19:43:27.289764+00,B1,2529
bee1bcef-7ffc-45e4-b8c7-48a746529409,,word,pegla,праска,Іменник (жін. рід),,2026-09-30 19:11:45.674946+00,A2,1463
bee5291a-85ed-42b7-a1d4-fe7f61dbd360,,word,planirati,планувати,Дієслово,,2026-09-30 19:07:18.68248+00,A2,926
beed7bf9-c14b-4a28-aae2-0df65bd2f712,,word,podržati,підтримати,Дієслово,,2026-09-30 19:43:27.289764+00,B1,2594
bef25d93-8db0-4a87-8a11-9696b227be96,,word,kredit,кредит,Іменник (чол. рід),,2026-09-30 19:05:19.501424+00,A2,828
bef302a5-c09f-4d73-85a4-3f88b43b451b,,word,представити се -> predstaviti se,представитися,Зворотне дієслово,,2026-09-30 19:23:19.225661+00,A2,2079
bf0dd535-ccb2-432d-8870-af72a0235057,,word,snijeg,сніг,Іменник (чол. рід),,2026-09-30 19:46:32.987066+00,A2,2956
bf3802ce-88db-421c-9011-3d9f3257a6fc,,word,povrće,овочі,Іменник (сер. рід),,2026-09-30 18:51:44.601106+00,A1,230
bf5efcba-c0e0-414f-9ceb-c89931ff6c46,,word,stvarnost,реальність,Іменник (жін. рід),,2026-09-30 18:57:19.23543+00,B1,654
bf61aced-8723-4e77-b9d1-5f76a5ffcf18,bbe9211f-51f2-4654-a98f-528ffb57e9ad,dialogue_line,B: Izvolite. Trebate li još nešto?,Прошу. Потрібно ще щось?,,,2026-09-30 11:18:03.043652+00,A1,100
bf7c0a6f-0ae2-426d-bba9-14b4110089fe,,word,lonac,каструля,Іменник (чол. рід),,2026-09-30 19:11:45.674946+00,A2,1448
bf8fe3af-69aa-48d5-a307-317d9a9a5c2f,,word,smanjiti se,зменшитися,Зворотне дієслово,,2026-09-30 19:07:18.68248+00,B1,936
bfaac532-7fb2-4f20-bffd-ff4891158409,,word,politika,політика,Іменник (жін. рід),,2026-09-30 19:09:45.971373+00,B1,1288
bfaaeead-1e03-4cc4-9c99-4c35fce6a74a,,word,bol,біль,Іменник (жін. рід),,2026-09-30 19:16:11.208603+00,A2,1529
bfad1ef7-7913-455b-be43-3aa9c9516fc7,,word,šuma,ліс,Іменник (жін. рід),,2026-09-30 19:46:32.987066+00,A2,2965
bfbc51fa-5e39-42c3-b6d1-201e72ef4328,,word,otputovati,відбути,Дієслово,,2026-09-30 19:43:27.289764+00,B1,2458
bfc86477-844b-45ac-b255-1bd7782a0bef,,word,plaća,заробітна плата,Іменник (жін. рід),,2026-09-30 18:53:00.692622+00,A2,343
bfd06815-49bf-4b29-acf7-f10648f17f9b,,word,okolnost,обставина,Іменник (жін. рід),,2026-09-30 19:07:18.68248+00,B1,1083
bfe784a6-ee3c-4261-8989-cc4a494e932c,,word,prosvjed,протест,Іменник (чол. рід),,2026-09-30 19:43:27.289764+00,B1,2445
bfef6692-75f5-4bfa-9507-d5f79bb5dd74,,word,teorija,теорія,Іменник (жін. рід),,2026-09-30 19:46:32.987066+00,B1,2890
c016192c-1bfd-4703-9d60-418561e1c1b8,,word,programirati,програмувати,Дієслово,,2026-09-30 19:43:27.289764+00,B1,2558
c0333584-c634-4319-b5df-28fd7b95597a,,word,proračun,бюджет,Іменник (чол. рід),,2026-09-30 19:05:19.501424+00,B1,823
c03b5c23-97f8-467a-9856-2c643cc81020,,word,roditelji,батьки,"Іменник (чол. рід, мн.)",,2026-09-30 19:09:45.971373+00,A1,1259
c045c856-b61f-47a0-8cf5-3678442255cb,00000000-0000-0000-0000-000000000009,phrase,Moj pas treba godišnje cjepivo.,Моєму собаці потрібне щорічне щеплення.,,,2026-09-30 13:44:23.927236+00,A1,100
c04a3b7f-cb9e-479d-bec4-8550c211b10f,,word,znanje,знання,Іменник (сер. рід),,2026-09-30 19:07:18.68248+00,A2,974
c04bfaf6-ec1c-4dd4-8fff-f6692f0d7402,00000000-0000-0000-0000-000000000007,dialogue_line,Developer: Završio sam backend dio. Danas radim na testiranju.,Розробник: Я закінчив бекенд частину. Сьогодні працюю над тестуванням.,,,2026-09-30 13:44:23.450621+00,A1,100
c07c57d2-6de2-4069-89e1-4e10c4b430ce,,word,temelj,фундамент,Іменник (чол. рід),,2026-09-30 19:34:28.835177+00,B1,2228
c089e7ac-80a0-421d-a131-07330b0bddbb,,word,fakultet,"факультет, університет",Іменник (чол. рід),,2026-09-30 19:09:45.971373+00,A2,1140
c0a80cdf-7fbd-4884-adb5-69d1dee85d79,,word,strah,страх,Іменник (чол. рід),,2026-09-30 18:55:51.229682+00,A2,517
c0d5f07e-78a1-48d5-82ce-a54f796c9078,,word,nestrpljiv,нетерплячий,Якісний прикметник,,2026-09-30 19:37:28.32227+00,B1,2313
c0f3f8f6-3598-44a3-9d8d-56203149eab7,,word,štoviše,більше того,Прислівник,,2026-09-30 19:37:28.32227+00,B1,2352
c10d4fb3-6134-40b1-accd-c17cdee19228,,word,ovisiti,залежати,Дієслово,,2026-09-30 19:23:19.225661+00,B1,2072
c10fdd90-acd1-488c-886a-106ec434aefe,6a50fa7b-a8d3-4cde-9039-ad17309ed1e2,word,čaša,склянка,[ча́ша],,2026-09-30 11:18:03.287284+00,A1,100
c1462ed4-f4e9-43c1-8ddb-e8ee831afa6c,,word,nestrpljiv,нетерплячий,Якісний прикметник,,2026-09-30 19:43:27.289764+00,B1,2313
c158d179-a505-4efb-89e7-4d6d7f712a48,,word,količina,кількість,Іменник (жін. рід),,2026-09-30 18:57:19.23543+00,A2,634
c1635946-0123-4004-810d-1767a6e6f9e0,,word,surađivati,співпрацювати,Дієслово,,2026-09-30 19:07:18.68248+00,B1,902
c1766d27-4a70-4d48-b69c-6babd0b2ff77,,word,štednja,заощадження,Іменник (жін. рід),,2026-09-30 19:16:11.208603+00,B1,1689
c17d819f-07cd-49fc-91b7-87b5d9181ced,,word,rasti,рости,Дієслово,,2026-09-30 19:43:27.289764+00,A2,2571
c1866cb6-4359-4fa6-8843-26f40f1fe993,,word,groznica,гарячка,Іменник (жін. рід),,2026-09-30 19:16:11.208603+00,B1,1531
c188da4c-46a2-4da2-9055-99f192d63e0a,,word,dionica,акція (фондова),Іменник (жін. рід),,2026-09-30 19:05:19.501424+00,B1,834
c195eb4a-d2e2-45af-afe8-80b24bcd65a3,,word,voda,вода,Іменник,,2026-09-30 18:47:44.824275+00,A1,77
c19e10a3-9e88-49fb-b5cb-140a69ef5f67,,phrase,hitna pomoć,швидка допомога,Вираз,,2026-09-30 19:16:11.208603+00,A2,1538
c1b84f18-7c62-4e4c-8697-b0eb9c43f256,,word,modernizacija,модернізація,Іменник (жін. рід),,2026-09-30 19:43:27.289764+00,B1,2682
c1c4c390-7e35-4e20-8f15-4c2c4ac59454,,word,piti,пити,Дієслово побутове,,2026-09-30 18:47:44.824275+00,A1,55
c1cc8865-97d9-4ae4-a5d0-3bed46e40bb2,,word,poruka,повідомлення,Іменник (жін. рід),,2026-09-30 18:53:00.692622+00,A1,353
c1d4977f-b5e5-425a-bec0-acd55fbd6455,,word,radost,радість,Іменник (жін. рід),,2026-09-30 19:46:32.987066+00,A2,2774
c1d4cc44-3631-4915-9e2b-990dde05737a,9ff8ccfd-58f7-457d-9025-a5f1ee9d75df,word,centar,центр,[це́нтар],,2026-09-30 11:18:03.517183+00,A1,100
c1e69240-da0c-47db-ac82-f3af81427cc3,,word,navodno,нібито,Прислівник,,2026-09-30 19:37:28.32227+00,B1,2382
c1e783cb-38f8-4e9b-9074-30cbd023de24,,word,rečenica,речення,Іменник (жін. рід),,2026-09-30 19:09:45.971373+00,A2,1125
c1f39e6f-97d3-4129-ab88-8f9b353b2ef7,6a50fa7b-a8d3-4cde-9039-ad17309ed1e2,word,jelovnik,меню,[єло́внік],,2026-09-30 11:18:03.287284+00,A1,100
c2053cb9-a6d0-4ff6-abc6-311698389a99,9ff8ccfd-58f7-457d-9025-a5f1ee9d75df,word,daleko,далеко,[дале́ко],,2026-09-30 11:18:03.517183+00,A1,100
c2098912-6f35-4de3-92ed-25b05bc131f4,,word,vlada,уряд,Іменник (жін. рід),,2026-09-30 19:09:45.971373+00,B1,1284
c2345b5a-e004-425c-9c3d-f0f70ab90c58,,word,dužina,довжина,Іменник (жін. рід),,2026-09-30 18:54:20.802874+00,A2,410
c242ac33-6d81-40d2-aa33-939018d48dfd,,word,polica,страховий поліс,Іменник (жін. рід),,2026-09-30 19:13:58.595598+00,B1,1555
c2483856-afcb-4978-9e93-e57bad50e29d,,word,ocean,океан,Іменник (чол. рід),,2026-09-30 19:46:32.987066+00,A2,2972
c24bc506-2f35-4472-abf1-0947d4f41592,,word,pomoć,допомога,Іменник (жін. рід),,2026-09-30 19:05:19.501424+00,A1,858
c24c71a0-8dd4-46c1-8325-b6a6276ff00f,,word,sreća,щастя,Іменник (жін. рід),,2026-09-30 19:46:32.987066+00,A1,2772
c250e952-4687-4a49-ad71-1995d8e7e1ce,,word,mikrofon,мікрофон,Іменник (чол. рід),,2026-09-30 19:16:18.104507+00,A2,1768
c253cd82-26a1-42e8-a7ab-891a2b5d9612,,word,prosvjed,протест,Іменник (чол. рід),,2026-09-30 19:37:28.32227+00,B1,2445
c26056f1-6b71-429e-a68e-19d3d26f3cd4,,word,shvatiti,"зрозуміти, осягнути",Дієслово,,2026-09-30 19:02:53.78951+00,A2,705
c26fa347-2185-4300-bf16-a5f6085638fa,,word,loše,погано,Прислівник / прикметник,,2026-09-30 18:47:44.824275+00,A1,58
c29f69ce-631c-4705-9b00-7ce609d12c92,,word,grozno,жахливо,Прислівник,,2026-09-30 18:54:20.802874+00,A2,419
c2a0a2f0-97c2-4f45-a5e1-be3d3f865bf5,,word,jamstvo,гарантія,Іменник (сер. рід),,2026-09-30 19:09:45.971373+00,B1,1176
c2ca209d-fc4e-4274-86d3-a7fa69c828dd,,word,kazalište,театр,Іменник (сер. рід),,2026-09-30 18:53:00.692622+00,A2,368
c2d748be-cc48-43f3-8e71-77bfc2a0867a,,word,kemija,хімія,Іменник (жін. рід),,2026-09-30 19:16:18.104507+00,A2,1841
c2db4a57-8ff4-43a3-82ab-2e454b0a1b11,,word,nestati,зникнути,Дієслово,,2026-09-30 19:23:19.225661+00,B1,2050
c2f45edc-046d-44ba-97b8-0e131a6c7dcb,,word,odmah,одразу,Прислівник,,2026-09-30 18:54:20.802874+00,A1,427
c2f4f93c-f303-44df-96e4-980f7919c550,,word,majica,футболка,Іменник (жін. рід),,2026-09-30 19:11:45.674946+00,A1,1476
c2ff200f-bdf1-450d-ae1e-d26a6ff55848,,word,nacija,нація,Іменник (жін. рід),,2026-09-30 18:55:51.229682+00,B1,552
c30c1817-c40e-4027-8e8d-99ca00f0b4f3,,word,bježati,тікати,Дієслово,,2026-09-30 19:37:28.32227+00,A2,2486
c311773a-4f7c-4787-b9e2-4cb72035e646,,word,pažljiv,уважний,Якісний прикметник,,2026-09-30 19:37:28.32227+00,A2,2315
c3246e10-7322-4e84-b3e8-7bc5cba69ffb,,word,dopustiti,дозволити,Дієслово,,2026-09-30 19:02:53.78951+00,B1,719
c329008d-97c8-4eb0-9868-b1ea8428929d,,word,banka,банк,Іменник (жін. рід),,2026-09-30 18:51:44.601106+00,A1,208
c352c8c0-c535-49be-ba0d-9a0d021a2e51,,word,pasti u nesvijest,знепритомніти,Вираз,,2026-09-30 19:43:27.289764+00,B1,2644
c354516b-c635-4246-999d-0c00d0001331,,word,policija,поліція,Іменник (жін. рід),,2026-09-30 19:37:28.32227+00,A1,2426
c3614504-a633-4d15-a0bf-9087f8ab2c47,,word,on,він,Особовий займенник (3 ос. одн.),,2026-09-30 18:47:44.824275+00,A1,7
c3721112-656e-445f-b5a4-965c403efafd,,word,uvjet,умова,Іменник (чол. рід),,2026-09-30 19:16:18.104507+00,A2,1729
c38a5b13-17f6-47c4-b673-2eddb97ac26e,,word,sudoper,мийка (на кухні),Іменник (чол. рід),,2026-09-30 19:11:45.674946+00,B1,1437
c38ae269-2948-4a08-9a59-83b9b8446227,,word,ispit,іспит,Іменник (чол. рід),,2026-09-30 18:53:00.692622+00,A2,378
c397c119-4074-4228-a314-dfabda7aca07,,word,pravda,справедливість,Іменник (жін. рід),,2026-09-30 19:16:11.208603+00,B1,1603
c3a862c5-6638-4d77-9a74-11119b4d967e,,word,ravnoteža,рівновага,Іменник (жін. рід),,2026-09-30 19:05:19.501424+00,B1,900
c3b55b02-8821-45a0-a5be-013f989a5f41,,word,dežurstvo,чергування,Іменник (сер. рід),,2026-09-30 19:13:58.595598+00,B1,1647
c3c808ab-08a7-46e3-8560-2e1d4c52c6f9,,word,radnik,робітник,Іменник (чол. рід),,2026-09-30 18:55:51.229682+00,A2,588
c3d2e011-89de-4be1-aea1-89cd338a2394,,word,sporazum,угода,Іменник (чол. рід),,2026-09-30 19:16:18.104507+00,B1,1726
c3ed47da-d7e6-4944-aeca-040c4f01d357,,word,obveza,зобов'язання,Іменник (жін. рід),,2026-09-30 19:16:18.104507+00,B1,1730
c3ee0ee4-f106-43d8-9216-207e8fedee36,,word,kamen,камінь,Іменник (чол. рід),,2026-09-30 19:09:45.971373+00,A2,1228
c3f47651-1387-4675-9994-c6bea55c9ece,,word,dobit,прибуток,Іменник (жін. рід),,2026-09-30 19:16:11.208603+00,B1,1666
c400482b-a6fa-49ee-ab8e-126488dae220,,word,pista,злітна смуга,Іменник (жін. рід),,2026-09-30 19:11:45.674946+00,B1,1382
c4033054-e7d5-425f-ab70-db2a71acb46f,,word,spreman,готовий,Якісний прикметник,,2026-09-30 18:51:44.601106+00,A2,296
c42195b3-1827-468e-81e2-f24666647e12,,word,kupac,покупець,Іменник (чол. рід),,2026-09-30 19:46:32.987066+00,A2,2931
c422fcc8-ddaa-45b0-a497-7cc1599c7e41,,word,inovacija,інновація,Іменник (жін. рід),,2026-09-30 19:16:18.104507+00,B1,1752
c42f8b30-426c-43cd-a137-79a6274bca4e,,word,pravo,право,Іменник (сер. рід),,2026-09-30 19:05:19.501424+00,A2,848
c430a057-ce8b-4a11-94ce-e828b1986b7a,,word,banka,банк,Іменник (жін. рід),,2026-09-30 19:13:58.595598+00,A1,1688
c445e47d-7c3f-4a1c-be2f-e8466679665b,,word,stvoriti,створити,Дієслово,,2026-09-30 18:54:20.802874+00,B1,491
c4481d63-fb57-4901-b28c-85efc213337e,,word,оčaj,розпач,Іменник (чол. рід),,2026-09-30 19:07:18.68248+00,B1,1036
c4538f57-8ca7-4c27-8228-d68ad1b46432,,word,tržnica,ринок (базар),Іменник (жін. рід),,2026-09-30 19:09:45.971373+00,A2,1199
c47c360d-696d-43d5-bafb-0a34e4cba05b,,word,stupanj,ступінь,Іменник (чол. рід),,2026-09-30 19:34:28.835177+00,B1,2188
c48236c3-072b-47f9-b917-040f2551eeaa,,word,djelovati,діяти,Дієслово,,2026-09-30 19:23:19.225661+00,B1,2082
c48f4fa3-fc73-416a-b30f-8df4e1ffb2ea,,word,odijelo,костюм,Іменник (сер. рід),,2026-09-30 19:11:45.674946+00,A2,1482
c49f723a-792f-4615-a49c-230b5db7db99,,word,vrijeme,час,Іменник (сер. рід),,2026-09-30 19:16:18.104507+00,A1,1823
c4a056f8-fd36-48f5-a7f8-fb2adb26cdff,,word,rukovodstvo,керівництво,Іменник (сер. рід),,2026-09-30 19:37:28.32227+00,B1,2414
c4affe55-3639-4206-919e-45ae53c22164,,word,ovdje,тут,Прислівник місця,,2026-09-30 18:50:08.476847+00,A1,106
c4b1a09d-ea70-494d-b7cb-e042cf542dc8,,word,slučaj,випадок,Іменник (чол. рід),,2026-09-30 19:07:18.68248+00,A2,1086
c4c2c295-1d59-4d64-9abf-ef7ccda94f54,,word,most,міст,Іменник (чол. рід),,2026-09-30 19:11:45.674946+00,A2,1371
c4c47613-80cc-4f9c-8a2b-e351bc79b626,,word,dolazak,приїзд,Іменник (чол. рід),,2026-09-30 19:07:18.68248+00,A2,1056
c4d46ba7-c9e9-495c-b39f-3d8a1d4a326c,,word,brak,шлюб,Іменник (чол. рід),,2026-09-30 19:07:18.68248+00,A2,1019
c4dabb3d-db2f-440b-b505-0199d5d28367,,word,žalba,скарга,Іменник (жін. рід),,2026-09-30 19:46:32.987066+00,B1,2821
c4f4ed06-f0b5-493d-9f01-6f414b58599d,,word,djevojka,дівчина,Іменник (жін. рід),,2026-09-30 19:09:45.971373+00,A1,1257
c50328b5-7eed-48ae-b2c2-265a3a14bfa4,,word,voljeti,"кохати, любити",Дієслово почуттів,,2026-09-30 18:47:44.824275+00,A1,56
c504f2ac-46c5-405f-a5bc-74c954208c10,,word,dokaz,доказ,Іменник (чол. рід),,2026-09-30 19:07:18.68248+00,B1,966
c5161f22-2444-4fd8-b45a-cb323375cc93,,word,evakuacija,евакуація,Іменник (жін. рід),,2026-09-30 19:16:11.208603+00,B1,1649
c51e4539-dd03-492d-b92b-e88f8f1ff5e3,,word,periferija,периферія,Іменник (жін. рід),,2026-09-30 19:34:28.835177+00,B1,2197
c53331ab-e653-433f-9b63-6bf83c4d8ecd,,word,domišljat,винахідливий,Якісний прикметник,,2026-09-30 19:37:28.32227+00,B1,2347
c54635f6-704a-404b-ae19-cde852f091a8,,word,vatrogasci,пожежники,"Іменник (чол. рід, мн.)",,2026-09-30 19:13:58.595598+00,A2,1645
c54f3a86-0526-47eb-9f80-9ad6cd4dfdc2,,word,ruka,рука,Іменник,,2026-09-30 18:47:44.824275+00,A1,72
c56462ef-3bec-4a52-adc8-f2851bb4a99d,,word,osloboditi se,звільнитися,Зворотне дієслово,,2026-09-30 19:37:28.32227+00,B1,2484
c58128d7-2c13-4b49-a8b7-3ac945dc4565,,word,lijen,лінивий,Прикметник,,2026-09-30 19:02:53.78951+00,A2,762
c5aade7c-231f-4b19-ad1f-5cfcdee09304,,word,napasti,напасти,Дієслово,,2026-09-30 18:54:20.802874+00,B1,498
c5b73d10-9b0b-4322-9aa5-f7aad88b10d3,,word,zahvaliti,подякувати,Дієслово,,2026-09-30 19:07:18.68248+00,A2,910
c5dbb522-1628-4653-b2c7-ca849e520abd,,word,bitan,"важливий, суттєвий",Якісний прикметник,,2026-09-30 18:57:19.23543+00,A2,609
c5e864ef-071c-4cbe-80a2-48d3b45c10b5,,word,princip,принцип,Іменник (чол. рід),,2026-09-30 19:07:18.68248+00,B1,988
c608ff2d-2b1a-44cf-9b23-7b52179fdc69,,word,rana,рана,Іменник (жін. рід),,2026-09-30 19:13:58.595598+00,A2,1527
c60e60dc-ae69-4763-bb17-9a759eaa4df1,,word,uzrok,причина,Іменник (чол. рід),,2026-09-30 19:07:18.68248+00,B1,964
c625a557-311e-473c-bc87-d1cf9dc2545f,,word,arhitektura,архітектура,Іменник (жін. рід),,2026-09-30 19:16:18.104507+00,A2,1863
c62644ed-3ab2-474e-bfdb-ff0171b0de1d,,word,brat,брат,Іменник (чол. рід),,2026-09-30 19:46:32.987066+00,A1,2999
c62ee225-e9b0-40a9-9ca1-d1ab8a51352c,,word,potvrda,"довідка, підтвердження",Іменник (жін. рід),,2026-09-30 19:05:19.501424+00,A2,809
c62fd089-cbfe-4e13-90bd-ab9e21f2872e,,word,monolog,монолог,Іменник (чол. рід),,2026-09-30 19:07:18.68248+00,B1,1095
c6342303-ab53-4f81-98b0-47953aacc029,,word,optužiti,звинуватити,Дієслово,,2026-09-30 19:43:27.289764+00,B1,2518
c636f8d0-e569-488a-bae3-2e3e41bbb9c7,,word,rashod,витрата,Іменник (чол. рід),,2026-09-30 19:13:58.595598+00,B1,1669
c63a1b92-0a2b-408c-a6d5-fa4a80dedeaa,,word,napredak,прогрес,Іменник (чол. рід),,2026-09-30 19:02:53.78951+00,B1,785
c647ea88-8db2-41ff-8389-af489e71a7a0,,word,djelo,"твір, робота",Іменник (сер. рід),,2026-09-30 19:09:45.971373+00,B1,1118
c65d97aa-34ff-412f-90ef-9cc1404df0c3,,word,znak,знак,Іменник (чол. рід),,2026-09-30 18:57:19.23543+00,A2,689
c66374be-0238-46cd-88ce-ac81fbeae85b,,word,osjećaj,почуття,Іменник (чол. рід),,2026-09-30 19:46:32.987066+00,A2,2769
c66cf87a-272f-4d33-9626-248e0727ff8b,,word,sveučilište,університет,Іменник (сер. рід),,2026-09-30 19:09:45.971373+00,B1,1141
c6af35d2-9bea-4641-8353-6d14dd15f425,,word,pobjednik,переможець,Іменник (чол. рід),,2026-09-30 18:55:51.229682+00,A2,542
c6ce75d6-a54b-4293-ade2-ca4e70ea9a20,,word,kazna,"покарання, штраф",Іменник (жін. рід),,2026-09-30 19:13:58.595598+00,A2,1614
c6d1b157-da46-42a2-9dc5-58cb43a66819,,word,željeti,бажати,Дієслово почуттів,,2026-09-30 18:50:08.476847+00,A1,153
c71d3a6f-adff-48b3-b0b3-dac9af0873af,,word,pobijediti,перемогти,Дієслово,,2026-09-30 19:23:19.225661+00,A2,2011
c722d862-ab50-417d-9746-942df672f301,00000000-0000-0000-0000-000000000008,phrase,Trebam zamjenu ulja u mjenjaču.,Мені потрібна заміна мастила в коробці передач.,,,2026-09-30 13:44:23.68813+00,A1,100
c752c800-9acd-43b3-aadd-52d34b0fffa9,,word,kaput,пальто,Іменник (чол. рід),,2026-09-30 19:11:45.674946+00,A2,1472
c7537ce7-6b75-4a98-8019-f30795ea979a,,word,petak,п'ятниця,Іменник (чол. рід),,2026-09-30 18:51:44.601106+00,A1,251
c7ac8abe-9eaf-479e-92fc-1cd00298e1b9,,word,lavina,лавина,Іменник (жін. рід),,2026-09-30 19:34:28.835177+00,B1,2217
c7acdca0-3827-46a5-8e88-0b384a8008bd,6a50fa7b-a8d3-4cde-9039-ad17309ed1e2,phrase,Imate li slobodan stol?,У вас є вільний столик?,[І́мате лі сло́бодан стол],,2026-09-30 11:18:03.287284+00,A1,100
c7b0810e-7faf-4d64-aaa0-d78d09a85178,,word,poslati,надіслати,Дієслово,,2026-09-30 19:07:18.68248+00,A2,915
c7c781b4-2d7a-4572-94dc-8c45b0455e83,,word,kolektiv,колектив,Іменник (чол. рід),,2026-09-30 19:34:28.835177+00,B1,2146
c7df0e70-9970-4c9c-bb2b-0076a72e0543,,word,miš,миша (комп'ютерна),Іменник (чол. рід),,2026-09-30 18:53:00.692622+00,A2,351
c7e89b91-d1c5-416d-9a92-3bb558f9dc12,,word,zamišljati,уявляти,Дієслово,,2026-09-30 19:23:19.225661+00,B1,1970
c7f2c653-9321-4b1b-a02f-3e6f81600188,,word,raditi,робити,Дієслово дії,,2026-09-30 18:47:44.824275+00,A1,48
c81bb749-4b0b-4f3d-b427-025e277f6999,,word,kupiti,купити,Дієслово,,2026-09-30 19:23:19.225661+00,A1,2090
c8603da7-b4a0-409f-88ec-15858d80920e,,word,podržati,підтримати,Дієслово,,2026-09-30 18:54:20.802874+00,B1,496
c86e0d77-9825-4f23-ac95-3df20a3ef058,,word,kovanica,монета,Іменник (жін. рід),,2026-09-30 19:13:58.595598+00,A2,1680
c8769161-58b9-40d3-b646-186a895957f4,9ff8ccfd-58f7-457d-9025-a5f1ee9d75df,dialogue_line,Prolaznik: Idite pravo i onda skrenite lijevo. Tamo je veliki parking.,Ідіть прямо і потім поверніть ліворуч. Там великий паркінг.,,,2026-09-30 11:18:03.517183+00,A1,100
c8ab5ec4-98d6-4e0f-bafb-6ec29327327d,,word,izazov,виклик,Іменник (чол. рід),,2026-09-30 19:02:53.78951+00,B1,792
c8b250af-7d16-4a74-babd-29bd9ba241fc,,word,račun,рахунок,Іменник (чол. рід),,2026-09-30 19:16:18.104507+00,A1,1720
c8cb48cc-ce20-489e-aae6-12ef50163f68,,word,brdo,пагорб,Іменник (сер. рід),,2026-09-30 19:46:32.987066+00,A2,2967
c8ce6dbf-d41c-4473-a580-ac18d2f8215b,,word,problem,проблема,Іменник (чол. рід),,2026-09-30 19:07:18.68248+00,A1,1080
c8d32088-bb50-4030-875e-a4ad727170c1,,word,informacija,інформація,Іменник (жін. рід),,2026-09-30 19:07:18.68248+00,A2,972
c8dc8458-afbc-4d5d-bea7-16399c2c9f71,,word,vodič,"посібник, гід",Іменник (чол. рід),,2026-09-30 19:16:18.104507+00,A2,1797
c8dee7b2-2959-4970-b268-80f188bb4686,,word,lutati,блукати,Дієслово,,2026-09-30 19:37:28.32227+00,B1,2460
c8e3989c-0874-43cd-959b-e2c9f59229aa,,word,mašta,уява,Іменник (жін. рід),,2026-09-30 19:07:18.68248+00,B1,981
c8ecd58e-8396-429f-b974-c9623041ba45,,word,usisavač,пилосос,Іменник (чол. рід),,2026-09-30 19:11:45.674946+00,A2,1465
c8f096db-2e07-405a-9f37-a7a7a91bbe9a,,word,dijeliti,ділити,Дієслово,,2026-09-30 19:23:19.225661+00,A2,2057
c911eb4e-e69b-4604-9872-e723e0745393,,word,tijekom,протягом,Прийменик,,2026-09-30 18:54:20.802874+00,B1,456
c913e518-e077-4d58-9758-c9ee62067b19,,word,olakšati,полегшити,Дієслово,,2026-09-30 19:02:53.78951+00,B1,723
c9165e9d-eba6-4da6-983c-dfccca86b23e,,word,narukvica,браслет,Іменник (жін. рід),,2026-09-30 19:13:58.595598+00,A2,1502
c94f2134-d37f-4933-b1da-02600025b065,,word,preuzeti,"забрати, перейняти",Дієслово,,2026-09-30 19:07:18.68248+00,B1,917
c951e34a-6e01-4001-95b0-5218e9a47c30,00000000-0000-0000-0000-000000000007,word,Zastoj,Блокер (перешкода),,,2026-09-30 13:44:23.450621+00,A1,100
c96bddcb-c774-4a09-b83d-b428173e48fa,,word,boravište,місце перебування,Іменник (сер. рід),,2026-09-30 19:16:11.208603+00,A2,1581
c96f62d2-235e-4a0f-b1ac-07473a5e1b46,,word,odgovoriti,відповісти,Дієслово,,2026-09-30 19:23:19.225661+00,A1,1942
c9707b4c-f40e-4b63-992e-13f3a48b839e,bbe9211f-51f2-4654-a98f-528ffb57e9ad,word,cijena,ціна,[ціє́на],,2026-09-30 11:18:03.043652+00,A1,100
c98f158b-d253-459a-bd46-2a6405e84188,,word,taman,темний,Якісний прикметник,,2026-09-30 19:34:28.835177+00,A2,2263
c99e3d72-9e62-41d7-861c-875c38225bb3,,word,mirovina,пенсія,Іменник (жін. рід),,2026-09-30 19:13:58.595598+00,A2,1552
c9a1a88d-daa7-40d1-8c41-4ab0a9ec52da,9e3f6972-10fa-4c25-8fed-80a5148f5c44,dialogue_line,A: Dobar dan! Kako ste?,Добрий день! Як ви?,,,2026-09-30 11:18:02.743916+00,A1,100
c9d97a50-ee37-4277-9668-b8aa55d1a793,,word,valuta,валюта,Іменник (жін. рід),,2026-09-30 19:09:45.971373+00,A2,1191
c9df8b26-3c20-439d-98d2-6152bf05b7e9,,word,smiriti se,заспокоїтися,Зворотне дієслово,,2026-09-30 19:37:28.32227+00,A2,2495
c9ee6cb2-acf7-48e8-8cba-e3d360ba4b1c,bbe9211f-51f2-4654-a98f-528ffb57e9ad,word,mlijeko,молоко,[мліє́ко],,2026-09-30 11:18:03.043652+00,A1,100
ca21497d-e049-4802-b159-9c91b3f917eb,,word,jednostavnost,простота,Іменник (жін. рід),,2026-09-30 19:34:28.835177+00,B1,2174
ca542e5f-86e3-4bb2-9a18-2b2648c76478,,word,čekati,чекати,Дієслово дії,,2026-09-30 18:50:08.476847+00,A1,168
ca58b9ff-19b2-4d06-be84-8a6ffa651f62,,word,beskoristan,марний,Якісний прикметник,,2026-09-30 19:43:27.289764+00,B1,2336
ca88183c-58da-49c9-ae96-97d6b5f3ba29,,word,plitak,мілкий,Якісний прикметник,,2026-09-30 19:02:53.78951+00,A2,730
caa50bff-8412-4c54-a897-1e6acd561048,,word,drvo,дерево,Іменник (сер. рід),,2026-09-30 19:09:45.971373+00,A2,1244
cab8449b-595e-4acc-8d79-38d06516b201,,word,glazba,музика,Іменник (жін. рід),,2026-09-30 19:16:18.104507+00,A1,1874
cac5b2ef-f7a2-4c8e-9e7c-163829eada07,,word,pacijent,пацієнт,Іменник (чол. рід),,2026-09-30 19:16:11.208603+00,A2,1549
cac7eddd-51ef-4447-98c3-56d1ac7499ef,,word,običaj,звичай,Іменник (чол. рід),,2026-09-30 19:43:27.289764+00,B1,2749
cad9d597-c836-4bd1-98d4-30473c23a3e1,,word,soba,кімната,Іменник (жін. рід),,2026-09-30 19:11:45.674946+00,A1,1396
cb04321f-b60f-4a46-a6cf-07fb44348a6f,,word,izgubiti,"програти, втратити",Дієслово,,2026-09-30 19:23:19.225661+00,A2,2012
cb0b0ea4-598a-4fa8-90c1-69431c93bc5f,,word,manifestacija,маніфестація,Іменник (жін. рід),,2026-09-30 19:37:28.32227+00,B1,2444
cb18a1a1-a1e9-42b3-975b-41da176f77c3,,word,vrijednost,вартість,Іменник (жін. рід),,2026-09-30 19:16:11.208603+00,A2,1677
cb37b771-92dd-46ba-bcb4-6d7633153e47,,word,domaćin,господар,Іменник (чол. рід),,2026-09-30 19:46:32.987066+00,A2,2816
cb3b04f4-2d63-4470-a8f1-2816ef05a29f,,word,jabuka,яблуко,Іменник (жін. рід),,2026-09-30 18:51:44.601106+00,A1,234
cb5bd343-3105-4b53-a72f-f92d66598957,6a50fa7b-a8d3-4cde-9039-ad17309ed1e2,phrase,Želim naručiti.,Я хочу замовити.,[Же́лім нару́чіті],,2026-09-30 11:18:03.287284+00,A1,100
cb8567be-38cb-429f-9d34-bdadca5c691e,,word,slab,слабкий,Якісний прикметник,,2026-09-30 19:34:28.835177+00,A2,2238
cba50d8c-2c93-4e23-b961-771fd5caf964,,word,policija,поліція,Іменник (жін. рід),,2026-09-30 19:43:27.289764+00,A1,2426
cbc7e520-fe04-43d0-b8af-a4f593c4cf5d,,word,obično,зазвичай,Прислівник,,2026-09-30 18:54:20.802874+00,A2,433
cbd7ec86-dc09-4375-9956-46e2048a952f,,word,vojska,армія,Іменник (жін. рід),,2026-09-30 19:43:27.289764+00,B1,2427
cbf0e5ab-5547-4ba5-8593-ec1f1cd158df,,word,činjenica,факт,Іменник (жін. рід),,2026-09-30 18:57:19.23543+00,B1,653
cbf3f00b-47c8-46d8-8424-4a99ab905fe4,,word,prošetati se,прогулятися,Зворотне дієслово,,2026-09-30 19:37:28.32227+00,A2,2463
cbfea5ac-26c2-4cd1-ac77-a8ffaa7875d4,,word,granica,"кордон, межа",Іменник (жін. рід),,2026-09-30 19:43:27.289764+00,A2,2742
cc2a6ce4-3f41-4598-93d5-80bf7657d6aa,,word,mržnja,ненависть,Іменник (жін. рід),,2026-09-30 19:07:18.68248+00,B1,1024
cc54d4a1-3bfb-453b-b503-118f84b46944,,word,zanatlija,ремісник,Іменник (чол. рід),,2026-09-30 19:09:45.971373+00,B1,1173
cc56b9c8-e3c6-47ff-aa2f-2e9fdf0df9b7,,word,poznat,відомий,Якісний прикметник,,2026-09-30 19:02:53.78951+00,A2,746
cc61d1ed-45d4-4349-a4ab-69a89d3dde89,,word,otok,острів,Іменник (чол. рід),,2026-09-30 19:09:45.971373+00,A2,1238
cc6e2731-b027-4949-bca2-80f783876ecb,,word,štogod,що завгодно,Займенник,,2026-09-30 19:37:28.32227+00,B1,2357
cc7422e1-d879-4525-a363-39a4e8239da2,,word,pacijent,пацієнт,Іменник (чол. рід),,2026-09-30 19:05:19.501424+00,A2,869
cc8e6bee-e877-497f-a402-efcbb221437c,,word,čekanje,очікування,Іменник (сер. рід),,2026-09-30 19:13:58.595598+00,A2,1568
cc9e04e5-615b-4315-b119-6b37ff23e10b,,word,radnik,робітник,Іменник (чол. рід),,2026-09-30 19:09:45.971373+00,A2,1170
ccbdb803-9347-4cf0-97c7-d5d02b2bcc71,,word,san,"сон, мрія",Іменник (чол. рід),,2026-09-30 19:34:28.835177+00,A2,2114
cd297385-6ebd-40e5-a020-75bc7af80f09,,word,zaštita,захист,Іменник (жін. рід),,2026-09-30 19:34:28.835177+00,A2,2223
cd6522a8-5918-428b-af8c-e52532679713,,word,kolega,колега,Іменник (чол. рід),,2026-09-30 19:46:32.987066+00,A2,2908
cd684f60-42d9-4355-9c51-c817b03ae772,,word,rječnik,словник,Іменник (чол. рід),,2026-09-30 19:09:45.971373+00,A1,1129
cd80d206-9c8c-4e8e-997f-42894054631a,,word,nered,безлад,Іменник (чол. рід),,2026-09-30 18:57:19.23543+00,A2,648
cd8cac3b-5bba-43cf-b8fa-cfb70eb86988,,word,izdržati,витримати,Дієслово,,2026-09-30 19:43:27.289764+00,B1,2626
cd9015fb-249c-4ce9-ba26-4dc3c0ae31aa,,word,potomak,нащадок,Іменник (чол. рід),,2026-09-30 19:07:18.68248+00,B1,1018
cd99ae19-5de9-45e6-8696-041f328d214d,,word,odvjetnik,адвокат,Іменник (чол. рід),,2026-09-30 19:13:58.595598+00,B1,1619
cda79ef7-669f-4c96-8f58-75081923050b,,word,životinja,тварина,Іменник (жін. рід),,2026-09-30 19:09:45.971373+00,A2,1241
cda914be-e316-4547-8f67-9e0142fb07cf,,word,izvršiti,виконати,Дієслово,,2026-09-30 19:07:18.68248+00,B1,930
cdb044ee-9710-4b92-8331-c9b71e3cd99e,,word,odmoriti se,відпочити,Зворотне дієслово,,2026-09-30 19:23:19.225661+00,A2,2038
cdc57eca-3430-444c-9e7b-60ebed81e879,,word,zračna luka,аеропорт,Іменник (жін. рід),,2026-09-30 19:11:45.674946+00,A2,1381
cddce302-1284-42b2-a5c2-bbbb0b653da9,,word,taktika,тактика,Іменник (жін. рід),,2026-09-30 19:43:27.289764+00,B1,2698
cde764aa-3d06-4b03-8d81-112ccc4a09aa,aef634c7-836d-4d7d-9ae4-41fa0012b5b3,word,zdravlje,здоров'я,[здра́влє],,2026-09-30 11:18:04.076329+00,A1,100
cdf5c4ad-5630-4667-9382-0fbfcc6a3cd4,,word,vrijedan,працьовитий,Якісний прикметник,,2026-09-30 19:43:27.289764+00,A2,2301
cdfb3b5e-9686-45e7-92d9-11548776c0d5,,word,potonuti,потонути,Дієслово,,2026-09-30 19:37:28.32227+00,B1,2475
ce0a5e00-8151-48ce-bcf9-7a23f82b5000,,word,istek,закінчення (терміну),Іменник (чол. рід),,2026-09-30 19:13:58.595598+00,B1,1579
ce147506-838f-4014-84db-84a18c0b0de8,,word,slika,"зображення, картина",Іменник (жін. рід),,2026-09-30 19:09:45.971373+00,A2,1106
ce167d57-71ed-49fe-b12f-9e760384eba0,,word,osjećaj,почуття,Іменник (чол. рід),,2026-09-30 19:07:18.68248+00,A2,1026
ce3a25c2-4fc5-4261-bf85-1d480e4f334e,bbe9211f-51f2-4654-a98f-528ffb57e9ad,phrase,Gdje je blagajna?,Де каса?,[Ґдє є бла́гайна],,2026-09-30 11:18:03.043652+00,A1,100
ce422997-839e-429e-907e-7b080eae49f2,,word,proizvod,"продукт, виріб",Іменник (чол. рід),,2026-09-30 19:09:45.971373+00,A2,1202
ce4975b6-1463-4790-9704-b3b24e9af5d8,,word,flaster,пластир,Іменник (чол. рід),,2026-09-30 19:16:11.208603+00,A2,1523
ce4bdc92-0cd7-4753-b384-8b24a822461b,,word,pokopati,поховати,Дієслово,,2026-09-30 19:43:27.289764+00,B1,2650
ce7ba4e2-b36d-4ce8-9481-759262fde78c,,word,padati,падати,Дієслово,,2026-09-30 19:43:27.289764+00,A2,2572
ce83039c-1ac7-4e8b-9a24-ccc5bd4e8e28,,word,krivnja,провина,Іменник (жін. рід),,2026-09-30 19:02:53.78951+00,B1,778
cea7e2ea-c3ef-4293-804d-4b7b24db7f26,cdbe8d84-ac8f-4a14-850b-f3d49dab1e9a,word,vrata,двері,[вра́та],,2026-09-30 11:18:03.738799+00,A1,100
cecdfdb1-30f4-4fd4-9330-a4d919f8419d,,word,stanica,"станція, зупинка",Іменник (жін. рід),,2026-09-30 18:51:44.601106+00,A1,212
cef3eea2-f639-4000-8980-339a485db0b9,,word,etika,етика,Іменник (жін. рід),,2026-09-30 19:43:27.289764+00,B1,2401
cf055483-615d-4984-a0df-bc068b879785,,word,kriza,криза,Іменник (жін. рід),,2026-09-30 19:13:58.595598+00,B1,1635
cf2a1018-53a4-47c6-840a-34956fd862b0,,word,разлог -> razlog,"привід, причина",Іменник (чол. рід),,2026-09-30 19:43:27.289764+00,A2,2710
cf3518b9-f32f-4b6f-8a63-443844276ced,,word,članak,стаття (закону),Іменник (чол. рід),,2026-09-30 19:13:58.595598+00,A2,1606
cf49a64e-4945-4061-bbe7-ab46963db6b3,,word,razdoblje,період,Іменник (сер. рід),,2026-09-30 19:46:32.987066+00,B1,2756
cf4eaff0-a985-4b53-a4db-4f5333a83ee3,,phrase,vjenčani list,свідоцтво про шлюб,Вираз,,2026-09-30 19:13:58.595598+00,B1,1588
cf67a426-a0f4-478b-90f6-98a643de0d14,,word,zaštita,захист,Іменник (жін. рід),,2026-09-30 19:13:58.595598+00,A2,1641
cf776ce6-85ef-4891-8d75-cd7c5055358a,,word,reakcija,реакція,Іменник (жін. рід),,2026-09-30 19:34:28.835177+00,A2,2156
cf7d2e8a-5668-40b3-8b90-aa4f1b0396c1,,word,natrag,назад,Прислівник,,2026-09-30 18:54:20.802874+00,A1,442
cf922dab-01ab-41f9-85ec-dff400483393,6a50fa7b-a8d3-4cde-9039-ad17309ed1e2,word,hrana,їжа,[хра́на],,2026-09-30 11:18:03.287284+00,A1,100
cf953960-27d3-44ad-a0bc-727d509e8ad5,,word,održivost,сталий розвиток,Іменник (жін. рід),,2026-09-30 19:16:18.104507+00,B1,1748
cf9e570b-0218-4032-8ffd-96b572cde135,,word,i,"і, та",Сполучник сурядності,,2026-09-30 18:47:44.824275+00,A1,2
cfa85886-4531-4d7c-9621-7dc7e495a571,,word,noć,ніч,Іменник (жін. рід),,2026-09-30 18:51:44.601106+00,A1,244
cfb13427-a3f2-439f-b1e2-99ca082807c3,,word,jesti,їсти,Дієслово,,2026-09-30 19:23:19.225661+00,A1,1913
cfbcbeb1-7db3-439c-9b1b-4c86c76d6270,,word,pregovarati,вести переговори,Дієслово,,2026-09-30 19:07:18.68248+00,B1,905
cfcbcc20-0458-485d-9ca1-41ac53d01917,,word,utjecaj,вплив,Іменник (чол. рід),,2026-09-30 19:37:28.32227+00,B1,2408
cfde11c3-12b1-4bba-981e-069b33047cd5,,word,voditi,вести,Дієслово,,2026-09-30 19:23:19.225661+00,A2,2016
cfec1545-be65-4d9e-85c6-4ede5f844530,,word,vizija,бачення,Іменник (жін. рід),,2026-09-30 19:34:28.835177+00,B1,2117
d010b99c-796c-40b7-85c1-2c19e780ab52,,word,dokazati,довести,Дієслово,,2026-09-30 19:43:27.289764+00,B1,2522
d0184f21-b3c4-4ce0-99a0-f475c8e8354d,,word,posati,надіслати,Дієслово дії,,2026-09-30 18:51:44.601106+00,A2,300
d027b1a6-0ff8-483e-b19c-75421d8c8640,,word,susjed,сусід,Іменник (чол. рід),,2026-09-30 19:09:45.971373+00,A2,1274
d02cd534-7e31-4d2f-841e-c7d1fff20a11,,word,otpad,"відходи, сміття",Іменник (чол. рід),,2026-09-30 19:16:18.104507+00,B1,1749
d035e48c-839a-4374-b46a-bb90a40c3e56,,word,spriječiti,запобігти,Дієслово,,2026-09-30 19:02:53.78951+00,B1,721
d069f107-2bf2-4cb7-aa52-b8dcde1ed40e,,word,intervju,інтерв'ю,Іменник (чол. рід),,2026-09-30 19:07:18.68248+00,A2,1100
d08f4ce0-6493-46fa-863e-c2e7f54a50c6,,word,lijep,"гарний, красивий",Якісний прикметник,,2026-09-30 18:50:08.476847+00,A1,134
d0a357b1-19a2-4083-8292-3134951f3b44,,word,sud,суд,Іменник (чол. рід),,2026-09-30 19:09:45.971373+00,A2,1292
d0a85ebd-85c8-4c2b-ae7b-ffa36c1eb314,,word,morati,мусити,Модальне дієслово,,2026-09-30 18:47:44.824275+00,A1,37
d0afa5b7-231b-466c-ad93-acc635bfe15b,,word,budućnost,майбутнє,Іменник (жін. рід),,2026-09-30 19:46:32.987066+00,A2,2751
d0e02a3d-602e-425c-b646-484ec41e1685,,word,prtljaga,багаж,Іменник (жін. рід),,2026-09-30 19:11:45.674946+00,A2,1387
d0ea8cf3-b139-43ce-9031-992e41c07c5c,,word,olakšanje,полегшення,Іменник (сер. рід),,2026-09-30 19:02:53.78951+00,B1,767
d0eb87fa-3799-4ee4-9d30-c260460c17e9,,word,vlast,влада,Іменник (жін. рід),,2026-09-30 19:43:27.289764+00,B1,2410
d0f1a5dc-54f3-4b5e-ace9-6d56d9cf611a,,word,govoriti istinu,казати правду,Вираз,,2026-09-30 19:43:27.289764+00,A2,2590
d1056899-ad65-405a-97c4-b0e364689c9a,bbe9211f-51f2-4654-a98f-528ffb57e9ad,word,kartica,картка,[ка́ртіца],,2026-09-30 11:18:03.043652+00,A1,100
d11613d8-ade9-45b5-9dc0-af2ed2e15023,,word,uzbuđenje,"збудження, хвилювання",Іменник (сер. рід),,2026-09-30 19:02:53.78951+00,B1,764
d1892a36-45c2-4088-a37c-3e7547008a5a,,word,prema,"до, у напрямку",Прийменик,,2026-09-30 18:54:20.802874+00,A2,455
d19088ac-1670-4b47-b403-b3bb681064a2,,word,cijena,ціна,Іменник,,2026-09-30 18:47:44.824275+00,A1,81
d19548c9-92be-4370-827e-3a64e051f3f0,,word,obećati,пообіцяти,Дієслово,,2026-09-30 19:07:18.68248+00,B1,909
d19cdd48-d701-4050-9d59-ce2a988b59fa,,word,mlijeko,молоко,Іменник (сер. рід),,2026-09-30 18:51:44.601106+00,A1,231
d1a21efe-270b-4db7-91cc-8683da7e94da,9e3f6972-10fa-4c25-8fed-80a5148f5c44,phrase,"Oprostite, ne razumijem.","Вибачте, я не розумію.","[Опро́стіте, не розу́мієм]",,2026-09-30 11:18:02.743916+00,A1,100
d1b01efb-d2f2-4f25-8bd7-c7ab42e76bfd,,word,suza,сльоза,Іменник (жін. рід),,2026-09-30 18:55:51.229682+00,A2,523
d1bfb58d-d6f4-4ae7-84d7-61cf5351212f,,word,krut,жорсткий,Якісний прикметник,,2026-09-30 19:34:28.835177+00,B1,2245
d1caacc0-6e9d-4710-81e8-6b8414fe4bf9,,word,usluge,послуги,"Іменник (жін. рід, мн.)",,2026-09-30 19:16:11.208603+00,A2,1657
d1e19a5a-558d-4c19-b1bd-e73be1af7146,,word,oblak,хмара (в хмарі),Іменник (чол. рід),,2026-09-30 19:16:18.104507+00,A2,1780
d1e223bb-a201-4e2f-b08f-c4234f799d41,9ff8ccfd-58f7-457d-9025-a5f1ee9d75df,phrase,Kako doći do centra?,Як дістатися до центру?,[Ка́ко до́чі до це́нтра],,2026-09-30 11:18:03.517183+00,A1,100
d1f3985b-037a-4812-b90b-dd5c5214d39a,,word,manifestacija,"маніфестація, захід",Іменник (жін. рід),,2026-09-30 19:07:18.68248+00,B1,1088
d1f67c67-3993-4f9c-90fd-30ade0bb952b,,word,smisao,сенс,Іменник (чол. рід),,2026-09-30 19:46:32.987066+00,B1,2868
d1f9448c-4d47-4f41-b973-79a190859470,,word,pomoć,допомога,Іменник (жін. рід),,2026-09-30 19:16:11.208603+00,A1,1640
d244b140-cd53-4302-a5f4-f614f06c415c,,word,dokaz,доказ,Іменник (чол. рід),,2026-09-30 18:57:19.23543+00,B1,652
d2498505-7a73-4054-9343-378c6eb4dc93,,word,dobar,добрий,Якісний прикметник,,2026-09-30 18:50:08.476847+00,A1,133
d25bd3e0-fae6-4cd5-b210-60c33f49565d,,word,priznati,зізнатися,Дієслово,,2026-09-30 19:43:27.289764+00,B1,2587
d266564b-b430-4819-936d-d51ea877c3b3,,word,valuta,валюта,Іменник (жін. рід),,2026-09-30 19:13:58.595598+00,A2,1674
d272c15c-561d-43dd-bd93-936d58cdaff4,,word,tramvaj,трамвай,Іменник (чол. рід),,2026-09-30 19:11:45.674946+00,A1,1356
d27b918a-9383-4f04-bc77-9860b044cf7d,,word,ekologija,екологія,Іменник (жін. рід),,2026-09-30 19:16:18.104507+00,B1,1747
d2812d0b-90e5-4ffb-8dcd-654631bc7be5,,word,izjava,заява,Іменник (жін. рід),,2026-09-30 19:07:18.68248+00,B1,1096
d2a78aa8-5fc2-498b-a6c7-5b2c22374e38,,word,dotrčati,добігти,Дієслово,,2026-09-30 19:37:28.32227+00,B1,2467
d2a93ac3-d5be-4476-82f3-1a005ce24d27,,word,zaključiti,"зробити висновок, замкнути",Дієслово,,2026-09-30 19:02:53.78951+00,B1,702
d2db47de-9853-4c88-b70e-91c08a074c14,,word,zaključak,висновок,Іменник (чол. рід),,2026-09-30 19:09:45.971373+00,B1,1151
d2e71f8c-d808-4ea6-a190-3451ba526f9b,,word,sigurnost,безпека,Іменник (жін. рід),,2026-09-30 19:16:18.104507+00,A2,1787
d2f38320-6956-4e06-b220-48cfb253fd65,,word,bučan,галасливий,Якісний прикметник,,2026-09-30 18:57:19.23543+00,A2,604
d31b61f8-beb3-40a9-a083-3516487330af,,word,radio,радіо,Іменник (сер. рід),,2026-09-30 19:09:45.971373+00,A1,1104
d3289288-fc10-4b70-ada3-3420af646d19,,word,cilj,мета,Іменник (чол. рід),,2026-09-30 19:34:28.835177+00,A2,2164
d32df39e-128d-4812-a440-3680fe71cbfb,,word,jezikoslovlje,мовознавство,Іменник (сер. рід),,2026-09-30 18:57:19.23543+00,B1,700
d3490b73-93c1-4084-a8b6-b3457cfbc1e8,,word,pas,собака,Іменник (чол. рід),,2026-09-30 18:51:44.601106+00,A1,224
d3715a60-a04c-4dbd-97ea-a24eca84e97d,,word,račun,рахунок (чек),Іменник (чол. рід),,2026-09-30 19:09:45.971373+00,A1,1177
d3748ffc-5e24-48d9-b536-337c1d830c44,6a50fa7b-a8d3-4cde-9039-ad17309ed1e2,phrase,"Kavu s mlijekom, molim.","Каву з молоком, будь ласка.","[Ка́ву с мліє́ком, мо́лім]",,2026-09-30 11:18:03.287284+00,A1,100
d38ba6db-f20c-44d9-b320-49fe00c635ea,,word,manje,менше,Прислівник (порівняльна ступінь),,2026-09-30 18:50:08.476847+00,A1,116
d3d4fc5d-d464-450c-ba51-3be2698758f8,,word,savjest,совість,Іменник (жін. рід),,2026-09-30 19:37:28.32227+00,B1,2403
d3d6ae33-ce9c-4d0a-aeef-2064be94ebaf,,word,padati,падати,Дієслово,,2026-09-30 19:23:19.225661+00,A2,1902
d3da435e-def0-42bc-a8ff-569785ddb9ce,,word,lijen,лінивий,Якісний прикметник,,2026-09-30 19:43:27.289764+00,A2,2303
d3ea01da-d3a2-47b7-81de-04cc43350989,,word,brdo,пагорб,Іменник (сер. рід),,2026-09-30 19:09:45.971373+00,A2,1232
d4164227-46f3-45f1-b9ce-69493f8ecab2,,word,ideja,ідея,Іменник (жін. рід),,2026-09-30 19:43:27.289764+00,A2,2726
d41abd0b-f300-4d4d-810c-a63036c1f421,,word,junak,герой,Іменник (чол. рід),,2026-09-30 18:55:51.229682+00,B1,544
d41f5ff9-c0e0-4ccc-94e1-14836b08b930,,word,predsjednik,президент,Іменник (чол. рід),,2026-09-30 19:09:45.971373+00,A2,1285
d443978d-3b47-42f4-a152-ca5bcb7c6594,,word,za,"за, для",Прийменик мети/причини,,2026-09-30 18:47:44.824275+00,A1,13
d456e849-7d86-4a5d-bf68-a7ddb4ae4631,,word,rječnik,словник,Іменник (чол. рід),,2026-09-30 18:57:19.23543+00,A1,696
d458f9ca-acaa-43dc-9c47-6d5760b56815,,word,odgovoran,відповідальний,Прикметник,,2026-09-30 19:02:53.78951+00,A2,760
d479099d-39e4-4146-bcff-0911e3d4ef0f,,word,nazočiti,бути присутнім,Дієслово,,2026-09-30 19:37:28.32227+00,B1,2453
d4872ec7-f662-4f22-8b91-9b5f8f34c386,9ff8ccfd-58f7-457d-9025-a5f1ee9d75df,phrase,Jednu kartu u jednom smjeru.,Один квиток в один бік.,[Є́дну ка́рту у є́дном смє́ру],,2026-09-30 11:18:03.517183+00,A1,100
d48832c0-7448-4d71-a717-f91a13238670,,word,naći,знайти,Дієслово,,2026-09-30 19:23:19.225661+00,A1,1935
d48c331d-c532-4e09-a506-d1b7d678c362,,word,učinkovit,ефективний,Якісний прикметник,,2026-09-30 19:37:28.32227+00,B1,2337
d4ab33af-6b0b-40fd-a5db-f34c20460542,,word,kapital,капітал,Іменник (чол. рід),,2026-09-30 19:16:11.208603+00,B1,1664
d4db0db2-5ca7-49c3-8e03-bd811787cdc7,,word,žalost,"жаль, скорбота",Іменник (жін. рід),,2026-09-30 19:46:32.987066+00,B1,2775
d4f19322-702d-4a03-8537-3e66ae03efd0,,word,uporan,наполегливий,Якісний прикметник,,2026-09-30 19:43:27.289764+00,B1,2312
d51d47a9-1602-43b9-b928-1e16c32a657e,,word,optuženi,обвинувачений,Іменник (чол. рід),,2026-09-30 19:16:11.208603+00,B1,1622
d52b301d-1050-42c5-9c22-1dc293d20029,,word,pisac,письменник,Іменник (чол. рід),,2026-09-30 19:16:18.104507+00,A2,1884
d52fa90d-a995-41d6-8e07-e8741fd15f87,aef634c7-836d-4d7d-9ae4-41fa0012b5b3,phrase,Trebam nešto protiv prehlade.,Мені потрібно щось від застуди.,[Тре́бам не́што про́тів пре́хладе],,2026-09-30 11:18:04.076329+00,A1,100
d546aea3-df79-439a-9485-2306e576e846,,word,čaša,склянка,Іменник (жін. рід),,2026-09-30 19:11:45.674946+00,A1,1442
d54e74fa-0622-4972-8336-7d43a2f402c4,,word,otpor,опір,Іменник (чол. рід),,2026-09-30 19:43:27.289764+00,B1,2675
d55325f7-d231-4b08-83d7-3a2c9175e3d1,,word,oko,око / близько,Іменник / прийменик,,2026-09-30 18:47:44.824275+00,A1,73
d5535207-eb46-489c-8460-5c1ef1e36bfa,,word,lijevo,ліворуч,Прислівник,,2026-09-30 18:54:20.802874+00,A1,439
d5577dba-726d-4912-8435-ee9a5f18bd9d,,word,izdavač,видавець,Іменник (чол. рід),,2026-09-30 19:16:18.104507+00,B1,1896
d55b7c1b-6de8-4aeb-9449-e452a3b4ed7f,,word,molba,"прохання, заява",Іменник (жін. рід),,2026-09-30 19:13:58.595598+00,A2,1571
d579e596-6ac6-480d-82b0-fe85c640f3a5,,word,stres,стрес,Іменник (чол. рід),,2026-09-30 19:07:18.68248+00,A2,1040
d5c98ce2-aa86-4664-a37c-bea710634835,,word,osiguranje,страхування,Іменник (сер. рід),,2026-09-30 19:13:58.595598+00,A2,1554
d5ce5dc9-9d45-4414-8640-16f0b665bd7f,,word,roditi se,народитися,Зворотне дієслово,,2026-09-30 19:23:19.225661+00,A2,2047
d5e066a6-9e81-4202-9287-d9f0cce531bd,,word,voljeti,любити,Дієслово,,2026-09-30 19:43:27.289764+00,A1,2614
d5e159a2-a626-42f0-bd60-a5f4b587b9e3,,word,vrijednost,"вартість, цінність",Іменник (жін. рід),,2026-09-30 19:05:19.501424+00,A2,837
d5ecd5cc-0799-403b-9a0d-4326f5eefbd7,,word,naivan,наївний,Якісний прикметник,,2026-09-30 19:34:28.835177+00,B1,2296
d62007a5-bd37-4163-8963-3abe314ec7a3,,word,burza,біржа,Іменник (жін. рід),,2026-09-30 19:13:58.595598+00,B1,1660
d638368b-859a-4040-a76f-e8b549f0e53e,,word,zabraniti,заборонити,Дієслово,,2026-09-30 19:02:53.78951+00,B1,720
d643b872-61c2-4bec-8d9f-d66153f905c8,00000000-0000-0000-0000-000000000009,word,Povodac,Повідець,,,2026-09-30 13:44:23.927236+00,A1,100
d6469b10-0d27-438e-9988-2cf41e7e72a8,,word,zdrav,здоровий,Якісний прикметник,,2026-09-30 19:34:28.835177+00,A1,2281
d67a4067-e5db-425a-a25b-b68e827bf1de,,word,algebra,алгебра,Іменник (жін. рід),,2026-09-30 19:16:18.104507+00,B1,1846
d6cfdd06-b54f-420c-b3ba-60ed82eae341,,word,otprilike,приблизно,Прислівник,,2026-09-30 19:37:28.32227+00,A2,2362
d6d7b3e7-a1a1-4630-822a-fd2101492ad1,,word,izbori,вибори,"Іменник (чол. рід, мн.)",,2026-09-30 19:37:28.32227+00,B1,2440
d6e34232-8b0e-44bf-aed8-bb9e02f80232,,word,slušati,слухати,Дієслово сприйняття,,2026-09-30 18:50:08.476847+00,A1,190
d6f5fdc9-16d4-4013-9725-1169b5303510,,word,kupac,покупець,Іменник (чол. рід),,2026-09-30 18:55:51.229682+00,A2,598
d7235459-8887-46a3-9338-d916ed49defa,,word,štrajk,страйк,Іменник (чол. рід),,2026-09-30 19:43:27.289764+00,B1,2446
d7357486-6722-4209-8081-ed3b3518c143,,word,čestitati,привітати,Дієслово,,2026-09-30 19:23:19.225661+00,A2,2024
d75fe3b6-3a04-4633-a09d-51c438b43e7f,,word,zabava,"розвага, вечірка",Іменник (жін. рід),,2026-09-30 19:46:32.987066+00,A2,2786
d76917e7-8fa2-4034-9bbc-21b83295a8f9,,word,marljiv,старанний,Якісний прикметник,,2026-09-30 19:43:27.289764+00,B1,2302
d78cbc54-8fda-44dc-9bde-336ccfc7e0bc,,word,kredit,кредит,Іменник (чол. рід),,2026-09-30 19:13:58.595598+00,A2,1690
d797572b-bd67-49fc-960e-2005a05821ea,,word,partner,партнер,Іменник (чол. рід),,2026-09-30 19:11:45.674946+00,A2,1314
d7b31f86-39d5-414d-8601-8bdfd0feba5b,,word,dozvola,дозвіл,Іменник (жін. рід),,2026-09-30 19:05:19.501424+00,A2,808
d7dfbc7c-3fe5-43f3-a4d5-f3e367922d92,,word,slučajno,випадково,Прислівник,,2026-09-30 19:43:27.289764+00,A2,2374
d7e4e2e9-12c8-4857-93eb-d88d52c2ad75,,word,usluga,послуга,Іменник (жін. рід),,2026-09-30 19:09:45.971373+00,A2,1174
d7eb19d3-cb36-4461-bc19-b4c2a9c667e3,,word,nov,новий,Якісний прикметник,,2026-09-30 19:34:28.835177+00,A1,2274
d7f15ea1-4cf4-4d2c-adee-c1683159fe4c,,word,siječanj,січень,Іменник (чол. рід),,2026-09-30 18:51:44.601106+00,A2,254
d7f27bff-bf4f-49c5-8640-217217b32fa2,,word,sjesti,сісти,Дієслово,,2026-09-30 18:54:20.802874+00,A2,474
d80a7921-7d6c-414d-9a78-ec12b17098b9,9ff8ccfd-58f7-457d-9025-a5f1ee9d75df,word,stanica,зупинка,[ста́ніца],,2026-09-30 11:18:03.517183+00,A1,100
d80d8aa5-4a14-4e30-b79b-00053d4a2e9f,,word,fotografija,фотографія,Іменник (жін. рід),,2026-09-30 19:09:45.971373+00,A2,1111
d81563d5-002f-48e7-9802-5c233e76a5c5,,word,zemlja,"земля, країна",Іменник,,2026-09-30 18:47:44.824275+00,A1,76
d81e178f-4821-4191-8b1a-10011c8159cd,,word,temeljni,фундаментальний,Прикметник,,2026-09-30 19:34:28.835177+00,B1,2234
d85e49e2-3c44-4945-835e-5b37c710a890,,word,revolucija,революція,Іменник (жін. рід),,2026-09-30 19:43:27.289764+00,B1,2677
d887c507-46b6-464a-b2cb-292654afe499,,word,internet,інтернет,Іменник (чол. рід),,2026-09-30 18:53:00.692622+00,A1,352
d8a05fdf-5315-4c10-9fa0-cf82aaf61f14,,word,živjeti,жити,Дієслово,,2026-09-30 19:23:19.225661+00,A1,2048
d8b80a7f-5807-41b8-a322-195e22c371cc,,word,udruga,асоціація,Іменник (жін. рід),,2026-09-30 19:43:27.289764+00,B1,2448
d8bd653e-df84-4a77-a89b-0347038a95bb,,word,čak,навіть,Частка,,2026-09-30 18:50:08.476847+00,A1,128
d8c4e1eb-bd0e-4098-92a2-8f687e2f01bb,,word,žlica,ложка,Іменник (жін. рід),,2026-09-30 19:11:45.674946+00,A1,1444
d8c84242-aac6-46b0-950c-fe228adca667,,word,klima,клімат,Іменник (жін. рід),,2026-09-30 19:09:45.971373+00,A2,1217
d8fe5f25-14fd-4b8e-a202-46093bee0e7c,,word,laž,брехня,Іменник (жін. рід),,2026-09-30 19:43:27.289764+00,A2,2714
d8ffa3af-5d16-495f-887a-bf1f88609edd,aef634c7-836d-4d7d-9ae4-41fa0012b5b3,dialogue_line,Ljekarnik: Uzмите ove pastile. Tri puta dnevno poslije jela.,Візьміть ці пастилки. Тричі на день після їжі.,,,2026-09-30 11:18:04.076329+00,A1,100
d90c6679-662f-4981-a101-1caae91bc49c,,word,ropstvo,рабство,Іменник (сер. рід),,2026-09-30 19:02:53.78951+00,B1,781
d9127e7d-d4b3-49a3-b588-ce5f9dd1a6dc,,word,sušilo,фен,Іменник (сер. рід),,2026-09-30 19:11:45.674946+00,A2,1462
d91566bd-eb8d-40cc-b940-6a9f9b6571f6,,word,rijetko,рідко,Прислівник,,2026-09-30 18:54:20.802874+00,A2,432
d92c2b61-908a-470a-acbc-942362f8327c,,word,navodno,нібито,Прислівник,,2026-09-30 19:43:27.289764+00,B1,2382
d92c9bbc-4f03-48c9-9579-58bffaa2aa13,,word,primjer,приклад,Іменник (чол. рід),,2026-09-30 18:57:19.23543+00,A2,651
d93d038a-6920-430b-948c-09960e0dd0ad,,word,tečaj,курс (валют),Іменник (чол. рід),,2026-09-30 19:13:58.595598+00,A2,1675
d93ed368-e301-4856-b408-72be6495ab68,,word,oporaviti se,"одужати, відновитися",Зворотне дієслово,,2026-09-30 19:43:27.289764+00,B1,2628
d940a512-835e-4027-b716-102a3975e4ce,,word,pjevati,співати,Дієслово дії,,2026-09-30 18:50:08.476847+00,A1,170
d96a89cc-e57a-44f3-9f49-e01f55b1707e,,word,mučiti,мучити,Дієслово,,2026-09-30 19:23:19.225661+00,B1,2042
d976cf49-01f7-41fd-a212-ca97e84023fd,,word,parking,парковка,Іменник (чол. рід),,2026-09-30 19:11:45.674946+00,A1,1376
d980c8dc-62bc-4eb5-a076-9e73a2dd3a2f,,word,dar,подарунок,Іменник (чол. рід),,2026-09-30 18:53:00.692622+00,A2,361
d9870a13-3a3a-42fb-aaa3-8238aabeddf8,,word,internet,інтернет,Іменник (чол. рід),,2026-09-30 19:16:18.104507+00,A1,1754
d99f6ef4-4272-41ee-8b5c-da7a862222d9,,word,problem,проблема,Іменник (чол. рід),,2026-09-30 19:43:27.289764+00,A1,2691
d9da4d28-62e9-42e7-b44d-ae5af983b015,,word,lud,божевільний,Якісний прикметник,,2026-09-30 19:34:28.835177+00,A2,2292
d9e158bb-a9e3-42b8-9641-355dd09a9176,,word,poseban,особливий,Якісний прикметник,,2026-09-30 19:02:53.78951+00,A2,751
da02fc6d-9271-47ef-aa3c-cfc5cc85f9ac,,word,pakt,пакт,Іменник (чол. рід),,2026-09-30 19:37:28.32227+00,B1,2435
da04cfb0-d396-4630-8d6d-68e753436e94,,word,jedva da,ледве чи,Вираз,,2026-09-30 19:43:27.289764+00,B1,2370
da069550-ab31-4ceb-be4d-fdfe8dc080b0,,word,stomatolog,стоматолог,Іменник (чол. рід),,2026-09-30 19:16:11.208603+00,A2,1545
da2231ce-2964-4533-9029-ec6c0ef39271,,word,sudac,суддя,Іменник (чол. рід),,2026-09-30 19:09:45.971373+00,B1,1293
da32a9a6-5fd2-4b92-8dca-65ba1d37d5b4,,word,vječnost,вічність,Іменник (жін. рід),,2026-09-30 19:07:18.68248+00,B1,1010
da4e197d-18fb-4c88-8f81-52c9cc60ef7d,,word,zajedno,разом,Прислівник,,2026-09-30 18:54:20.802874+00,A1,435
da7b2945-de8c-48ba-9691-43c5bae56620,,word,dug,борг,Іменник (чол. рід),,2026-09-30 19:16:11.208603+00,A2,1693
daa086f7-c461-46ce-a26b-67fd6bd8a9e1,,word,prepoznati,впізнати,Дієслово,,2026-09-30 19:02:53.78951+00,B1,707
daacbaf9-e897-49cd-aa9f-ed4f56fac54e,9ff8ccfd-58f7-457d-9025-a5f1ee9d75df,phrase,Izgubio sam se.,Я заблукав.,[Ізгу́біо сам се],,2026-09-30 11:18:03.517183+00,A1,100
daadd008-4316-49b1-b827-369ce1d5e9f8,,word,utješiti,розрадити,Дієслово,,2026-09-30 19:43:27.289764+00,B1,2596
daaedaa5-3142-492d-8b70-76ef18e4ff23,,word,stabilnost,стабільність,Іменник (жін. рід),,2026-09-30 19:13:58.595598+00,B1,1630
dacb08d1-20c3-4ccc-bcbf-460f04affe24,,word,koštati,коштувати,Дієслово,,2026-09-30 19:23:19.225661+00,A1,2069
daea289b-9b0f-453a-8d37-d0200f6f2277,,word,uspjeti,"вдатися, досягти успіху",Дієслово,,2026-09-30 19:07:18.68248+00,A2,933
dafd1193-7933-4354-8639-1cc166ab9b34,,word,odlazak,від'їзд,Іменник (чол. рід),,2026-09-30 19:46:32.987066+00,A2,2800
db1248e6-925c-4209-a679-e660e273736b,,word,strpljiv,терплячий,Якісний прикметник,,2026-09-30 19:37:28.32227+00,A2,2314
db295f64-dc03-4de1-ba58-f5971acdd3af,,word,ozbiljan,серйозний,Якісний прикметник,,2026-09-30 18:57:19.23543+00,A2,605
db2e93d2-f381-45cd-a5a6-2326e93cdbec,,word,mrziti,ненавидіти,Дієслово,,2026-09-30 19:43:27.289764+00,B1,2609
db3ed686-bc7d-4356-b9ae-c338c2549315,,word,rečenica,речення,Іменник (жін. рід),,2026-09-30 18:53:00.692622+00,A2,387
db4975b9-0258-4e44-a253-458a0a088360,,word,zdravlje,здоров'я,Іменник (сер. рід),,2026-09-30 19:13:58.595598+00,A1,1511
db4a3f35-9719-4af2-bcaa-7e304bab4f1f,,word,rasplakati,розплакати,Дієслово,,2026-09-30 19:43:27.289764+00,B1,2598
db4ee9b4-f5dc-427f-af4a-c28b0af5fcc3,,word,putovnica,паспорт,Іменник (жін. рід),,2026-09-30 19:13:58.595598+00,A2,1584
db616826-4a3c-43b5-b891-bffc46e63bde,,word,policija,поліція,Іменник (жін. рід),,2026-09-30 19:13:58.595598+00,A1,1644
dba610cb-a6d9-43ae-b6d8-580513a75f95,,word,stranka,"відвідувач, клієнт (в установах)",Іменник (жін. рід),,2026-09-30 19:13:58.595598+00,B1,1569
dbde692d-439f-46fc-8956-e69b4abe4a87,,word,zahod,туалет,Іменник (чол. рід),,2026-09-30 19:11:45.674946+00,A1,1455
dbdf765c-bb7d-4295-b33a-d29beeebaf38,,word,šteta,збиток,Іменник (жін. рід),,2026-09-30 19:16:11.208603+00,A2,1556
dbefad5c-f784-44b6-8ff1-61b70bd3293d,,word,jedan,один,Числівник,,2026-09-30 18:51:44.601106+00,A1,266
dc0e9259-398f-4604-9ee5-55442ebdcac0,,word,pripremiti,підготувати,Дієслово,,2026-09-30 19:07:18.68248+00,A2,928
dc122b12-eb79-4ec8-893d-05e80d4d7b1f,,word,čistiti,"чистити, прибирати",Дієслово побутове,,2026-09-30 18:50:08.476847+00,A2,174
dc1bd2b2-3eb6-49d3-98ae-841d39701f8c,,word,nigdje,ніде,Прислівник,,2026-09-30 19:43:27.289764+00,A2,2400
dc2e5b2c-de09-4ca7-ac12-75d348f1600c,,word,mladost,молодість,Іменник (жін. рід),,2026-09-30 19:16:11.208603+00,B1,1508
dc4db995-9e1a-4865-8194-b0a457d8d9c9,,word,društvo,"суспільство, компанія",Іменник (сер. рід),,2026-09-30 19:07:18.68248+00,A2,1001
dc59bc0b-f50f-4bbf-823d-94e39059af80,,word,čestica,часточка,Іменник (жін. рід),,2026-09-30 19:16:18.104507+00,B1,1815
dc63ab84-9cc7-42f0-bdaf-779f7540cb9c,,word,nada,надія,Іменник (жін. рід),,2026-09-30 18:55:51.229682+00,A2,518
dc63ee1f-215a-4ff7-8b37-53fa36eb8adc,,word,moćan,могутній,Якісний прикметник,,2026-09-30 19:34:28.835177+00,B1,2287
dca018b1-738d-40a6-84a9-3c911efc2f16,,word,tužiti,позиватися,Дієслово,,2026-09-30 19:43:27.289764+00,B1,2661
dca1c85b-ce1f-47b3-98cd-4fc9d7e92b08,,word,razmjena,обмін,Іменник (жін. рід),,2026-09-30 19:05:19.501424+00,A2,841
dcb23862-9bca-4033-8fb3-ef90d63d5097,,word,bolnica,лікарня,Іменник (жін. рід),,2026-09-30 19:05:19.501424+00,A1,867
dcc0674e-d534-4f31-b122-3913dbd37248,,word,morati,мусити,Дієслово,,2026-09-30 19:23:19.225661+00,A1,1986
dccf235a-05c6-4b19-b1b1-741d2232ccfa,,word,uskoro,незабаром,Прислівник,,2026-09-30 18:54:20.802874+00,A1,428
dce6e8a7-816b-442c-80d1-fbbba01681c1,,word,hodati,ходити пішки,Дієслово,,2026-09-30 18:54:20.802874+00,A1,477
dd2c9dd4-5483-439f-859c-b21059d0897b,,word,vijest,новина,Іменник (жін. рід),,2026-09-30 19:43:27.289764+00,A2,2715
dd3fbe4a-eaad-4243-a062-b75ab1cf468b,,word,java,ява,Іменник (жін. рід),,2026-09-30 19:34:28.835177+00,B1,2115
dd433df3-bfa8-486e-b3c2-86df5d1e3a90,,word,baka,бабуся,Іменник (жін. рід),,2026-09-30 19:09:45.971373+00,A2,1267
dd58bb8c-5e8a-488b-b456-58b8d7e20c09,,word,fakultet,факультет,Іменник (чол. рід),,2026-09-30 19:46:32.987066+00,A2,2882
dd6b69cb-fa8d-4432-bf80-d1cc8a45c91f,aef634c7-836d-4d7d-9ae4-41fa0012b5b3,word,noga,нога,[но́га],,2026-09-30 11:18:04.076329+00,A1,100
dd86a68c-da3b-4ed2-9153-755340756680,,word,miš,миша,Іменник (чол. рід),,2026-09-30 19:16:18.104507+00,A2,1764
dd880aae-3174-48cd-b9ac-588f934163b1,,word,činovnik,чиновник,Іменник (чол. рід),,2026-09-30 19:11:45.674946+00,B1,1305
dd89896b-9160-4eae-83d1-920ed15a717e,,word,virus,вірус,Іменник (чол. рід),,2026-09-30 19:16:18.104507+00,A2,1790
dd9dc177-90d7-4d41-bc7c-d68ec82ae66c,,word,dobit,прибуток,Іменник (жін. рід),,2026-09-30 19:05:19.501424+00,B1,825
ddac950e-278d-418b-ad13-8a166f557ecb,,word,разлог,"привід, причина",Іменник (чол. рід),,2026-09-30 19:07:18.68248+00,A2,965
ddcedcef-01e4-4cad-b4f6-21672561f914,,word,razumjeti,розуміти,Дієслово,,2026-09-30 19:23:19.225661+00,A1,1964
ddfa30d5-ae9d-4607-89f6-7fc83d1ae457,,word,razboljeti se,захворіти,Зворотне дієслово,,2026-09-30 19:23:19.225661+00,B1,2045
de0815d3-7569-46c1-86d5-24f3c0093741,,word,urednik,редактор,Іменник (чол. рід),,2026-09-30 18:55:51.229682+00,B1,580
de265ec1-8a72-4249-ba4c-a47fd36e473c,,word,nesvjestica,непритомність,Іменник (жін. рід),,2026-09-30 19:13:58.595598+00,B1,1537
de317c45-99cb-4b1f-a379-374bc8f9583e,,phrase,policijska postaja,поліцейський відділок,Вираз,,2026-09-30 19:13:58.595598+00,A2,1593
de71a811-4326-4a35-8b3b-8be10fbd3940,bbe9211f-51f2-4654-a98f-528ffb57e9ad,word,skupo,дорого,[ску́по],,2026-09-30 11:18:03.043652+00,A1,100
de764187-a16e-4f7c-b6e9-811279ad2606,,word,namjera,намір,Іменник (жін. рід),,2026-09-30 19:43:27.289764+00,B1,2695
de7c5fa3-0a40-4a1c-b9a3-7cbb2bf909a3,,word,raskid,розірвання,Іменник (чол. рід),,2026-09-30 19:16:18.104507+00,B1,1725
de7eed41-6e0a-4d19-888a-e385edac0617,,word,travanj,квітень,Іменник (чол. рід),,2026-09-30 18:51:44.601106+00,A2,257
de8baa26-1ff6-4a51-bc31-fafa475dfb29,,,biti,бути,Допоміжне дієслово,,2026-09-30 17:57:26.656448+00,A1,1
de9a132d-b090-4dc9-85e8-4d493ff478af,,word,spasiti,врятувати,Дієслово,,2026-09-30 19:37:28.32227+00,A2,2477
de9c283d-9783-4fb2-9689-ff357d24a034,,word,mat,матовий,Якісний прикметник,,2026-09-30 19:34:28.835177+00,B1,2269
dec307c0-b49a-4fa5-a041-74d4806720c5,,word,poboljšati,покращити,Дієслово,,2026-09-30 19:43:27.289764+00,B1,2537
dece28b4-0419-437a-8094-be797e006d1b,,word,plan,план,Іменник (чол. рід),,2026-09-30 19:43:27.289764+00,A1,2696
ded7c1ec-4985-4635-a421-d16932f65cff,,word,stol,стіл,Іменник (чол. рід),,2026-09-30 19:11:45.674946+00,A1,1417
dee11c1a-2494-4df6-882a-985ac409660d,,word,usisavati,пилососити,Дієслово,,2026-09-30 19:23:19.225661+00,A2,1998
df254b1a-d3c7-4663-a6a2-7800dac91b68,,word,mlad,молодий,Якісний прикметник,,2026-09-30 19:34:28.835177+00,A1,2276
df4018b8-90f7-4c08-acbb-caea2934b375,,word,savjest,совість,Іменник (жін. рід),,2026-09-30 19:43:27.289764+00,B1,2403
df8d76b8-d32d-48b5-a155-0f8b5f7cc8c4,,word,onda,тоді,Прислівник часу / сполучник,,2026-09-30 18:50:08.476847+00,A1,103
df9d48a9-f545-4bde-8af1-33dc06b7fb41,,word,monolog,монолог,Іменник (чол. рід),,2026-09-30 19:46:32.987066+00,B1,2837
df9de1fe-c1b7-46db-a00e-ee7c33542d2e,,word,odobrenje,"схвалення, дозвіл",Іменник (сер. рід),,2026-09-30 19:16:11.208603+00,B1,1575
dfc6b2c9-50b2-4b76-854c-70eb02525d66,,word,svijest,свідомість,Іменник (жін. рід),,2026-09-30 19:34:28.835177+00,B1,2111
dfd598fd-b0dc-4edd-829f-30a7c87b21d5,,word,promet,транспортна справа,Іменник (чол. рід),,2026-09-30 19:16:18.104507+00,B1,1869
dfd8b878-0db8-4849-aac8-b46ef21e64dd,,word,sjesti,сісти,Дієслово,,2026-09-30 19:23:19.225661+00,A2,1908
dfff6ae6-0c30-4dd5-a05f-0354e7262909,,word,dokaz,доказ,Іменник (чол. рід),,2026-09-30 19:16:18.104507+00,B1,1807
e015ffb6-e02e-4ad7-ab1a-bb9436468fcc,,word,prosinac,грудень,Іменник (чол. рід),,2026-09-30 18:51:44.601106+00,A2,265
e05b2ae4-d1a9-4ab5-a20f-9416753c142e,,word,ocjenjivati,оцінювати,Дієслово,,2026-09-30 19:02:53.78951+00,B1,709
e08d15ac-7b6e-4646-956a-ee389d374c4d,,word,zakon,закон,Іменник (чол. рід),,2026-09-30 19:16:11.208603+00,A2,1604
e0a76822-990f-4e57-94be-f8e28332185d,,word,džemper,светр,Іменник (чол. рід),,2026-09-30 19:11:45.674946+00,A2,1475
e0ac51fc-88b2-46aa-a669-c30ee3c07c08,,word,dapače,"навпаки, ба більше",Прислівник,,2026-09-30 19:43:27.289764+00,B1,2353
e0b14e58-21dc-4255-b66a-bad101349153,,word,snijeg,сніг,Іменник (чол. рід),,2026-09-30 19:05:19.501424+00,A2,880
e0c64ecd-ba64-4491-96a5-4e968fa6717c,,word,autor,автор,Іменник (чол. рід),,2026-09-30 19:46:32.987066+00,A2,2859
e0d8b97e-b8c8-418b-ae96-ae1811d8b537,,word,pravo,право,Іменник (сер. рід),,2026-09-30 19:13:58.595598+00,A2,1602
e0ea7169-6a25-4f8f-a49b-368bdfa2cf51,,word,sunce,сонце,Іменник (сер. рід),,2026-09-30 19:05:19.501424+00,A1,882
e0ed68bd-946e-4949-aebc-2b2a64a3b6e2,,word,uprava,управління,Іменник (жін. рід),,2026-09-30 19:43:27.289764+00,B1,2411
e0fc20e6-d50d-4158-9c57-62fa8009b4b1,,word,pobijediti,перемогти,Дієслово,,2026-09-30 19:07:18.68248+00,A2,945
e107a48c-135c-404e-bbb9-b0daf16e1951,,word,istek,закінчення (терміну),Іменник (чол. рід),,2026-09-30 19:16:11.208603+00,B1,1579
e10982eb-b784-4487-ac53-e0402033ed92,,word,pamćenje,пам'ять,Іменник (сер. рід),,2026-09-30 19:34:28.835177+00,B1,2109
e1109e93-3dfb-4beb-8bde-8e53d513eed3,,word,otac,батько,Іменник,,2026-09-30 18:47:44.824275+00,A1,93
e111d8a1-f3c6-4139-8499-1f5f89e84f67,,word,opasnost,небезпека,Іменник (жін. рід),,2026-09-30 19:13:58.595598+00,A2,1632
e1256f11-21fe-4f62-9df1-5bed5e161655,,word,uhititi,заарештувати,Дієслово,,2026-09-30 19:43:27.289764+00,B1,2481
e14a3705-b1c2-4b6c-82e5-9cd679761094,,word,udruga,"асоціація, спілка",Іменник (жін. рід),,2026-09-30 19:34:28.835177+00,B1,2147
e14cc8f8-87b4-4459-a546-1fea55e0357a,,word,trošak,витрата,Іменник (чол. рід),,2026-09-30 19:46:32.987066+00,A2,2916
e17340b7-0063-4147-a98e-459e87267c21,,word,zarobiti,захопити в полон,Дієслово,,2026-09-30 19:37:28.32227+00,B1,2480
e177f623-4458-4a85-a836-9677fb51adee,,word,tamo,там,Прислівник місця,,2026-09-30 18:50:08.476847+00,A1,107
e17a5f9d-75bc-40e7-8b38-4c3e37e63bf6,,word,sporazum,угода,Іменник (чол. рід),,2026-09-30 19:37:28.32227+00,B1,2432
e17fdecc-6715-4c07-8d9a-c532065f2968,,word,sposobnost,здатність,Іменник (жін. рід),,2026-09-30 18:55:51.229682+00,B1,510
e188efeb-137a-46b6-8fed-3df61457754f,,word,ući,увійти,Дієслово руху,,2026-09-30 18:50:08.476847+00,A1,182
e19f05e1-7b45-4072-aa9b-ed9bf09ae7f5,,word,govoriti tiho,говорити тихо,Вираз,,2026-09-30 19:43:27.289764+00,A1,2656
e1b3b2b0-de99-43f8-b5b8-4d27c8cd5b25,,word,podrška,підтримка,Іменник (жін. рід),,2026-09-30 19:34:28.835177+00,A2,2226
e1b6649c-a96c-4543-bf45-760c8325a71f,,word,zgrada,будівля,Іменник (жін. рід),,2026-09-30 19:11:45.674946+00,A1,1400
e1c8a26d-f7f9-4144-93ea-e08b5c43015d,,word,jedva,ледве,Прислівник,,2026-09-30 19:37:28.32227+00,B1,2369
e1e3c832-04f6-4884-b459-af820648aceb,,word,mjeriti temperaturu,міряти температуру,Вираз,,2026-09-30 19:43:27.289764+00,A2,2637
e2023353-a71d-4c51-b501-9f03d9c55476,,word,nazadovati,деградувати,Дієслово,,2026-09-30 19:43:27.289764+00,B1,2569
e20df75e-6e1f-4cb7-a501-df481f07fb49,,word,znanstvenik,вчений,Іменник (чол. рід),,2026-09-30 18:55:51.229682+00,B1,576
e21224d9-2e39-41e9-912a-2b2aff01eb38,,word,slovo,"буква, літера",Іменник (сер. рід),,2026-09-30 18:57:19.23543+00,A1,691
e2339dd8-d998-4eb9-a5a2-fa7966015ff0,bbe9211f-51f2-4654-a98f-528ffb57e9ad,word,riba,риба,[рі́ба],,2026-09-30 11:18:03.043652+00,A1,100
e2423afb-a8c3-4462-9bbe-c1329f44a896,6a50fa7b-a8d3-4cde-9039-ad17309ed1e2,dialogue_line,Konobar: Želite li nešto za pojesti?,Бажаєте щось поїсти?,,,2026-09-30 11:18:03.287284+00,A1,100
e24d54df-5b6d-4ca6-86d2-a3bbd0368677,,word,norma,норма,Іменник (жін. рід),,2026-09-30 19:07:18.68248+00,B1,991
e254f3c3-efc5-4ca9-b4ae-67daea007326,,word,umiriti,заспокоїти,Дієслово,,2026-09-30 19:43:27.289764+00,B1,2600
e2616647-86a1-4ffa-84d6-bf27fca8fa68,,word,putovnica,паспорт,Іменник (жін. рід),,2026-09-30 18:53:00.692622+00,A2,329
e2b1b33b-0fb4-426a-bc45-bbcebfaafddf,,word,ustav,конституція,Іменник (чол. рід),,2026-09-30 19:43:27.289764+00,B1,2422
e2c23659-8945-468b-a5ab-a471863dce2d,,word,veličina,розмір,Іменник (жін. рід),,2026-09-30 19:34:28.835177+00,A2,2185
e2c80533-d6ee-4745-b0c6-5b4df082ec9c,,word,prisjetiti se,згадати,Зворотне дієслово,,2026-09-30 19:02:53.78951+00,B1,706
e2f2512b-807f-4c34-b875-110c53bef12a,,word,pisati,писати,Дієслово,,2026-09-30 19:23:19.225661+00,A1,2001
e302584c-51fd-4e60-8e88-28b939c65635,,word,ponedjeljak,понеділок,Іменник (чол. рід),,2026-09-30 18:51:44.601106+00,A1,247
e30a8784-5f91-4447-ae80-aac26dd4fdec,,word,veleposlanstvo,посольство,Іменник (сер. рід),,2026-09-30 19:16:11.208603+00,B1,1597
e32d40af-1124-4b3e-ac55-2a6cdb68e475,,word,broj,номер (у черзі),Іменник (чол. рід),,2026-09-30 19:16:11.208603+00,A1,1567
e334263d-43eb-4443-bc2a-38d294c66b37,bbe9211f-51f2-4654-a98f-528ffb57e9ad,phrase,Koliko to košta?,Скільки це коштує?,[Колі́ко то ко́шта],,2026-09-30 11:18:03.043652+00,A1,100
e3618001-6cb9-4226-a172-238ffe8dee63,,word,pozdraviti,привітати,Дієслово,,2026-09-30 19:23:19.225661+00,A2,2020
e39b5d46-5f05-4659-83a8-8eb81eb5603e,,phrase,robna kuća,універмаг,Вираз,,2026-09-30 19:09:45.971373+00,A2,1198
e3a2335d-0135-4def-b433-4ba861b1bcb5,,word,mjera,міра,Іменник (жін. рід),,2026-09-30 19:34:28.835177+00,B1,2187
e3a97611-3286-48a0-b983-7318f70b1093,,word,glavni,головний,Прикметник,,2026-09-30 19:02:53.78951+00,A2,754
e3ce4a3f-4f9a-4576-9d0b-8ff42e775e48,,word,zaplivati,поплисти,Дієслово,,2026-09-30 19:43:27.289764+00,B1,2474
e3fa3fc6-2498-45e0-9336-5e7d9bcba475,,word,interes,інтерес,Іменник (чол. рід),,2026-09-30 18:55:51.229682+00,A2,514
e404e3b6-8a6d-4ca6-b21e-1fcf7ec051be,6a50fa7b-a8d3-4cde-9039-ad17309ed1e2,word,doručak,сніданок,[до́ручак],,2026-09-30 11:18:03.287284+00,A1,100
e414a872-6b22-4c45-807d-ed996caee55e,00000000-0000-0000-0000-000000000009,dialogue_line,"Vlasnik: Da, tako je. Došli smo na redovno cijepljenje.","Власник: Так, все вірно. Ми прийшли на планове щеплення.",,,2026-09-30 13:44:23.927236+00,A1,100
e429c57b-ecf8-460e-b93c-fefdeb5c977a,,word,okolina,довкілля,Іменник (жін. рід),,2026-09-30 19:16:18.104507+00,B1,1744
e45de495-24fa-4abe-a482-da7e3c4c80c1,,word,cijepiti,вакцинувати,Дієслово,,2026-09-30 19:43:27.289764+00,B1,2631
e4676202-7094-4c50-b9d2-308b73ee91b9,,word,liječnik,лікар,Іменник (чол. рід),,2026-09-30 19:16:11.208603+00,A2,1543
e47b92cc-d550-4dd6-ae7e-a69122785aa0,,word,avenija,проспект,Іменник (жін. рід),,2026-09-30 19:11:45.674946+00,B1,1369
e488f3fa-958c-43c9-903f-9ed4b96b7c26,,word,ustanova,установа,Іменник (жін. рід),,2026-09-30 19:05:19.501424+00,A2,802
e48ecb77-4f8d-4e84-99d6-650f0b5e5bbe,,word,proziran,прозорий,Якісний прикметник,,2026-09-30 19:34:28.835177+00,B1,2266
e4db3d47-2236-4bcd-b789-cf059d2337d8,,word,taksi,таксі,Іменник (чол. рід),,2026-09-30 19:11:45.674946+00,A1,1359
e4e1d11b-9c86-4d0a-81ee-699c05e57abb,,word,ugovor,договір,Іменник (чол. рід),,2026-09-30 18:53:00.692622+00,A2,344
e4f490a2-2a0f-4103-9e37-ee2ac8cd98c3,,word,raspršiti,розсіяти,Дієслово,,2026-09-30 19:43:27.289764+00,B1,2549
e530f27c-e7ab-4711-8c3c-7d80d3f579e6,,word,podatak,дані,Іменник (чол. рід),,2026-09-30 19:43:27.289764+00,A2,2717
e53c33ab-b825-4782-a984-77d06aff54e0,,word,vojnik,солдат,Іменник (чол. рід),,2026-09-30 18:55:51.229682+00,A2,570
e55523fa-c5d2-4f1e-b6c1-0e24575de948,,word,nesreća,"нещасний випадок, аварія",Іменник (жін. рід),,2026-09-30 19:05:19.501424+00,A2,860
e55df27b-50b8-4bcb-8d19-aeea1dfd0d92,,word,maštovit,з уявою,Якісний прикметник,,2026-09-30 19:43:27.289764+00,B1,2349
e5633985-7852-439a-bb9b-4ef11fd7f305,,word,mačka,кішка,Іменник (жін. рід),,2026-09-30 19:09:45.971373+00,A1,1248
e56b8a9f-f8b0-4466-a167-c869804d2392,,word,burza,біржа,Іменник (жін. рід),,2026-09-30 19:16:11.208603+00,B1,1660
e57cb1cb-4ac0-4f4b-b92a-43f3d7811ab8,,word,braniti,захищати,Дієслово,,2026-09-30 19:07:18.68248+00,B1,943
e57d72fd-5ae4-44f1-a00b-95f62e1142de,,word,poglavlje,розділ,Іменник (сер. рід),,2026-09-30 19:09:45.971373+00,B1,1121
e592600a-e551-46ff-ae9c-7ca83c2c2904,,phrase,hitna služba,екстрена служба,Вираз,,2026-09-30 19:16:11.208603+00,A2,1646
e5add046-ac1d-4dbe-8199-cdeecbdc0485,,word,napasti,напасти,Дієслово,,2026-09-30 19:07:18.68248+00,B1,944
e5ca92e6-8f2c-4ce6-b561-cbdacc68c05d,,word,konkurent,конкурент,Іменник (чол. рід),,2026-09-30 19:11:45.674946+00,B1,1316
e5e1d937-6b26-429a-a130-265583b332d6,,word,novac,гроші,Іменник (чол. рід),,2026-09-30 19:46:32.987066+00,A1,2922
e5fab7be-0480-40d8-99b0-54f93c8e4d96,,word,plakati,плакати,Дієслово,,2026-09-30 18:50:08.476847+00,A1,189
e5faf97a-dbf5-4732-a727-00236e0a65cd,,word,pravo,право (наука),Іменник (сер. рід),,2026-09-30 19:16:18.104507+00,A2,1858
e6242f91-973d-407d-8149-d0b2ee639ad3,,word,investicija,інвестиція,Іменник (жін. рід),,2026-09-30 19:13:58.595598+00,B1,1665
e6272392-880c-4dd4-bb4e-1838c0c0305e,00000000-0000-0000-0000-000000000017,word,Poslužitelj,Сервер,,,2026-09-30 13:49:13.68368+00,A1,100
e627807d-305f-4409-8d22-d4ddbb8f0827,,word,odjava,зняття з обліку,Іменник (жін. рід),,2026-09-30 19:05:19.501424+00,B1,811
e67077cb-d37c-432e-837a-90290fbaa82c,,word,ključ,ключ,Іменник (чол. рід),,2026-09-30 19:07:18.68248+00,A1,1069
e6806835-30a0-451f-a263-c3882f0ee7f4,,word,novčanik,гаманець,Іменник (чол. рід),,2026-09-30 18:53:00.692622+00,A2,328
e68a9b6a-5305-4717-93e6-52bf0430c579,9ff8ccfd-58f7-457d-9025-a5f1ee9d75df,word,auto,авто,[а́уто],,2026-09-30 11:18:03.517183+00,A1,100
e68d5555-92e6-41c6-a299-96b084d533a1,,word,sociologija,соціологія,Іменник (жін. рід),,2026-09-30 19:16:18.104507+00,B1,1851
e68ea20d-36eb-4428-8144-f01c544c9594,,word,već,вже,Прислівник часу,,2026-09-30 18:50:08.476847+00,A1,124
e6c82491-61d4-4480-ad14-1ba268463aa3,,word,uspjeti,"досягти успіху, змогти",Дієслово дії,,2026-09-30 18:50:08.476847+00,A2,200
e6c8b754-defb-46eb-aa36-dd58c592bc84,00000000-0000-0000-0000-000000000008,dialogue_line,Vlasnik: Treba mi provjera dizni i zamjena ulja u mjenjaču.,Власник: Мені потрібна перевірка форсунок та заміна мастила в коробці.,,,2026-09-30 13:44:23.68813+00,A1,100
e6cdf29a-d176-4fd9-af87-9ac76b499222,,word,nada,надія,Іменник (жін. рід),,2026-09-30 19:07:18.68248+00,A2,1035
e6d9260b-5316-4b39-9920-573ac2b94d37,,word,moj,мій,Присвійний займенник,,2026-09-30 18:47:44.824275+00,A1,23
e6fcc4a5-7fe1-446d-b187-52ddc1176027,,word,ugostiteljstvo,ресторанна справа,Іменник (сер. рід),,2026-09-30 19:16:18.104507+00,B1,1871
e70d0129-d9ba-4fd9-b563-c3e32adba343,,word,zavjesa,"завіса, штора",Іменник (жін. рід),,2026-09-30 19:11:45.674946+00,A2,1425
e71458d2-6c0d-40fb-ae85-874d4692dcd8,,word,vratiti,повернути,Дієслово,,2026-09-30 19:23:19.225661+00,A2,2095
e721acd8-1a5a-4ec2-a348-771015ce92c1,,word,gostovati,"гостювати, виступати",Дієслово,,2026-09-30 19:37:28.32227+00,B1,2455
e731187b-0693-4a3f-b97d-1a99465d3f7e,,word,glasina,чутка,Іменник (жін. рід),,2026-09-30 18:55:51.229682+00,B1,530
e74096d5-a462-43ef-94bb-98070d7d83de,,word,uložiti,"вкласти (інвестиції, зусилля)",Дієслово,,2026-09-30 19:43:27.289764+00,B1,2504
e7422ac9-1f61-4b94-9806-16f1b187c814,,word,preko,через,Прийменик,,2026-09-30 18:54:20.802874+00,A2,447
e75b4ca7-c877-4948-ac84-1eeb57607a0b,,word,profesor,професор,Іменник (чол. рід),,2026-09-30 18:53:00.692622+00,A2,375
e788b690-20a8-41db-b6e0-d6a3cb59c454,,word,opuštanje,релаксація,Іменник (сер. рід),,2026-09-30 19:07:18.68248+00,B1,1042
e7a75f06-830c-4a7f-8277-d740130de7a7,,word,brat,брат,Іменник,,2026-09-30 18:47:44.824275+00,A1,95
e7bad9b7-5c36-42a7-9766-ed908b8daea2,,word,ptica,птах,Іменник (жін. рід),,2026-09-30 18:51:44.601106+00,A2,226
e7d4a943-ecac-4985-8c36-887fc9b9c5ce,,word,sastanak,зустріч,Іменник (чол. рід),,2026-09-30 19:46:32.987066+00,A2,2831
e7d806c6-bc6c-4d9f-bb39-4c46a1bf20be,,word,podatak,"дані, інформація",Іменник (чол. рід),,2026-09-30 19:07:18.68248+00,A2,973
e7f140ec-a940-469d-a5c8-c45d582c5f0d,,word,adresa,адреса,Іменник (жін. рід),,2026-09-30 18:53:00.692622+00,A1,358
e8208d38-3cd5-43c8-a3bd-0ecf359a350a,,word,slovo,літера,Іменник (сер. рід),,2026-09-30 19:46:32.987066+00,A1,2866
e8284b63-81fe-4602-ad0c-33dde72a27ed,,word,pravda,справедливість,Іменник (жін. рід),,2026-09-30 19:05:19.501424+00,B1,849
e8320025-d7bf-43f5-a238-da0325a31d2d,,word,rujan,вересень,Іменник (чол. рід),,2026-09-30 18:51:44.601106+00,A2,262
e83f7508-41fd-420e-b813-5cd00e0a0f5e,,word,ravnateljstvo,дирекція,Іменник (сер. рід),,2026-09-30 19:37:28.32227+00,B1,2412
e85e1f0e-b612-44b0-9f27-0e0025a63aa2,bbe9211f-51f2-4654-a98f-528ffb57e9ad,word,otvoreno,відчинено,[отво́рено],,2026-09-30 11:18:03.043652+00,A1,100
e87eff6b-cfb4-44d2-9e01-e9ece3975c50,,word,sigurnost,безпека,Іменник (жін. рід),,2026-09-30 18:55:51.229682+00,A2,512
e8802729-a65c-46c9-b074-f59bd9fa2e97,,word,banka,банк,Іменник (жін. рід),,2026-09-30 19:16:11.208603+00,A1,1688
e89f537d-5e7a-4b5d-8ec1-52aa2fcb3141,,word,preporuka,рекомендація,Іменник (жін. рід),,2026-09-30 19:46:32.987066+00,A2,2819
e8aba078-7a75-4366-9028-e1722ab995a6,,word,pokvaren,зіпсований,Якісний прикметник,,2026-09-30 19:34:28.835177+00,B1,2280
e8d6d50b-ad1f-4754-90b6-b0e664703880,,word,društvo,"суспільство, компанія",Іменник (сер. рід),,2026-09-30 18:55:51.229682+00,A2,553
e8f562a7-5f52-4bbf-bc45-58a9c3012964,,word,pijesok,пісок,Іменник (чол. рід),,2026-09-30 19:09:45.971373+00,A2,1229
e8f56438-8151-4e1d-8b19-1384777d0488,,word,obrana,оборона,Іменник (жін. рід),,2026-09-30 19:37:28.32227+00,B1,2428
e91cfcc8-6d37-409b-b2ca-595cfd3c33e5,,word,prihod,дохід,Іменник (чол. рід),,2026-09-30 19:05:19.501424+00,B1,821
e92f1bf9-4107-4991-852e-11c33ce4d02f,,word,zemlja,земля,Іменник (жін. рід),,2026-09-30 19:46:32.987066+00,A1,2961
e93a93df-6a81-4ff4-8284-462a6e6fd3a8,,word,ponuda,пропозиція,Іменник (жін. рід),,2026-09-30 19:09:45.971373+00,A2,1200
e93df2d8-7d9e-4f40-bac6-9fb1101cf316,,word,šok,шок,Іменник (чол. рід),,2026-09-30 19:46:32.987066+00,A2,2782
e9491a00-3a1f-4b90-80da-52592aaa831a,,word,dobit,прибуток,Іменник (жін. рід),,2026-09-30 19:13:58.595598+00,B1,1666
e94d8fca-6b58-4e06-9a6d-17642295549a,,word,duljina,довжина,Іменник (жін. рід),,2026-09-30 19:34:28.835177+00,A2,2183
e952645f-2860-48e7-9f84-ab53d349db42,,word,industrija,промисловість,Іменник (жін. рід),,2026-09-30 19:16:11.208603+00,B1,1652
e964ef85-9c2b-497d-b85f-966944380e17,,word,alergija,алергія,Іменник (жін. рід),,2026-09-30 19:16:11.208603+00,A2,1535
e969c18d-6075-40f0-b5aa-9d011ea8d7c0,,word,netočno,неправильно,Прислівник,,2026-09-30 18:54:20.802874+00,A2,421
e96a8e61-753a-4ec7-9511-4c0e34c4635c,,word,pružiti prvu pomoć,надати першу допомогу,Вираз,,2026-09-30 19:43:27.289764+00,B1,2648
e9740655-9f80-457a-8bd6-7fb1b7d15a52,,word,čekanje,очікування,Іменник (сер. рід),,2026-09-30 19:16:11.208603+00,A2,1568
e97f5117-2be9-4e67-893b-b5057b07a97f,,word,otkriti,"відкрити, виявити",Дієслово,,2026-09-30 19:23:19.225661+00,B1,1938
e9890445-6c74-4c05-af3d-5f9005b51dfc,,word,ministarstvo,міністерство,Іменник (сер. рід),,2026-09-30 19:16:11.208603+00,B1,1596
e9d1b1db-ab5c-4ca6-9f8a-fdb7b61eac7e,,word,pečat,печатка,Іменник (чол. рід),,2026-09-30 19:16:11.208603+00,B1,1560
e9d332f2-9225-481f-9b4c-a095d75387c3,,word,crtati,малювати,Дієслово,,2026-09-30 19:23:19.225661+00,A1,2003
ea04ba82-5dd7-4cb1-86db-5fc9442e9098,,word,namjestiti,"встановити, налаштувати",Дієслово,,2026-09-30 19:43:27.289764+00,B1,2554
ea15bcc1-d507-40cd-b7f3-85bdb5000f1d,,word,lozinka,пароль,Іменник (жін. рід),,2026-09-30 19:16:18.104507+00,A2,1772
ea368e51-3a02-40ac-bb61-017b49a2c53f,,word,prigovor,"заперечення, скарга",Іменник (чол. рід),,2026-09-30 19:13:58.595598+00,B1,1573
ea5bcccd-b2db-4867-85a1-03380eb355a5,,word,temperatura,температура,Іменник (жін. рід),,2026-09-30 19:05:19.501424+00,A2,877
ea6b17ae-8f44-46e4-969d-7705210b0fcd,,word,svjetlost,світло,Іменник (жін. рід),,2026-09-30 19:16:18.104507+00,A2,1832
ea7c5a49-f629-49f8-8a48-5f2de9b5d53c,,word,uspjeh,успіх,Іменник (чол. рід),,2026-09-30 19:09:45.971373+00,A2,1152
ea849e52-7447-4c62-b468-cd6596b8f91f,,word,buka,шум,Іменник (жін. рід),,2026-09-30 18:53:00.692622+00,A2,390
ea8b5016-5edb-45fd-8952-eef09657c711,aef634c7-836d-4d7d-9ae4-41fa0012b5b3,word,bol,біль,[бол],,2026-09-30 11:18:04.076329+00,A1,100
ea8df2f9-c993-4883-ac47-70f17d2dba74,,word,klinika,клініка,Іменник (жін. рід),,2026-09-30 19:16:11.208603+00,A2,1540
eaafb81b-4e9b-4493-9f2e-21f55a5e342d,9e3f6972-10fa-4c25-8fed-80a5148f5c44,phrase,Ja sam iz Ukrajine.,Я з України.,[Я сам із Украї́не],,2026-09-30 11:18:02.743916+00,A1,100
eac598eb-4807-4e7c-b57d-78c6297258b8,,word,zid,стіна,Іменник (чол. рід),,2026-09-30 18:53:00.692622+00,A2,319
eac8779a-689c-4787-8bd5-094c47d84c21,,word,kiša,дощ,Іменник (жін. рід),,2026-09-30 19:09:45.971373+00,A1,1220
eacbf79f-5793-4321-832a-33ddcf5171b4,,word,ali,але,Протививний сполучник,,2026-09-30 18:47:44.824275+00,A1,9
eace1978-bef9-4b20-8ba7-5c1e99717529,,word,gramatika,граматика,Іменник (жін. рід),,2026-09-30 18:57:19.23543+00,A1,695
ead14ec8-0d05-4556-8cc6-f9966700f3f0,,word,dokaz,доказ,Іменник (чол. рід),,2026-09-30 19:16:11.208603+00,B1,1617
eada9c5c-29b7-4c4f-ac2d-35714d6411c3,,word,više,більше,Прислівник (порівняльна ступінь),,2026-09-30 18:50:08.476847+00,A1,115
eaff2c44-4ba8-4b68-872f-4bd2051dc240,,word,uostalom,зрештою,Прислівник,,2026-09-30 19:37:28.32227+00,B1,2354
eb01e354-d067-4c8c-9fed-763c70750a48,,word,plav,"блакитний, синій",Прикметник (колір),,2026-09-30 18:51:44.601106+00,A1,282
eb0627fd-db92-4fed-947b-bf222a8aa05a,,word,završiti,закінчити,Дієслово дії,,2026-09-30 18:50:08.476847+00,A1,157
eb085b90-2dfe-42ee-ac29-d8e88fe6b651,,word,istina,правда,Іменник (жін. рід),,2026-09-30 19:43:27.289764+00,A2,2713
eb111c0c-1ab1-48da-a446-d04c559b5bcd,,word,trgovina,"торгівля, магазин",Іменник (жін. рід),,2026-09-30 19:13:58.595598+00,A1,1656
eb40cc2d-f5fa-4a7a-9719-4f75f4e118c1,,word,tržište,ринок,Іменник (сер. рід),,2026-09-30 19:05:19.501424+00,A2,835
eb7c28ac-e89a-45bf-bee3-1ae3689868bc,,word,omogućiti,уможливити,Дієслово,,2026-09-30 19:02:53.78951+00,B1,722
eba03d18-7a73-4533-bee9-f21faa07c9ae,,word,učitelj,вчитель,Іменник (чол. рід),,2026-09-30 18:53:00.692622+00,A1,374
ebb60076-7c9c-4ad1-a256-38a99b091e80,,word,uzeti,взяти,Дієслово дії,,2026-09-30 18:50:08.476847+00,A1,177
ebb9152d-e07c-4ddc-8c7b-333e3dafc996,,word,pun,повний,Якісний прикметник,,2026-09-30 18:57:19.23543+00,A2,629
ebd04333-775b-4096-99ff-3a1a1456f1e9,,word,operacija,операція,Іменник (жін. рід),,2026-09-30 19:16:11.208603+00,B1,1516
ec04af10-19e0-47e3-aec6-fd9208db95fc,,word,prostor,простір,Іменник (чол. рід),,2026-09-30 19:16:18.104507+00,A2,1822
ec2218a6-0150-4554-8ed7-88daf5cb78df,,word,zločin,злочин,Іменник (чол. рід),,2026-09-30 19:05:19.501424+00,B1,854
ec43e3b3-967c-4465-858e-ffb9cb6853e7,,word,vatrogasac,пожежник,Іменник (чол. рід),,2026-09-30 19:11:45.674946+00,A2,1329
ec5d6cab-1c16-4116-a9e7-7be75426c18d,,word,pomoć,допомога,Іменник (жін. рід),,2026-09-30 19:34:28.835177+00,A1,2225
ec6bd909-94a3-43ec-8b0d-3bee107c90be,,word,kartica,картка (банківська),Іменник (жін. рід),,2026-09-30 19:16:11.208603+00,A1,1681
ec7054d2-d4ae-4efa-af00-814e6cc3cd09,,word,rasti,рости,Дієслово,,2026-09-30 19:23:19.225661+00,A2,1901
ec7212d8-a273-43de-a89d-f549479a2371,,word,tržnica,ринок,Іменник (жін. рід),,2026-09-30 19:46:32.987066+00,A2,2934
ec74c69b-c116-4b31-af47-20b263bc18af,,word,spašavanje,порятунок,Іменник (сер. рід),,2026-09-30 19:05:19.501424+00,B1,859
ec8b1b67-0ae4-453f-9eb9-ab4bda463594,,word,rezultat,результат,Іменник (чол. рід),,2026-09-30 19:46:32.987066+00,A2,2892
ec9ce9ef-833b-41b6-9e79-20c22c8d4691,,word,vrata,двері,Іменник (сер. рід),,2026-09-30 19:11:45.674946+00,A1,1406
ecb166b7-bcd4-4c32-8692-f9d98ffebf7b,,word,poslodavatelj,роботодавець,Іменник (чол. рід),,2026-09-30 19:46:32.987066+00,B1,2907
ecca7f50-202b-4fea-9143-9dc373c2ac35,,word,branitelj,захисник (адвокат),Іменник (чол. рід),,2026-09-30 19:13:58.595598+00,B1,1621
eccd36f8-3a37-439d-b7e2-4098e39280f9,,word,vjerojatno,вірогідно,Прислівник,,2026-09-30 19:43:27.289764+00,A2,2375
eceacefd-7584-45ac-b6da-647f7ecf913d,,word,kreativan,креативний,Якісний прикметник,,2026-09-30 19:43:27.289764+00,A2,2348
eced17c0-8c41-4129-8c8a-e0a6e7361bce,aef634c7-836d-4d7d-9ae4-41fa0012b5b3,phrase,Ne osjećam se dobro.,Я погано почуваюся.,[Не осє́чам се до́бро],,2026-09-30 11:18:04.076329+00,A1,100
ed062f1a-c500-464d-a3af-3244fdf34f24,,word,konferencija,конференція,Іменник (жін. рід),,2026-09-30 19:46:32.987066+00,B1,2832
ed30291e-1bfe-4e41-bcd3-b5a7e6aea8c1,,word,glumac,актор,Іменник (чол. рід),,2026-09-30 18:55:51.229682+00,A2,539
ed336a03-cb3c-42d4-92eb-8b9a28bd39f2,,word,promijeniti,змінити,Дієслово,,2026-09-30 18:54:20.802874+00,A2,466
ed60fb67-aed3-46ed-b8f0-ed4e5b215760,,word,rječnik,словник,Іменник (чол. рід),,2026-09-30 19:46:32.987066+00,A1,2871
ed6ae17f-d813-4b8f-a5d8-01fd8a8562b5,,word,razina,рівень,Іменник (жін. рід),,2026-09-30 19:07:18.68248+00,B1,997
ed80eb16-ce1e-4fc6-9970-58ee907f9ca3,,word,kultura,культура,Іменник (жін. рід),,2026-09-30 19:09:45.971373+00,A1,1113
ed819c64-80c9-47ec-bf70-96c41d374b4d,,word,svoj,свій,Присвійний зворотний займенник,,2026-09-30 18:47:44.824275+00,A1,27
ed821631-eb51-4f7e-a13f-57ad53f7b828,,word,spavati,спати,Дієслово,,2026-09-30 19:23:19.225661+00,A1,1911
ed95baa3-47e8-4b0f-81ff-8795907c4c5e,,word,dotrčati,добігти,Дієслово,,2026-09-30 19:43:27.289764+00,B1,2467
ed990482-44a3-4137-be93-3e4741467111,,word,jučer,учора,Прислівник часу,,2026-09-30 18:50:08.476847+00,A1,101
ed9fb13a-df8d-4448-bd1b-fbf7ab571d70,,word,bicikl,велосипед,Іменник (чол. рід),,2026-09-30 19:11:45.674946+00,A1,1358
eda2f2a6-ef50-49a6-aa8e-e06854c5caf1,,word,unuka,онука,Іменник (жін. рід),,2026-09-30 19:09:45.971373+00,B1,1269
edb1838c-e260-4a09-b9cd-6282d6564252,,word,rat,війна,Іменник (чол. рід),,2026-09-30 19:09:45.971373+00,B1,1300
edbac2df-5dc3-4855-add0-05f58cee9a18,,word,otići,"піти, поїхати",Дієслово руху,,2026-09-30 18:50:08.476847+00,A1,180
edbf2ec8-1a12-4607-a4c1-fd8401168854,,word,televizor,телевізор,Іменник (чол. рід),,2026-09-30 19:09:45.971373+00,A1,1103
ede52f28-305e-423a-b4c0-4e45b086808e,,word,navlaš,навмисно,Прислівник,,2026-09-30 19:43:27.289764+00,B1,2383
edeb743f-f96a-406e-8fcd-9c0a1d647cb6,,word,graditi,будувати,Дієслово,,2026-09-30 19:43:27.289764+00,A2,2561
ee0acabb-3e5b-4a13-a6f5-9522cc63a2c0,,word,brzina,швидкість,Іменник (жін. рід),,2026-09-30 18:54:20.802874+00,A2,405
ee1c1651-93c2-40b2-aa12-3ba08b99c826,,word,kvaliteta,якість,Іменник (жін. рід),,2026-09-30 19:07:18.68248+00,A2,993
ee27fd76-0bc7-48ef-a037-6c86cfc3eae1,,word,hostel,хостел,Іменник (чол. рід),,2026-09-30 19:11:45.674946+00,A2,1394
ee2a515e-99d4-48b3-90af-10ba2853f25f,,word,reći,сказати,Дієслово мовлення,,2026-09-30 18:47:44.824275+00,A1,39
ee415c57-552e-4b9a-a335-971c3fce1753,,word,srijeda,середа,Іменник (жін. рід),,2026-09-30 18:51:44.601106+00,A1,249
ee5a433e-dbf4-4c82-b7a0-fd4b8bc49412,,word,iznenađenje,здивування,Іменник (сер. рід),,2026-09-30 19:46:32.987066+00,A2,2781
ee5ec7a9-4356-4644-86b3-ef8c6e20ea1e,,word,пожар -> požar,пожежа,Іменник (чол. рід),,2026-09-30 19:34:28.835177+00,B1,2216
ee67f363-e3a3-4928-b930-30b5fbcd73bd,,word,mornar,матрос,Іменник (чол. рід),,2026-09-30 18:55:51.229682+00,B1,594
ee96abb3-5963-49be-8204-5fd73fae1325,,word,primijetiti,помітити,Дієслово,,2026-09-30 19:02:53.78951+00,A2,703
eee7222a-fea1-4cd7-9ff6-e9efcb3c3c29,,word,račun,рахунок,Іменник (чол. рід),,2026-09-30 19:16:11.208603+00,A1,1682
eefcb755-4189-45ca-8358-69de15703013,,word,unutra,всередині,Прислівник,,2026-09-30 19:43:27.289764+00,A1,2390
ef1aeab6-f9f0-44a7-b158-7b3035f40703,,word,раздвојити -> razdvojiti,розділити,Дієслово,,2026-09-30 19:23:19.225661+00,B1,2056
ef1fda88-4d59-482d-8639-740f187f8edb,,word,poštenje,чесність,Іменник (сер. рід),,2026-09-30 19:02:53.78951+00,B1,772
ef256bdd-3829-4670-b2de-4d19b76e884e,,word,naglas,вголос,Прислівник,,2026-09-30 19:37:28.32227+00,A2,2385
ef3321db-f283-4b9e-9ebe-c7d81cd60bbe,,word,vrijedan,"цінний, працьовитий",Прикметник,,2026-09-30 19:02:53.78951+00,A2,763
ef42c37f-d1e6-4a3b-801d-29c2469fe634,,word,pobjeći,втекти,Дієслово,,2026-09-30 19:43:27.289764+00,B1,2485
ef480450-abbe-49ff-97fb-39d6a808246e,,word,izvrsno,чудово,Прислівник,,2026-09-30 18:54:20.802874+00,A2,418
ef4e1240-ce3c-43bd-a905-c73a51ec2d53,,word,tajna,таємниця,Іменник (жін. рід),,2026-09-30 19:43:27.289764+00,A2,2686
ef787730-a04d-46e5-8de3-5707409822c8,,word,propis,"припис, правило",Іменник (чол. рід),,2026-09-30 19:16:18.104507+00,B1,1734
ef7d6d8b-3a3b-47c6-9226-dad2bc8157ae,,word,okusiti,скуштувати,Дієслово,,2026-09-30 19:23:19.225661+00,B1,1959
ef88eb55-ac02-44e4-9d5f-0f2236a77bc5,,word,vjetar,вітер,Іменник (чол. рід),,2026-09-30 19:09:45.971373+00,A2,1222
ef994d1e-3dea-44e0-b943-999463c03090,,word,strast,пристрасть,Іменник (жін. рід),,2026-09-30 19:46:32.987066+00,B1,2768
efaa9989-4188-4d91-a2db-9b503950b188,,word,izumitelj,винахідник,Іменник (чол. рід),,2026-09-30 18:55:51.229682+00,B1,578
efb1b931-e416-469a-b12a-e067d097e4d6,,word,sindikat,профспілка,Іменник (чол. рід),,2026-09-30 19:43:27.289764+00,B1,2447
efce9770-1024-4ae1-b83c-3232c751f336,,word,otežati,ускладнити,Дієслово,,2026-09-30 19:02:53.78951+00,B1,724
efdeb7e5-dc57-46c7-9a1d-13f92d523ffc,,word,zarobiti,захопити в полон,Дієслово,,2026-09-30 19:43:27.289764+00,B1,2480
efe263bb-0984-414c-a16e-42b03e507780,,word,svibanj,травень,Іменник (чол. рід),,2026-09-30 18:51:44.601106+00,A2,258
efeb6fab-f180-4f65-9b5e-67302b8d5fca,,word,dolina,долина,Іменник (жін. рід),,2026-09-30 19:09:45.971373+00,B1,1233
f0004209-69fb-4a76-82d8-79721dafa443,,word,nesreća,нещасний випадок,Іменник (жін. рід),,2026-09-30 19:16:11.208603+00,A2,1637
f00105cb-c3a1-411e-9b5c-e99a2e9306e1,,word,amnestija,амністія,Іменник (жін. рід),,2026-09-30 19:16:11.208603+00,B1,1628
f00fc887-e035-4165-9a65-f5107f9b8d0d,,word,obala,узбережжя,Іменник (жін. рід),,2026-09-30 19:46:32.987066+00,A2,2974
f024bca1-6638-412e-a2aa-c388ae340012,,word,lagati,брехати,Дієслово,,2026-09-30 19:43:27.289764+00,A2,2589
f02e99ca-c92c-4b1b-9b0f-7ff1f403ad44,,word,hladnoća,холод,Іменник (жін. рід),,2026-09-30 19:05:19.501424+00,A2,892
f035ddd6-695b-4a7b-bc51-97433d562d18,,word,stranka,партія,Іменник (жін. рід),,2026-09-30 18:55:51.229682+00,B1,564
f07dd091-3cba-484f-9b98-149d714b9c07,aef634c7-836d-4d7d-9ae4-41fa0012b5b3,phrase,Pozovite hitnu pomoć!,Викличте швидку допомогу!,[Позо́віте хі́тну по́моч],,2026-09-30 11:18:04.076329+00,A1,100
f095a05f-8d6a-4f5c-96b7-69fe74f399c1,,word,radovati se,радіти,Зворотне дієслово,,2026-09-30 19:37:28.32227+00,A2,2497
f096ee5e-88c4-4cb3-8d1f-1d70baa9cb33,,word,osiguranje,страхування,Іменник (сер. рід),,2026-09-30 19:16:11.208603+00,A2,1554
f0a1464b-ed23-4f11-851d-b956c51b2779,,word,ohol,"зухвалий, гордовитий",Якісний прикметник,,2026-09-30 19:37:28.32227+00,B1,2307
f0a919f9-abf3-4a92-8f10-3a497ecd00ac,,word,vizija,бачення,Іменник (жін. рід),,2026-09-30 19:05:19.501424+00,B1,815
f0b5c9b3-c24e-48ae-b8f0-d99b763b9586,,word,dolazak,приїзд,Іменник (чол. рід),,2026-09-30 19:46:32.987066+00,A2,2799
f0e43941-3ebe-4d85-9144-ae128a24dab2,,word,star,старий,Якісний прикметник,,2026-09-30 19:34:28.835177+00,A1,2275
f0f6b5d3-16c5-467b-85b9-e19fcaf5a39d,,word,savjetovati,радити,Дієслово,,2026-09-30 19:02:53.78951+00,B1,713
f1136284-a62d-4512-a782-8c6daf3f3927,,word,ekonomist,економіст,Іменник (чол. рід),,2026-09-30 19:11:45.674946+00,A2,1302
f13df6f3-51aa-453f-8543-daaca31d9238,,word,inženjer,інженер,Іменник (чол. рід),,2026-09-30 18:55:51.229682+00,A2,574
f16e5130-ba1d-404c-834f-173a63dd076f,,word,namjera,намір,Іменник (жін. рід),,2026-09-30 19:07:18.68248+00,B1,951
f1a55c17-d09d-474e-b54b-9efdacee68b9,,word,posljedica,наслідок,Іменник (жін. рід),,2026-09-30 19:34:28.835177+00,B1,2159
f1aadd43-ef08-4b28-951e-640b0ec85d38,,word,mirisati,пахнути,Дієслово,,2026-09-30 19:23:19.225661+00,B1,1958
f1cc8809-a503-41ea-a946-d3f2cde237db,,word,subota,субота,Іменник (жін. рід),,2026-09-30 18:51:44.601106+00,A1,252
f1d17cfd-de6a-4003-b903-63fec7c8f90b,,word,laboratorij,лабораторія,Іменник (чол. рід),,2026-09-30 19:16:18.104507+00,A2,1803
f21559cf-7f1c-4e3e-9670-7d9b28f4963e,,word,naočale,окуляри,Іменник (жін. рід),,2026-09-30 18:53:00.692622+00,A2,308
f23968e3-3fc6-48b7-ba8f-1bce28a97052,,word,ugovor,договір,Іменник (чол. рід),,2026-09-30 19:16:18.104507+00,A2,1723
f23c1b07-9534-4446-b995-907c5550fb56,,word,šuma,ліс,Іменник (жін. рід),,2026-09-30 19:09:45.971373+00,A2,1230
f242723c-414b-4683-b108-f0571297dfa7,,word,tuga,сум,Іменник (жін. рід),,2026-09-30 18:55:51.229682+00,A2,520
f24be879-b5b6-4c7f-9881-c07ef6a6fa9e,,word,telefon,телефон,Іменник (чол. рід),,2026-09-30 18:53:00.692622+00,A1,326
f2580ad7-7623-43c4-9652-b51a61ea03cc,,word,prsten,каблучка,Іменник (чол. рід),,2026-09-30 19:11:45.674946+00,A2,1500
f26eb577-3fcb-489b-ade4-4cd9c045f8a3,,word,plodonosan,плідний,Якісний прикметник,,2026-09-30 19:37:28.32227+00,B1,2341
f27c7ba1-dde7-49eb-8400-8e21140020fe,,word,rijedak,рідкий,Якісний прикметник,,2026-09-30 19:34:28.835177+00,B1,2253
f28216dc-fa5f-4a1b-888c-7b7b79bcedf0,,word,nagrada,нагорода,Іменник (жін. рід),,2026-09-30 19:46:32.987066+00,A2,2791
f28218b8-5116-48cd-bb19-9cd8271eba53,,word,mačka,кішка,Іменник (жін. рід),,2026-09-30 19:46:32.987066+00,A1,2983
f2c129e6-49bf-4e9e-bc14-6a336def3140,,word,puno,багато,Прислівник кількості,,2026-09-30 18:50:08.476847+00,A1,113
f2c68a98-3b24-4412-82fc-990c5c07748e,,word,dijete,дитина,Іменник (сер. рід),,2026-09-30 18:47:44.824275+00,A1,65
f2f6e98e-9433-48ef-8875-93d0aec8ae10,,word,snimiti,"записати, зняти",Дієслово,,2026-09-30 19:23:19.225661+00,B1,2006
f2fb8ee9-d3b3-4ea4-9d01-5276d9c3d002,,word,spas,порятунок,Іменник (чол. рід),,2026-09-30 19:34:28.835177+00,B1,2224
f3085b12-dc10-4d20-adec-283a9d9a99b9,,word,jutro,ранок,Іменник (сер. рід),,2026-09-30 18:51:44.601106+00,A1,243
f31c76ba-6454-4252-847d-db2f306dd5c1,,word,ljekarnik,фармацевт,Іменник (чол. рід),,2026-09-30 18:55:51.229682+00,A2,573
f31ce7b2-1406-47ea-997f-0ca940e71fd1,,word,ogrlica,намисто,Іменник (жін. рід),,2026-09-30 19:16:11.208603+00,A2,1501
f333846e-eb0f-4f97-97e2-aa978aad8a58,,word,tražiti,шукати,Дієслово дії,,2026-09-30 18:50:08.476847+00,A1,161
f35d328f-ef63-4b6b-9e45-142830e76f70,,word,dubina,глибина,Іменник (жін. рід),,2026-09-30 19:34:28.835177+00,A2,2177
f3634937-4da7-455f-9d29-4eabe49bca80,,word,uvijek,завжди,Прислівник часу,,2026-09-30 18:50:08.476847+00,A1,104
f3687987-454c-4005-85f0-ba95e0330616,aef634c7-836d-4d7d-9ae4-41fa0012b5b3,phrase,Imam alergiju na penicilin.,У мене алергія на пеніцилін.,[І́мам але́ргію на пеніцілі́н],,2026-09-30 11:18:04.076329+00,A1,100
f3761518-9e74-4181-9d36-79f8c737d35f,,word,tečaj,курс валют,Іменник (чол. рід),,2026-09-30 19:46:32.987066+00,A2,2928
f381c69e-c354-4435-8796-b576cb5e4412,,word,računalo,комп'ютер,Іменник (сер. рід),,2026-09-30 18:53:00.692622+00,A2,348
f382fed6-9b85-4005-a4d7-ac9209a10c93,,phrase,porezna uprava,податкова інспекція,Вираз,,2026-09-30 19:16:11.208603+00,B1,1592
f38682cc-5e0b-4a14-b18f-4fa9ee1fc960,,word,prezime,прізвище,Іменник (сер. рід),,2026-09-30 18:53:00.692622+00,A1,357
f3cdb50b-253c-4647-a1da-89ca09256479,,word,udruga,асоціація,Іменник (жін. рід),,2026-09-30 19:37:28.32227+00,B1,2448
f3da577f-eb3e-44c5-ae58-16125d872c03,,word,krvariti,кровоточити,Дієслово,,2026-09-30 19:43:27.289764+00,B1,2641
f3e25944-cb3f-46e8-aa54-c4492004a0dc,,word,neproziran,непрозорий,Якісний прикметник,,2026-09-30 19:34:28.835177+00,B1,2267
f3e6882a-3efe-497f-8e1d-f163c1990a90,,word,novac,гроші,Іменник (чол. рід),,2026-09-30 19:09:45.971373+00,A1,1186
f3e8700f-5af9-466d-b5ee-9b475fbb56c4,,word,istina,правда,Іменник (жін. рід),,2026-09-30 19:07:18.68248+00,A2,968
f3ea8e58-57ee-4a89-b21a-f68e9f3967cd,,word,stići,"прибути, дістатися",Дієслово,,2026-09-30 18:54:20.802874+00,A2,472
f411c1d9-96da-45f4-8819-408dfcad4281,,word,film,кіно,Іменник (чол. рід),,2026-09-30 19:16:18.104507+00,A1,1878
f420b41e-c9b0-486a-8f51-a3f4c94f8036,,word,sestra,медсестра,Іменник (жін. рід),,2026-09-30 19:13:58.595598+00,A1,1547
f42203b5-4f48-4a39-9d08-9d5fb25361c4,,word,pakt,пакт,Іменник (чол. рід),,2026-09-30 19:43:27.289764+00,B1,2435
f42bc70c-b7d4-41c5-8ca5-ae53a6f55a62,,word,bijes,лють,Іменник (чол. рід),,2026-09-30 19:46:32.987066+00,B1,2776
f42f4956-2557-44ce-82d4-27a89b8d43d5,,word,utjecati,впливати,Дієслово,,2026-09-30 19:23:19.225661+00,B1,2073
f43255d5-c49b-4390-aa6d-e6cb112be6cb,,word,kofer,валіза,Іменник (чол. рід),,2026-09-30 18:53:00.692622+00,A2,331
f4531471-423d-4b8d-a08d-019e8c926c2f,,word,svijet,світ,Іменник,,2026-09-30 18:47:44.824275+00,A1,70
f45a4a6f-4bb3-4b2e-89d3-230e37aa0fc7,,word,jezero,озеро,Іменник (сер. рід),,2026-09-30 19:46:32.987066+00,A2,2970
f4686c42-0910-40f8-bf7a-e06e223dfee8,,word,desno,праворуч,Прислівник,,2026-09-30 18:54:20.802874+00,A1,440
f46936ae-a0a0-4068-a137-e3583aba6d67,,word,pravopis,правопис,Іменник (чол. рід),,2026-09-30 19:09:45.971373+00,B1,1130
f47c491f-b61a-4970-a4f0-8f1b719136ec,bbe9211f-51f2-4654-a98f-528ffb57e9ad,dialogue_line,B: To je tri eura. Želite li vrećicu?,Це три євро. Бажаєте пакетик?,,,2026-09-30 11:18:03.043652+00,A1,100
f48728f7-9928-4478-8671-06a1e65711bf,,word,rashod,витрата,Іменник (чол. рід),,2026-09-30 19:05:19.501424+00,B1,822
f4a5dc2d-350d-4f06-9135-a136a3776129,,word,invalid,інвалід,Іменник (чол. рід),,2026-09-30 19:16:11.208603+00,B1,1550
f4a71add-9a3d-4cfa-a144-d9478a78702a,,word,šaren,строкатий,Якісний прикметник,,2026-09-30 19:34:28.835177+00,B1,2264
f4a8b1af-1b60-41cf-8648-037ffd926e02,,word,torba,сумка,Іменник (жін. рід),,2026-09-30 18:53:00.692622+00,A1,307
f4ab99eb-439b-4f9f-aefa-972d213ffe91,,word,ožujak,березень,Іменник (чол. рід),,2026-09-30 18:51:44.601106+00,A2,256
f4b1af08-ed7d-4722-a392-e1b2d5d2f4a7,,word,vani,ззовні,Прислівник,,2026-09-30 19:37:28.32227+00,A1,2391
f4b9990d-fdd0-47a6-976e-c24504580d77,,word,momčad,команда (спортивна),Іменник (жін. рід),,2026-09-30 19:34:28.835177+00,A2,2145
f4c836d7-ee2f-44ca-b718-25e36fcaa9fa,,word,avion,літак,Іменник (чол. рід),,2026-09-30 19:11:45.674946+00,A1,1360
f4c87a66-e302-45a0-a1ff-71e393601e95,,word,štetan,шкідливий,Якісний прикметник,,2026-09-30 18:57:19.23543+00,B1,611
f4d519a3-5fa2-4bd2-a032-92d6bdf8519e,,word,termometar,термометр,Іменник (чол. рід),,2026-09-30 19:16:11.208603+00,A2,1525
f4d9df87-c692-4581-be11-975178654caa,,word,prilika,"можливість, шанс",Іменник (жін. рід),,2026-09-30 19:46:32.987066+00,A2,2827
f4f0a401-0bf4-46f8-aca8-e029db888432,00000000-0000-0000-0000-000000000010,dialogue_line,"Službenik: Vaša putovnica i potvrdnica, molim.","Службовець: Ваш паспорт і квитанцію, будь ласка.",,,2026-09-30 13:44:24.31931+00,A1,100
f4f237f8-85c5-4eac-b34a-8fe95b4302f9,,word,postojati,існувати,Дієслово,,2026-09-30 19:23:19.225661+00,B1,2049
f523601d-1aa9-40d1-a8bd-5229ccd13d9d,,word,radost,радість,Іменник (жін. рід),,2026-09-30 19:07:18.68248+00,A2,1031
f531e768-c406-4d84-8bd6-ad1806632690,,word,ministar,міністр,Іменник (чол. рід),,2026-09-30 19:11:45.674946+00,B1,1336
f53c35b0-1350-4ec1-a2ea-6b10fdc34be4,,word,baza,база,Іменник (жін. рід),,2026-09-30 19:16:18.104507+00,A2,1757
f54fbe4d-419b-4aea-827e-d6b68ff5a747,,word,plesti,в'язати,Дієслово,,2026-09-30 19:23:19.225661+00,B1,2000
f58bce32-14c2-4ab2-ba78-0f496f847960,,word,neprijatelj,ворог,Іменник (чол. рід),,2026-09-30 19:09:45.971373+00,B1,1276
f5c97c06-0eca-4500-99da-707aac887172,,word,prati,мити,Дієслово,,2026-09-30 19:23:19.225661+00,A1,1996
f5e6067b-f3df-4983-b44b-60528365d0f5,,word,kultura,культура,Іменник (жін. рід),,2026-09-30 19:07:18.68248+00,A1,1003
f5e97200-4931-44aa-a124-21a5a3204d8b,,word,točan,точний,Якісний прикметник,,2026-09-30 18:57:19.23543+00,A2,618
f5f9cee3-3eca-43ff-8a88-24fa2d2874a8,,phrase,rodni list,свідоцтво про народження,Вираз,,2026-09-30 19:16:11.208603+00,A2,1587
f5fe961a-972d-442b-a2fc-0a9ef836880b,,word,ruksak,рюкзак,Іменник (чол. рід),,2026-09-30 19:11:45.674946+00,A2,1390
f60b36dd-cf69-41a6-97e6-246d10ca475f,,word,zaliha,запас,Іменник (жін. рід),,2026-09-30 19:16:18.104507+00,B1,1718
f6139a98-625d-4d88-ad38-e76335721863,,word,dokaz,доказ,Іменник (чол. рід),,2026-09-30 19:13:58.595598+00,B1,1617
f6144dc1-df27-403c-a623-30a08019541e,,word,spasiti,врятувати,Дієслово,,2026-09-30 19:07:18.68248+00,A2,947
f63373b2-89bd-429d-9be6-c64c2664d9c3,,word,termometar,термометр,Іменник (чол. рід),,2026-09-30 19:13:58.595598+00,A2,1525
f641c22c-fffd-496b-af1c-3b47e95d11b2,,word,zabraniti,заборонити,Дієслово,,2026-09-30 19:43:27.289764+00,B1,2528
f64fb2bd-a669-4c15-a629-26c6146ae7b8,,word,borba,боротьба,Іменник (жін. рід),,2026-09-30 19:46:32.987066+00,A2,2898
f6729cd1-2073-4462-96b3-f72fab20bc84,,word,sposobnost,здатність,Іменник (жін. рід),,2026-09-30 19:07:18.68248+00,B1,977
f6852922-a480-4b91-90a0-6a35005dfa71,,word,stav,"позиція, ставлення",Іменник (чол. рід),,2026-09-30 18:55:51.229682+00,A2,501
f68546f3-dcff-4ce3-944d-a035297aa0db,,word,metodologija,методологія,Іменник (жін. рід),,2026-09-30 19:16:18.104507+00,B1,1810
f686e209-19c3-4cd3-9616-5febf7cda95e,,word,valuta,валюта,Іменник (жін. рід),,2026-09-30 19:05:19.501424+00,A2,839
f69e8dcf-35f4-4b55-8a36-8c364bf110f5,,word,granica,кордон,Іменник (жін. рід),,2026-09-30 19:05:19.501424+00,A2,814
f6a1755e-28e4-4d74-b4aa-961f9cc66383,,word,naočale,окуляри,"Іменник (жін. рід, мн.)",,2026-09-30 19:11:45.674946+00,A2,1498
f6b65f69-154e-41a5-ac4c-0cbf367b5b9f,,word,epoha,епоха,Іменник (жін. рід),,2026-09-30 19:46:32.987066+00,B1,2757
f6c21edf-907a-402e-aefa-285206f2bf43,,word,kolovoz,серпень,Іменник (чол. рід),,2026-09-30 18:51:44.601106+00,A2,261
f6cba675-9c11-4a35-984d-ca2d92788b9f,,word,dokazati,довести,Дієслово,,2026-09-30 19:23:19.225661+00,B1,1940
f6cd6dd8-ef92-45b1-840c-ddbd19511b90,,word,tajnica,секретарка,Іменник (жін. рід),,2026-09-30 19:11:45.674946+00,A2,1303
f70da9f2-a3a0-4dfd-93fe-d69420f84286,,word,sklonište,укриття,Іменник (сер. рід),,2026-09-30 19:16:11.208603+00,B1,1650
f73be91a-d830-4d67-a169-a8de84bb0843,,word,ozljeda,травма,Іменник (жін. рід),,2026-09-30 19:05:19.501424+00,B1,861
f75a794e-4ecf-4998-a504-a7986f5f7619,,word,neovisan,незалежний,Прикметник,,2026-09-30 19:02:53.78951+00,B1,758
f75b913f-401b-40e7-a29f-948659415375,,word,recepcija,рецепція,Іменник (жін. рід),,2026-09-30 19:07:18.68248+00,A2,1070
f762d531-0ae5-44d6-b18d-147843465907,,word,sviđati se,подобатися,Зворотне дієслово,,2026-09-30 19:23:19.225661+00,A1,2083
f7684dea-8df4-4303-b33a-7c2419ff8235,,word,naprijed,вперед,Прислівник,,2026-09-30 18:54:20.802874+00,A1,441
f79c21a2-f8b6-4030-a665-13e357bef72b,,word,politika,політика,Іменник (жін. рід),,2026-09-30 18:55:51.229682+00,B1,561
f7d83145-5959-4f75-b295-e7c8bdb51304,,word,materijal,матеріал,Іменник (чол. рід),,2026-09-30 19:46:32.987066+00,A2,2939
f7d8589d-60f3-4881-97c2-d458173d1ac2,,word,sestra,сестра,Іменник,,2026-09-30 18:47:44.824275+00,A1,96
f7f32468-e0fe-47a3-8cd3-73657ac70855,,word,jednostavno,просто,Прислівник,,2026-09-30 19:43:27.289764+00,A2,2367
f7f41076-9f56-4116-8240-6c63609ad4c7,,word,smiriti se,заспокоїтися,Зворотне дієслово,,2026-09-30 19:43:27.289764+00,A2,2495
f81e5454-059b-48e3-b8db-5187724868dc,,word,administracija,адміністрація,Іменник (жін. рід),,2026-09-30 19:37:28.32227+00,B1,2415
f822014b-02f6-4fdd-9d00-926654bcc82f,,word,sjetiti se,згадати,Зворотне дієслово,,2026-09-30 19:23:19.225661+00,A2,1969
f82f3e18-9e34-4ca0-9900-baefddd905be,,word,ugled,репутація,Іменник (чол. рід),,2026-09-30 19:43:27.289764+00,B1,2406
f8364df6-6c60-41c7-a882-9b5fa97d3481,,word,razočarati,розчарувати,Дієслово,,2026-09-30 19:43:27.289764+00,B1,2604
f84bcdcb-8cb8-4c2e-a3e7-f524461a36eb,00000000-0000-0000-0000-000000000017,dialogue_line,DevOps: Provjerit ću CI/CD pipeline i resurse.,DevOps: Я перевірю CI/CD пайплайн та ресурси.,,,2026-09-30 13:49:13.68368+00,A1,100
f85cc7ee-6079-426e-90ca-23e48f70b17d,,word,spasitelj,рятівник,Іменник (чол. рід),,2026-09-30 19:11:45.674946+00,B1,1349
f86be3d4-083c-4dfa-a82e-34a8df851798,,word,kuhinja,кухня,Іменник (жін. рід),,2026-09-30 18:53:00.692622+00,A1,318
f87e9b2c-60d2-4f6e-bb66-23f7fb7aa8de,,word,urednik,редактор,Іменник (чол. рід),,2026-09-30 19:16:18.104507+00,B1,1894
f888a946-e8c9-49b7-bd24-c05b6237e99c,,word,omesti,завадити,Дієслово,,2026-09-30 19:43:27.289764+00,B1,2531
f88ae54f-86b1-4cf4-93e8-2dc7970947f6,,word,papir,папір,Іменник (чол. рід),,2026-09-30 18:53:00.692622+00,A2,346
f89c01d3-e3d3-4a82-848e-f1bfae4c481e,,word,izvršenje,виконання (вироку),Іменник (сер. рід),,2026-09-30 19:13:58.595598+00,B1,1626
f8ad864d-cb3f-489c-b6f2-34604536d40a,,word,režirati,режисерувати,Дієслово,,2026-09-30 19:23:19.225661+00,B1,2007
f8bf39ce-97e5-41ab-9a69-35ec5aee3da7,,word,energija,енергія,Іменник (жін. рід),,2026-09-30 19:46:32.987066+00,A2,2941
f8d4c2da-8f39-41f3-be78-3f623dc99fc0,,word,usluga,послуга,Іменник (жін. рід),,2026-09-30 19:16:18.104507+00,A2,1712
f8e04e4f-50ed-4a9f-a950-ffc9db006892,,word,osposobljen,кваліфікований,Прикметник,,2026-09-30 19:37:28.32227+00,B1,2330
f905b804-d616-4c75-b690-de74f22d717f,,word,obrt,ремесло,Іменник (чол. рід),,2026-09-30 19:16:18.104507+00,B1,1702
f926018a-2a02-4915-a5ae-7efebe3396b3,,word,čast,честь,Іменник (жін. рід),,2026-09-30 19:37:28.32227+00,B1,2404
f934401a-75ec-4ff1-af75-4ea5b367c4cb,,word,kapuljača,капюшон,Іменник (жін. рід),,2026-09-30 19:11:45.674946+00,B1,1474
f939e742-38a6-4be2-bd01-b193063d60fa,,word,blagajnik,касир,Іменник (чол. рід),,2026-09-30 19:09:45.971373+00,A2,1194
f952f032-68c6-43cd-85af-d5696869c770,,word,novac,гроші,Іменник (чол. рід),,2026-09-30 19:16:11.208603+00,A1,1678
f968625d-1f07-4705-a87a-380982007f3d,,word,pojedini,окремий,Прикметник,,2026-09-30 19:02:53.78951+00,B1,753
f96adc15-93b3-42ff-a0c3-61c1ad161a85,,word,riba,риба,Іменник (жін. рід),,2026-09-30 19:46:32.987066+00,A1,2985
f99ac1cf-8d16-4cbb-949d-362aabbbf63e,,word,insekt,комаха,Іменник (чол. рід),,2026-09-30 19:46:32.987066+00,B1,2986
f99f2511-52da-4a89-9c78-5da05df3c11b,,word,šalter,"віконце, каса (в установах)",Іменник (чол. рід),,2026-09-30 19:13:58.595598+00,A2,1565
f9a17c99-1264-4445-b6c2-e3ef0c1e4369,,word,paragraf,параграф,Іменник (чол. рід),,2026-09-30 19:13:58.595598+00,B1,1607
f9a2e1b5-e8e3-4593-9750-0c1bea85d91a,,word,selo,село,Іменник (сер. рід),,2026-09-30 18:53:00.692622+00,A2,336
f9a618fd-e95e-415e-97e5-58f9ff314583,9ff8ccfd-58f7-457d-9025-a5f1ee9d75df,phrase,Možete li mi pokazati na karti?,Можете показати мені на карті?,[Мо́жете лі мі пока́заті на ка́рті],,2026-09-30 11:18:03.517183+00,A1,100
f9aff818-b98d-4779-924a-699a87e3e256,,word,preporuka,рекомендація,Іменник (жін. рід),,2026-09-30 19:07:18.68248+00,A2,1076
f9bd55cf-cd42-4041-b09e-9ea962357a26,,word,kredit,кредит,Іменник (чол. рід),,2026-09-30 19:09:45.971373+00,A2,1188
f9c55981-b396-4efa-871a-3da7532ac922,,word,okoliš,довкілля,Іменник (чол. рід),,2026-09-30 19:05:19.501424+00,B1,873
f9f3fc4b-e065-4d5c-8842-61bacb03103d,,word,čovjek,людина,Іменник (чол. рід),,2026-09-30 19:46:32.987066+00,A1,2987
fa079efa-bd96-439d-b637-ca03a76fe2e5,,word,gubitak,збиток,Іменник (чол. рід),,2026-09-30 19:13:58.595598+00,A2,1667
fa119ad8-d9de-4de9-8034-8b7da199e386,,word,recepcija,рецепція,Іменник (жін. рід),,2026-09-30 19:46:32.987066+00,A2,2813
fa1bbff1-2eb6-456a-986f-91003a2df922,,word,struja,електрика,Іменник (жін. рід),,2026-09-30 19:46:32.987066+00,A2,2945
fa32dc67-1bc9-4959-8115-4563b5e201ab,,word,sportaš,спортсмен,Іменник (чол. рід),,2026-09-30 19:16:18.104507+00,A2,1900
fa3cf125-44ef-4b21-b984-de6f29b24282,,word,krov,дах,Іменник (чол. рід),,2026-09-30 19:11:45.674946+00,A2,1402
fa69b12b-cf95-4f67-8a93-41c8bb180994,,word,izbivati,бути відсутнім,Дієслово,,2026-09-30 19:43:27.289764+00,B1,2454
fa78261c-547a-4bf9-a17d-9f5f6955aa1e,,word,nadležnost,"компетенція, юрисдикція",Іменник (жін. рід),,2026-09-30 19:05:19.501424+00,B1,801
fa78c02f-d6eb-4037-8674-a2896f3e0dbe,,word,šećer,цукор,Іменник (чол. рід),,2026-09-30 18:51:44.601106+00,A2,240
fa799fe8-d5c9-4e85-9fa3-98bb19cc580c,,word,produženje,продовження,Іменник (сер. рід),,2026-09-30 19:16:11.208603+00,B1,1578
fa7eb61b-6053-47e9-bdca-f97cd0d3292f,,word,osloboditi,звільнити,Дієслово,,2026-09-30 19:43:27.289764+00,B1,2479
faa2a06b-27bc-4d07-8148-1360a23e5d38,,word,prostor,простір,Іменник (чол. рід),,2026-09-30 19:16:18.104507+00,A2,1743
faa49a02-e3f4-48e5-bb50-326b0709ef17,,word,apartman,апартаменти,Іменник (чол. рід),,2026-09-30 19:46:32.987066+00,A1,2810
faacaa48-c768-4738-a005-0e9fc0be37b6,,word,rat,війна,Іменник (чол. рід),,2026-09-30 19:37:28.32227+00,B1,2430
faaee41c-5586-40ad-8a9a-385cb8f904a8,,word,invalidnost,інвалідність,Іменник (жін. рід),,2026-09-30 19:16:11.208603+00,B1,1551
faaefad0-f62e-432f-bacb-e3cd2e5d8b82,,word,hotel,готель,Іменник (чол. рід),,2026-09-30 19:07:18.68248+00,A1,1066
facab889-fda0-4bf0-ae5f-f5d9dffa1c11,,word,zvuk,звук,Іменник (чол. рід),,2026-09-30 19:05:19.501424+00,A2,895
fae10a17-c594-4625-ac49-8ed7eb698f65,,word,težak,важкий,Якісний прикметник,,2026-09-30 19:34:28.835177+00,A1,2250
fb1b996e-78d3-4118-8318-09dff8a93b35,,word,štogod,що завгодно,Займенник,,2026-09-30 19:43:27.289764+00,B1,2357
fb21768c-3a6d-45bd-969b-0cabb2025275,,word,oslonac,опора,Іменник (чол. рід),,2026-09-30 19:34:28.835177+00,B1,2227
fb2a6346-ae4b-40c5-811c-78ba77cc8cfc,,word,odletjeti,відлетіти,Дієслово,,2026-09-30 19:43:27.289764+00,B1,2469
fb33e987-05e0-406d-a706-55f33a1b51a4,,word,vjetar,вітер,Іменник (чол. рід),,2026-09-30 19:46:32.987066+00,A2,2957
fb3abf9d-ebfa-4cb5-ba85-49f916d1e913,,word,opravdati,виправдати,Дієслово,,2026-09-30 19:43:27.289764+00,B1,2521
fb4e5538-7546-49a5-b99a-1bb01552480d,,word,amnestija,амністія,Іменник (жін. рід),,2026-09-30 19:13:58.595598+00,B1,1628
fb53fac0-6e9b-407f-a945-ace15ed25632,,word,često,часто,Прислівник,,2026-09-30 18:54:20.802874+00,A1,431
fb5b962c-d1df-4322-8cc9-783550c920cb,,word,osloboditi,звільнити,Дієслово,,2026-09-30 19:43:27.289764+00,B1,2673
fb856476-e4aa-4c68-8b7e-5ec8fc698e2a,,word,majka,мати,Іменник (жін. рід),,2026-09-30 19:09:45.971373+00,A1,1260
fb89a82e-740a-4b75-a405-fe476f28cd5f,,word,pedagogija,педагогіка,Іменник (жін. рід),,2026-09-30 19:16:18.104507+00,B1,1862
fbb91a88-a3d5-4cd9-900b-7f68823d5f35,,word,temperatura,температура,Іменник (жін. рід),,2026-09-30 19:34:28.835177+00,A2,2204
fbeac15f-7639-443b-95bb-cbdbb1d0e03d,,word,pjesnik,поет,Іменник (чол. рід),,2026-09-30 18:55:51.229682+00,B1,537
fc056f4b-f4c5-4de6-9d9c-0dc861175bc7,,word,pogoršati,погіршити,Дієслово,,2026-09-30 19:02:53.78951+00,B1,726
fc0e7431-ec40-4fbc-a31d-2cf5a0fc1731,,word,nestati,зникнути,Дієслово,,2026-09-30 19:37:28.32227+00,B1,2490
fc1885b3-04f0-4414-bf0c-c2e6f08b23d5,,word,tehnologija,технологія,Іменник (жін. рід),,2026-09-30 19:16:18.104507+00,A2,1751
fc266188-b38a-4e95-948a-a5ec1556372f,,word,doputovati,прибути,Дієслово,,2026-09-30 19:37:28.32227+00,B1,2457
fc2addf6-8ac1-44e3-975f-80a105fab900,,word,nepažljiv,неуважний,Якісний прикметник,,2026-09-30 19:37:28.32227+00,B1,2316
fc2b463b-a067-4634-8785-f5a6497fae57,,word,novčanik,гаманець,Іменник (чол. рід),,2026-09-30 19:46:32.987066+00,A2,2923
fc370cd4-01cf-42fd-a49d-327ad180d6cc,,word,taktika,тактика,Іменник (жін. рід),,2026-09-30 19:05:19.501424+00,B1,818
fc396990-998e-48dd-916c-0f603daaa638,,word,diplomata,дипломат,Іменник (чол. рід),,2026-09-30 19:11:45.674946+00,B1,1335
fc3e71d4-d7f9-4947-9d6b-624b04dfe2d6,,word,problem,проблема,Іменник (чол. рід),,2026-09-30 19:46:32.987066+00,A1,2823
fc432114-6d1e-47b0-a76c-efdcdfa55e08,,word,odšteta,компенсація,Іменник (жін. рід),,2026-09-30 19:16:11.208603+00,B1,1557
fc52b0d5-9d6b-48af-8306-71c731364575,,word,stabilnost,стабільність,Іменник (жін. рід),,2026-09-30 19:02:53.78951+00,B1,790
fc53bc93-af3f-4684-8959-9df41fd9ac42,,word,obrtnik,ремісник,Іменник (чол. рід),,2026-09-30 19:11:45.674946+00,B1,1306
fc54d1a6-e0de-4a41-a392-f6abe3e1b349,,word,braniti,захищати,Дієслово,,2026-09-30 19:43:27.289764+00,B1,2519
fc643cc7-e2da-4c4a-847c-02bf04612dcb,,word,ambulanta,амбулаторія,Іменник (жін. рід),,2026-09-30 19:13:58.595598+00,A2,1541
fc733239-2684-4f47-b190-740c077a1a66,,word,razdijeliti,розподілити,Дієслово,,2026-09-30 19:43:27.289764+00,B1,2548
fc759003-c579-4ba2-9bc7-365e8387fa9a,,word,carina,"мито, митниця",Іменник (жін. рід),,2026-09-30 19:16:11.208603+00,A2,1672
fc76c6b2-7e7a-4486-9398-457e7ba7837b,,word,uvjet,умова,Іменник (чол. рід),,2026-09-30 19:07:18.68248+00,A2,1084
fc83bb9c-ea33-4708-baa6-f527d50c6069,,word,kazniti,покарати,Дієслово,,2026-09-30 19:43:27.289764+00,B1,2665
fc97d064-8376-46eb-9e21-510d320ff1ef,bbe9211f-51f2-4654-a98f-528ffb57e9ad,word,voda,вода,[во́да],,2026-09-30 11:18:03.043652+00,A1,100
fcad016a-6a05-41c8-bdbd-0da2a240d9c8,,word,ključ,ключ,Іменник (чол. рід),,2026-09-30 19:46:32.987066+00,A1,2812
fcb6075c-7258-4ab5-b822-c7f1d9a830ae,,word,raspoloženje,настрій,Іменник (сер. рід),,2026-09-30 19:46:32.987066+00,B1,2771
fcd09089-814a-41e1-b0bb-0c0d3c6f8335,,word,nositi,носити,Дієслово дії,,2026-09-30 18:50:08.476847+00,A1,178
fcd8b828-2d14-481d-b347-cdd542ea8c03,,word,otprilike,приблизно,Прислівник,,2026-09-30 19:43:27.289764+00,A2,2362
fce1bfc5-1c7a-4881-b961-35c12d49fdbd,,word,odbiti,відштовхнути,Дієслово,,2026-09-30 19:43:27.289764+00,B1,2608
fcefe01f-129c-4a1a-aa72-8d81e088e447,,word,ispričati se,вибачитися,Зворотне дієслово,,2026-09-30 19:23:19.225661+00,A2,2023
fcf16fc3-3d15-4e45-9a11-9df2840dec15,,word,pobjednik,переможець,Іменник (чол. рід),,2026-09-30 19:09:45.971373+00,A2,1160
fd1ac8de-09f0-4bfc-a559-5ef1847db5bb,,word,pametan,розумний,Якісний прикметник,,2026-09-30 19:34:28.835177+00,A2,2293
fd23de57-28f4-4f7b-a636-5a69d93e18e5,,word,starost,старість,Іменник (жін. рід),,2026-09-30 19:16:11.208603+00,B1,1509
fd25d08a-0a34-4ba5-9c43-b9eb9a2c48f9,,word,ljekarnik,фармацевт,Іменник (чол. рід),,2026-09-30 19:13:58.595598+00,A2,1548
fd2edf83-7272-4298-95fe-cc1589138643,,word,trčati,бігти,Дієслово руху,,2026-09-30 18:50:08.476847+00,A1,183
fd37c16d-3e66-4093-ba15-5c2e48cac9e8,,word,sada,зараз,Прислівник часу,,2026-09-30 18:50:08.476847+00,A1,102
fd3af230-d2ac-40b7-bded-46e703381a67,,word,ravnatitelj,"директор, керівник",Іменник (чол. рід),,2026-09-30 19:09:45.971373+00,B1,1166
fd3b722f-b370-4184-afed-283b91640c89,,word,kazniti,покарати,Дієслово,,2026-09-30 19:43:27.289764+00,B1,2516
fd4149bd-5a9c-4100-afe1-21efa242884b,,word,masa,маса,Іменник (жін. рід),,2026-09-30 19:16:18.104507+00,B1,1820
fd4df448-bb3b-46a1-9cb9-8ff691beb2df,,word,štednja,заощадження,Іменник (жін. рід),,2026-09-30 19:09:45.971373+00,B1,1190
fd644630-b094-4c3d-8195-7b6ecc6c1283,,word,bankrot,банкрутство,Іменник (чол. рід),,2026-09-30 19:13:58.595598+00,B1,1695
fd66a746-bbbc-447d-a5a3-61307bb7b88c,,word,umrijeti,померти,Дієслово,,2026-09-30 19:43:27.289764+00,B1,2649
fd6dec9c-6a58-4c17-a8b0-b36e92662cb6,,word,sastanak,зустріч,Іменник (чол. рід),,2026-09-30 19:07:18.68248+00,A2,1089
fd71b1dd-57c0-4fda-99f6-85212a2aa7f3,00000000-0000-0000-0000-000000000009,phrase,Imate li hranu bez žitarica?,У вас є беззерновий корм?,,,2026-09-30 13:44:23.927236+00,A1,100
fd7e0214-886f-4bde-a1f9-e1430bb2a7ab,,word,prtljaga,багаж,Іменник (жін. рід),,2026-09-30 19:07:18.68248+00,A2,1059
fd82ec91-865c-4e12-a2f7-211683206277,,word,priručnik,довідник,Іменник (чол. рід),,2026-09-30 19:16:18.104507+00,B1,1799
fdb359b7-28a2-40e3-8d11-8f9d1b0288bc,,word,dostaviti,доставити,Дієслово,,2026-09-30 19:23:19.225661+00,B1,2093
fdb61787-768c-4e25-9586-94d1cbbd17d4,,word,povijest,історія,Іменник (жін. рід),,2026-09-30 19:07:18.68248+00,B1,1006
fdb82da9-5796-4a8a-86b3-38a91357aeab,,word,odmoran,відпочилий,Якісний прикметник,,2026-09-30 19:43:27.289764+00,B1,2329
fdc53d50-1bbc-4e77-ba29-dbd672adf97d,,word,putovati,подорожувати,Дієслово руху,,2026-09-30 18:50:08.476847+00,A2,172
fdcf2cf2-71b5-4737-a653-3678cec4b53d,,word,okolnost,обставина,Іменник (жін. рід),,2026-09-30 19:46:32.987066+00,B1,2825
fdfcddc3-c523-4300-9444-ed4deeabdd27,,word,strah,страх,Іменник (чол. рід),,2026-09-30 19:07:18.68248+00,A2,1034
fe21cbc8-f61f-4b2a-83e2-87b73be13874,,word,zabava,"розвага, вечірка",Іменник (жін. рід),,2026-09-30 19:07:18.68248+00,A2,1043
fe38ce1b-8c46-42c8-a8ca-8a1858d9d330,,word,neodlučan,нерішучий,Якісний прикметник,,2026-09-30 19:37:28.32227+00,B1,2323
fe4637fc-2b3b-48d2-9aa9-2ac9acc0f453,,word,govor,"мовлення, виступ",Іменник (чол. рід),,2026-09-30 18:57:19.23543+00,A2,683
fe49e4f7-6377-42b0-803b-f916b965fa07,,word,pokraj,"біля, поруч",Прийменик,,2026-09-30 18:54:20.802874+00,A2,451
fe5362c6-e0d4-4e8c-8038-92e5360dfe7f,,word,oni,вони,Особовий займенник (3 ос. мн.),,2026-09-30 18:47:44.824275+00,A1,22
fe67b440-ab78-4334-870a-24d31366336e,,word,odredba,постанова,Іменник (жін. рід),,2026-09-30 19:37:28.32227+00,B1,2419
fe6bdf45-3f8a-43ff-af93-51e774fdcee8,,word,prijetnja,загроза,Іменник (жін. рід),,2026-09-30 19:13:58.595598+00,B1,1633
fe6cdc9f-a3a6-49fa-88ca-cea720df0101,,word,klasičan,класичний,Якісний прикметник,,2026-09-30 18:57:19.23543+00,A2,623
fe7b1aab-ba42-456d-9f36-72161fb58752,,word,zabava,"вечірка, розвага",Іменник (жін. рід),,2026-09-30 18:53:00.692622+00,A2,364
fe8cb955-5f2f-4643-92b3-dc4c7ed962f6,,word,invalidnost,інвалідність,Іменник (жін. рід),,2026-09-30 19:13:58.595598+00,B1,1551
fe945ab1-4f84-4cfa-96e2-85348c72bce9,,word,posvuda,усюди,Прислівник,,2026-09-30 19:37:28.32227+00,B1,2398
febd63e4-426c-44be-9bc7-2f2788c6b0a0,,word,osmijeh,усмішка,Іменник (чол. рід),,2026-09-30 18:57:19.23543+00,A2,685
febf5b5c-beaf-4270-8eae-2042fb4f90a7,,word,investirati,інвестувати,Дієслово,,2026-09-30 19:43:27.289764+00,B1,2510
fec6f575-7385-4bc1-a882-7fe9666f7690,,word,učinak,"ефект, результат",Іменник (чол. рід),,2026-09-30 19:16:18.104507+00,B1,1710
fecb5739-9142-4cdd-832a-6af289d7f37a,,word,suradnik,співробітник,Іменник (чол. рід),,2026-09-30 19:11:45.674946+00,B1,1315
fed2851a-f3d2-4815-9dc1-6006cecc715b,,word,istovjetnost,ідентичність,Іменник (жін. рід),,2026-09-30 19:34:28.835177+00,B1,2136
feda21d9-5863-4846-8b5d-259ec3604fb9,,word,spasiti,врятувати,Дієслово,,2026-09-30 19:43:27.289764+00,A2,2477
fef93f2d-2637-4b62-8fd5-7bccf11ef793,,word,poboljšati,покращити,Дієслово,,2026-09-30 19:02:53.78951+00,B1,725
fefc2261-2a34-46ad-8fef-80acc0fafdf6,,word,novčanica,банкнота,Іменник (жін. рід),,2026-09-30 19:16:11.208603+00,A2,1679
ff21f079-c506-45b6-8e20-fb23d8923ff4,,word,rješenje problema,вирішення проблеми,Вираз,,2026-09-30 19:07:18.68248+00,A2,1081
ff359cb4-7b74-4ea2-8d47-bf2ce67a7ca2,,word,koristan,корисний,Якісний прикметник,,2026-09-30 18:57:19.23543+00,A2,610
ff3f464e-03ba-4741-ad2b-ec79dae09d94,,word,vojska,армія,Іменник (жін. рід),,2026-09-30 19:09:45.971373+00,B1,1297
ff5c95f5-b4b5-4a3d-b455-9a0f6ab00209,,word,valuta,валюта,Іменник (жін. рід),,2026-09-30 19:46:32.987066+00,A2,2927
ff6bad5c-de81-4e00-9e53-a3f73b13547c,,word,činjenica,факт,Іменник (жін. рід),,2026-09-30 19:43:27.289764+00,B1,2712
ff74f6b5-2b88-4377-b6da-e7cb240de5f5,,word,nizina,низовина,Іменник (жін. рід),,2026-09-30 19:34:28.835177+00,B1,2182
ff757565-bbd4-47cd-82dd-b0ed06de7ee7,,word,treći,третій,Порядковий числівник,,2026-09-30 18:51:44.601106+00,A1,280
ff8278b7-ca88-4101-8026-365746905ce1,,word,sunce,сонце,Іменник (сер. рід),,2026-09-30 18:51:44.601106+00,A1,216
ff96e51b-e677-493a-a6c4-9c18c5a298a6,,word,medicina,медицина,Іменник (жін. рід),,2026-09-30 19:16:18.104507+00,A1,1857
ff9e41ad-6c18-4576-a39b-119db7364b2a,,word,istraživač,дослідник,Іменник (чол. рід),,2026-09-30 19:16:18.104507+00,B1,1802
ffb71a46-42ae-4369-b9f3-fc6119861641,,word,tuš,душ,Іменник (чол. рід),,2026-09-30 19:11:45.674946+00,A1,1453
ffbd7d73-9495-408d-8360-6e471a0290ea,,word,račun,рахунок,Іменник (чол. рід),,2026-09-30 19:05:19.501424+00,A1,830
ffe79442-8f82-48d1-9210-af86b1c2574f,,word,spriječiti,запобігти,Дієслово,,2026-09-30 19:43:27.289764+00,B1,2532
ffee8b9c-bfff-4a2e-b65e-7bd7f76c62da,cdbe8d84-ac8f-4a14-850b-f3d49dab1e9a,phrase,Radim od kuće.,Я працюю з дому.,[Ра́дім од ку́че],,2026-09-30 11:18:03.738799+00,A1,100
fffe68e4-769c-4d8e-9a0e-faac5d57de50,,word,sigurnost,безпека,Іменник (жін. рід),,2026-09-30 19:34:28.835177+00,A2,2222